# Blender 4.0.2
# www.blender.org
mtllib Sheep-bl.mtl
o Sheep
v -0.046325 0.980627 0.683121
v -0.046325 0.980627 0.683121
v -0.046325 0.980627 0.683121
v -0.046325 0.980627 0.683121
v 0.195250 1.063232 0.667231
v 0.195250 1.063232 0.667231
v -0.049304 2.621300 1.005617
v 0.313673 2.408809 0.915490
v -0.049567 2.588354 -0.608232
v 0.355542 2.381891 -0.589969
v -0.046732 1.099125 -0.464156
v -0.046732 1.099125 -0.464156
v -0.046732 1.099125 -0.464156
v -0.046732 1.099125 -0.464156
v 0.054312 1.099831 -0.465237
v 0.054312 1.099831 -0.465237
v -0.049137 2.303499 -1.137061
v 0.299495 2.130592 -1.113207
v 0.037771 1.403184 -1.274373
v 0.037771 1.403184 -1.274373
v -0.047576 1.433251 -1.248008
v -0.047576 1.433251 -1.248008
v -0.047576 1.433251 -1.248008
v -0.047576 1.433251 -1.248008
v -0.046038 0.966660 1.395314
v -0.046377 0.966674 1.395305
v -0.046209 0.968669 1.394990
v -0.046209 0.968669 1.394990
v 0.096512 0.985436 1.376024
v 0.096512 0.985436 1.376024
v 0.399268 1.820650 1.678722
v -0.047455 1.742003 1.960458
v -0.047455 1.742003 1.960458
v -0.099738 2.704263 1.296669
v 0.284758 2.522650 1.414849
v 0.205205 2.335639 1.886897
v 0.451963 1.213432 -0.614434
v 0.401903 1.435582 -1.226929
v 0.431730 1.323867 0.711080
v 0.491475 2.104098 1.015018
v 0.454131 1.923949 1.460812
v 0.480010 1.284213 1.334621
v 0.146859 0.004521 1.085147
v 0.188102 0.002890 1.149292
v 0.188102 0.002890 1.149292
v 0.332786 0.004609 1.085113
v 0.283669 0.005475 1.169527
v 0.217200 0.163405 -1.088638
v 0.247382 0.139301 -1.181673
v 0.324507 0.139862 -1.181723
v 0.003246 3.112174 1.774674
v 0.207542 2.920063 1.754680
v 0.017169 3.010923 2.072742
v -0.048587 2.359184 2.246427
v -0.048642 2.359190 2.246188
v 0.063890 2.441373 2.292383
v 0.063427 2.644438 2.306568
v -0.048722 2.363366 2.468196
v -0.048436 2.363428 2.468243
v 0.014194 2.369201 2.423697
v -0.007543 2.536521 2.492359
v -0.002042 2.531252 2.487252
v -0.059007 2.535141 2.510023
v -0.046300 0.936830 0.183899
v -0.046300 0.936830 0.183899
v 0.446739 1.113656 0.202058
v 0.357183 2.295548 0.282134
v -0.049288 2.539248 0.317936
v 0.359183 0.767497 1.113381
v 0.341480 0.786565 0.793470
v 0.144301 0.760917 0.803104
v 0.158463 0.763902 1.110899
v 0.300745 0.517883 0.992870
v 0.295859 0.613407 0.876202
v 0.203176 0.565383 0.886225
v 0.202451 0.519595 0.993092
v 0.288270 0.296211 0.995896
v 0.283973 0.278206 0.919237
v 0.212798 0.405159 0.906832
v 0.211490 0.295505 0.995996
v 0.348074 0.900884 -0.876396
v 0.325186 1.091630 -1.193422
v 0.118470 1.076678 -1.197882
v 0.105622 0.913824 -0.830475
v 0.342106 0.269288 -1.137585
v 0.302766 0.273561 -1.269953
v 0.229581 0.280340 -1.270387
v 0.230444 0.331625 -1.131498
v 0.339082 0.534617 -1.120075
v 0.309086 0.579494 -1.222517
v 0.213688 0.588785 -1.221768
v 0.198050 0.608856 -1.128176
v 0.385385 2.298994 0.753344
v -0.046625 1.044667 -0.359760
v -0.046580 1.044783 -0.360065
v 0.298194 1.167702 -0.338520
v 0.357357 2.391321 -0.246319
v -0.049519 2.601150 -0.248974
v -0.046590 1.262320 1.716547
v -0.046590 1.262320 1.716547
v 0.301468 1.349268 1.524667
v 0.478100 1.543423 1.381821
v 0.518864 1.668586 0.740620
v 0.598875 1.705763 0.247631
v 0.520961 1.744297 -0.238976
v 0.540407 1.735900 -0.513201
v 0.370493 1.981731 -1.125393
v 0.167303 1.586773 -1.279688
v -0.048011 1.630462 -1.277492
v -0.047986 1.630477 -1.277491
v 0.058215 1.164861 -1.221817
v 0.058215 1.164861 -1.221817
v 0.070241 1.030462 -0.662592
v 0.368567 0.992046 -0.742911
v 0.180790 0.013458 -0.980989
v 0.220786 0.008575 -1.151092
v 0.342467 0.003460 -1.151117
v 0.382655 0.004820 -0.980707
v 0.014142 2.758316 1.384053
v 0.249071 2.798463 1.648381
v 0.203756 2.590683 1.943142
v 0.097571 2.508180 2.245985
v 0.024538 2.408481 2.391257
v -0.048633 2.393533 2.471481
v -0.048633 2.393533 2.471481
v -0.105729 3.059724 1.663774
v 0.238763 2.866120 1.729064
v 0.192107 2.758893 2.013361
v 0.034169 2.458025 2.460964
v 0.034776 2.457421 2.461332
v -0.048761 2.457784 2.524218
v 0.197465 1.751670 1.905849
v 0.122775 2.242902 2.009837
v -0.013962 2.363532 2.457979
v -0.010814 2.396096 2.470466
v -0.002645 2.770139 2.245351
v 0.087117 2.994246 2.068201
v 0.088796 3.081133 1.783193
v 0.064991 2.982276 1.619619
v 0.066693 2.901563 1.532400
v 0.085042 2.674095 1.308985
v 0.096478 2.620030 1.143628
v 0.159904 2.931965 1.962766
v 0.201790 2.752224 1.870000
v 0.201365 2.841490 1.800061
v 0.185612 2.809417 1.837434
v 0.187117 2.808107 1.841728
v 0.199921 2.916580 1.845346
v 0.190610 2.897290 1.899787
v 0.424456 2.861939 1.714738
v 0.424616 2.862947 1.717538
v 0.408362 2.909304 1.768016
v 0.426391 2.902850 1.777925
v 0.265142 2.877176 1.903641
v 0.269356 2.916437 1.846738
v 0.204393 2.796199 1.789011
v 0.254371 2.770930 1.780355
v 0.293379 2.653774 1.827923
v 0.338573 2.436256 1.757347
v 0.334358 2.232006 1.564372
v 0.412347 0.941064 1.214053
v 0.371568 1.006256 0.749528
v 0.123971 0.962239 0.751626
v 0.169552 0.960263 1.237869
v 0.325644 0.692681 1.038904
v 0.318268 0.719704 0.827181
v 0.175840 0.687117 0.848967
v 0.176845 0.688755 1.037699
v -0.041429 2.577528 2.477102
v -0.013032 2.596544 2.449346
v 0.070503 2.511232 2.316077
v 0.037787 2.428054 2.353722
v 0.017695 2.367150 2.295531
v -0.049424 2.807781 2.212939
v -0.001815 2.818172 2.198729
v 0.043278 2.797597 2.192183
v 0.121250 2.621978 2.152659
v 0.140853 2.593067 2.094936
v 0.125764 2.477381 2.128778
v 0.052610 2.370672 2.103875
v 0.190852 2.813703 2.037184
v 0.160299 2.879963 2.033289
v 0.104342 2.789128 2.145904
v 0.167185 2.843642 2.103218
v 0.186445 2.798157 2.070368
v 0.119865 2.720518 2.145015
v 0.126319 2.791073 2.104926
v 0.157077 2.815406 2.097315
v 0.130730 2.768266 2.099989
v 0.174791 2.794743 2.081165
v 0.025955 2.425335 2.462702
v 0.025441 2.425270 2.462423
v 0.001014 2.415871 2.493021
v -0.003890 2.417263 2.492512
v -0.048712 2.417236 2.500314
v -0.048676 2.419671 2.499733
v -0.048633 2.417235 2.500315
v -0.015446 2.412687 2.376650
v -0.048698 2.411590 2.378980
v -0.048670 2.411585 2.378944
v -0.048661 2.401768 2.364139
v -0.048679 2.401773 2.364136
v -0.025764 2.402894 2.364443
v 0.034352 2.413006 2.368572
v 0.034189 2.428573 2.374854
v 0.101999 2.882933 2.133560
v 0.071370 2.948828 2.117557
v -0.071905 2.891240 2.160343
v 0.158363 2.770448 2.090628
v 0.149765 2.789105 2.103681
v 0.184425 2.839430 1.879282
v 0.270095 2.859208 1.891334
v 0.425320 2.891671 1.777071
v 0.263653 2.811631 1.793734
v 0.189661 2.837023 1.836904
v 0.187567 2.864159 1.861301
v 0.275431 2.871884 1.865755
v 0.200434 2.863305 1.845507
v 0.311661 2.857802 1.802613
v 0.171505 2.568629 1.986580
v 0.146471 2.460815 1.970758
v 0.087362 2.344187 2.043448
v -0.048550 2.336296 2.068542
v -0.048665 2.336296 2.068523
v 0.006162 2.579657 2.458796
v 0.052338 2.534412 2.425970
v 0.065715 2.487211 2.400579
v 0.047671 2.432580 2.422317
v 0.013999 2.412591 2.454758
v -0.020087 2.507925 2.509056
v 0.019527 2.503271 2.467422
v 0.018795 2.500571 2.465959
v 0.006443 2.473412 2.506004
v -0.027096 2.479447 2.501508
v -0.001016 2.512827 2.483346
v 0.172569 2.717477 2.062561
v 0.000920 2.357966 2.422968
v -0.048487 2.349660 2.433189
v -0.048633 2.349660 2.433160
v -0.048627 2.403672 2.433072
v -0.048693 2.403668 2.433151
v 0.088042 2.235439 -1.163021
v 0.081167 1.827506 -1.236640
v -0.048533 1.977682 -1.199655
v -0.048533 1.977632 -1.199672
v 0.052792 2.026566 -1.189461
v -0.048475 1.928713 -1.350315
v 0.036747 1.921665 -1.329364
v 0.046597 1.944922 -1.242457
v -0.081143 1.526363 -1.422361
v -0.005131 1.525737 -1.416427
v 0.015503 1.557692 -1.326146
v -0.047689 1.508992 -1.321925
v -0.047669 1.508998 -1.321922
v 0.292803 0.137823 1.081819
v 0.297415 0.125395 0.972821
v 0.182962 0.125309 0.972877
v 0.187378 0.123512 1.096277
v 0.283594 0.069733 1.145271
v 0.304647 0.090660 0.992986
v 0.174374 0.089524 0.993156
v 0.195830 0.069687 1.145288
v 0.370297 0.098833 -1.024317
v 0.329228 0.081258 -1.182919
v 0.238660 0.085192 -1.182932
v 0.196627 0.095584 -1.018486
v 0.314258 0.832516 -1.208938
v 0.214207 0.860903 -1.240932
v 0.165427 0.832760 -1.034398
v 0.348458 0.829179 -1.025821
v 0.292929 0.215620 0.919533
v 0.201213 0.215561 0.919575
v 0.201319 0.188845 1.048463
v 0.132875 2.856652 2.110111
v 0.285745 2.119907 1.776754
v 0.153705 2.086947 1.942536
v -0.048162 2.092382 1.995535
v -0.048126 2.092417 1.995554
v -0.048132 1.754229 -1.277288
v -0.048132 1.754229 -1.277288
v 0.030637 1.752319 -1.292610
v 0.023782 1.672505 -1.395981
v -0.012439 1.787428 -1.392231
v -0.047181 1.303351 -0.855704
v -0.047181 1.303351 -0.855704
v -0.002918 1.283896 -0.868969
v 0.005380 1.101637 -0.968716
v 0.086091 0.977711 -1.044240
v 0.156711 0.825927 -1.133660
v 0.195447 0.553694 -1.187698
v 0.215815 0.267706 -1.217074
v 0.189834 0.092577 -1.118145
v 0.166906 0.011430 -1.025812
v 0.396427 0.001765 -1.025833
v 0.378013 0.088950 -1.119506
v 0.330779 0.338106 -1.215313
v 0.334639 0.675801 -1.174351
v 0.371013 0.938718 -1.084520
v 0.404071 1.033285 -0.996617
v 0.538624 1.398095 -0.910671
v 0.536655 1.783180 -0.841066
v 0.307431 2.246179 -0.970997
v -0.049403 2.471586 -0.890806
v 0.092360 3.036380 1.924394
v 0.006877 3.061858 1.921443
v 0.154116 1.273988 1.664789
v 0.457031 2.256568 1.266438
v 0.539689 2.038896 1.186944
v 0.606471 1.611467 1.107435
v 0.603736 1.426277 1.070064
v 0.522215 1.104175 1.013316
v 0.416327 0.815864 0.958019
v 0.351207 0.689366 0.943162
v 0.275320 1.128279 -0.480511
v 0.275320 1.128279 -0.480511
v 0.231900 1.027629 -0.606573
v 0.231900 1.027629 -0.606573
v 0.231598 0.891755 -0.780639
v 0.231598 0.891755 -0.780639
v 0.248895 0.806547 -0.980329
v 0.248895 0.806547 -0.980329
v 0.278349 0.508594 -1.088942
v 0.270599 0.614700 -1.065973
v 0.288112 0.328017 -1.106490
v 0.288112 0.328017 -1.106490
v 0.293326 0.155640 -1.052400
v 0.292699 0.148899 -1.046256
v 0.285415 0.098491 -1.037702
v 0.285415 0.098491 -1.037702
v 0.281560 0.004478 -1.003445
v 0.281560 0.004478 -1.003445
v 0.353852 0.168351 -1.156317
v 0.349697 0.170126 -1.096066
v 0.293350 0.168944 -1.059106
v 0.210227 0.155365 -1.143657
v 0.240302 0.169700 -1.201730
v 0.309082 0.193917 -1.228006
v 0.287801 0.279265 -1.284562
v 0.247691 0.281414 -1.285191
v 0.248809 0.193770 -1.227135
v 0.303925 0.978048 -1.236711
v 0.163716 1.016465 -1.231076
v 0.278184 0.190826 0.893365
v 0.210187 0.191525 0.891378
v 0.313591 1.431437 -1.280073
v 0.212720 1.176374 -1.254216
v 0.212720 1.176374 -1.254216
v 0.219585 1.090260 -1.244755
v 0.219146 1.090249 -1.242174
v 0.230247 1.021372 -1.276462
v 0.229931 1.021019 -1.275583
v 0.246412 0.860634 -1.253870
v 0.246412 0.860634 -1.253870
v 0.260318 0.622138 -1.249187
v 0.259819 0.650736 -1.247422
v 0.264376 0.302115 -1.276592
v 0.263607 0.348855 -1.263645
v 0.265753 0.289215 -1.284958
v 0.266975 0.280864 -1.286432
v 0.276060 0.199026 -1.233375
v 0.275765 0.200537 -1.235247
v 0.285324 0.143323 -1.185257
v 0.285362 0.142467 -1.185370
v 0.284569 0.096290 -1.186662
v 0.284568 0.096359 -1.186643
v 0.281573 0.002570 -1.155499
v 0.281373 0.001813 -1.156464
v 0.390051 0.004097 -1.078763
v 0.173406 0.013227 -1.078770
v 0.281586 0.009414 -0.994088
v 0.281947 0.009438 -0.994107
v 0.309516 0.006637 0.999548
v 0.170088 0.006572 0.999573
v 0.195723 0.006664 1.169463
v -0.046115 0.942159 1.216720
v -0.046310 0.978888 0.882756
v 0.100192 0.988524 1.009984
v 0.085943 0.952025 0.981509
v 0.102555 0.751908 0.955639
v 0.143720 0.684083 0.945374
v 0.177703 0.549526 0.971804
v 0.194523 0.358115 0.937885
v 0.321229 0.550881 0.973687
v 0.302882 0.362656 0.934819
v -0.288195 1.063008 0.667318
v -0.288195 1.063008 0.667318
v -0.411517 2.408478 0.915628
v -0.453894 2.381513 -0.589812
v -0.147773 1.099737 -0.465199
v -0.147773 1.099737 -0.465199
v -0.397108 2.130274 -1.113079
v -0.132724 1.403104 -1.274337
v -0.132724 1.403104 -1.274337
v -0.188747 0.985282 1.376094
v -0.188747 0.985282 1.376094
v -0.494589 1.820239 1.678888
v -0.382829 2.522344 1.414973
v -0.302449 2.335405 1.886991
v -0.545898 1.212958 -0.614271
v -0.496932 1.435151 -1.226753
v -0.525569 1.323357 0.711307
v -0.588139 2.103589 1.015257
v -0.549930 1.923486 1.460998
v -0.573448 1.283537 1.334848
v -0.235576 0.004367 1.085191
v -0.283373 0.005282 1.169628
v -0.421515 0.004282 1.085227
v -0.373686 0.005241 1.169645
v -0.307387 0.163244 -1.088559
v -0.337518 0.139141 -1.181599
v -0.414640 0.139660 -1.181631
v -0.306972 2.919829 1.754777
v -0.161402 2.441270 2.292425
v -0.161662 2.644348 2.306602
v -0.111390 2.369144 2.423719
v -0.089779 2.535632 2.490571
v -0.090640 2.536264 2.492127
v -0.539996 1.113200 0.202244
v -0.454856 2.295178 0.282284
v -0.450772 0.766997 1.113610
v -0.433263 0.786044 0.793673
v -0.235983 0.760612 0.803222
v -0.250039 0.763609 1.111088
v -0.391440 0.517580 0.993007
v -0.386956 0.613007 0.876353
v -0.294091 0.565129 0.886327
v -0.293147 0.519406 0.993195
v -0.378127 0.295900 0.996022
v -0.373793 0.277903 0.919360
v -0.303102 0.404924 0.906931
v -0.301345 0.295278 0.996091
v -0.441001 0.900478 -0.876388
v -0.418968 1.091335 -1.193287
v -0.212184 1.076530 -1.197816
v -0.198567 0.913687 -0.830417
v -0.432827 0.268623 -1.137397
v -0.393551 0.273288 -1.269828
v -0.320382 0.280194 -1.270281
v -0.321466 0.331423 -1.131380
v -0.430929 0.534726 -1.119821
v -0.401166 0.579868 -1.222264
v -0.305818 0.588108 -1.221694
v -0.290152 0.608672 -1.128054
v -0.482882 2.298596 0.753505
v -0.391854 1.167379 -0.338391
v -0.455603 2.390949 -0.246169
v -0.395072 1.348957 1.524801
v -0.572493 1.542941 1.382017
v -0.613989 1.668038 0.740854
v -0.694341 1.705165 0.247878
v -0.616756 1.743757 -0.238764
v -0.636269 1.735326 -0.512973
v -0.467563 1.981337 -1.125218
v -0.262957 1.586546 -1.279601
v -0.152211 1.164759 -1.221774
v -0.152211 1.164759 -1.221774
v -0.163528 1.030321 -0.662594
v -0.461758 0.991733 -0.742728
v -0.270447 0.013300 -0.980873
v -0.310470 0.008429 -1.151024
v -0.432132 0.003246 -1.151018
v -0.472272 0.004558 -0.980563
v -0.348075 2.798206 1.648490
v -0.301928 2.590472 1.943228
v -0.195344 2.508061 2.246036
v -0.121888 2.408411 2.391300
v -0.337995 2.865884 1.729171
v -0.290858 2.758690 2.013438
v -0.131676 2.457952 2.460994
v -0.132281 2.457344 2.461362
v -0.292435 1.751446 1.905940
v -0.219644 2.242736 2.009904
v -0.083193 2.363500 2.457994
v -0.086462 2.396062 2.470479
v -0.096072 2.770086 2.245368
v -0.177034 2.999830 2.070669
v -0.188822 3.081006 1.783246
v -0.164710 2.982171 1.619661
v -0.166144 2.901459 1.532445
v -0.183726 2.673972 1.309035
v -0.195025 2.619898 1.143686
v -0.259299 2.931787 1.962832
v -0.300563 2.752012 1.870085
v -0.300480 2.841275 1.800155
v -0.285655 2.810264 1.826913
v -0.299302 2.916354 1.845455
v -0.289893 2.897080 1.899885
v -0.523383 2.861498 1.714939
v -0.523545 2.862506 1.717729
v -0.507533 2.908940 1.768068
v -0.525454 2.902426 1.778077
v -0.364357 2.876898 1.903669
v -0.368733 2.916162 1.846764
v -0.303586 2.795950 1.788928
v -0.353222 2.770648 1.780487
v -0.391799 2.653471 1.828092
v -0.436203 2.435906 1.757488
v -0.431276 2.231656 1.564511
v -0.504512 0.940359 1.214255
v -0.464196 1.005715 0.749761
v -0.216448 0.961898 0.751758
v -0.261854 0.959918 1.238026
v -0.416982 0.692245 1.039088
v -0.409790 0.719240 0.827357
v -0.267224 0.686814 0.849079
v -0.268149 0.688487 1.037842
v -0.103554 2.576995 2.459382
v -0.168261 2.511142 2.316112
v -0.135227 2.427970 2.353752
v -0.114934 2.367090 2.295557
v -0.097083 2.818120 2.198749
v -0.142101 2.797509 2.192218
v -0.219459 2.621830 2.152734
v -0.238988 2.592902 2.095005
v -0.223474 2.477237 2.128848
v -0.149940 2.370579 2.103911
v -0.289788 2.813508 2.037263
v -0.259479 2.879780 2.033361
v -0.203150 2.788996 2.145959
v -0.266203 2.843459 2.103291
v -0.285314 2.797970 2.070451
v -0.218432 2.720374 2.145075
v -0.225154 2.790919 2.104985
v -0.256000 2.815230 2.097383
v -0.229485 2.768116 2.100049
v -0.273644 2.794564 2.081241
v -0.123343 2.425264 2.462729
v -0.122829 2.425201 2.462451
v -0.098341 2.415821 2.493048
v -0.093453 2.417229 2.492528
v -0.081922 2.412654 2.376661
v -0.071587 2.402873 2.364452
v -0.131728 2.412927 2.368604
v -0.131623 2.428497 2.374885
v -0.201150 2.882804 2.133612
v -0.160150 2.963041 2.113463
v -0.257129 2.770272 2.090694
v -0.248590 2.788938 2.103748
v -0.283511 2.839230 1.879360
v -0.369239 2.858931 1.891374
v -0.524341 2.891243 1.777226
v -0.362600 2.811368 1.793861
v -0.288753 2.836814 1.836987
v -0.286745 2.863952 1.861388
v -0.374604 2.871626 1.865782
v -0.299616 2.863084 1.845595
v -0.410801 2.857554 1.802689
v -0.269594 2.568459 1.986655
v -0.244174 2.460644 1.970825
v -0.184613 2.344061 2.043498
v -0.150137 2.534329 2.426004
v -0.163355 2.487123 2.400617
v -0.145104 2.432495 2.422350
v -0.111338 2.412532 2.454785
v -0.073580 2.503745 2.512837
v -0.117196 2.503209 2.467446
v -0.116455 2.500514 2.465982
v -0.103987 2.473365 2.506022
v -0.070475 2.479426 2.501515
v -0.096685 2.512784 2.483360
v -0.271157 2.717294 2.062633
v -0.098071 2.357920 2.422988
v -0.186071 2.235313 -1.162970
v -0.177626 1.827434 -1.236580
v -0.150044 2.026469 -1.189425
v -0.133662 1.921587 -1.329333
v -0.143565 1.944836 -1.242421
v -0.105915 1.554254 -1.400263
v -0.111049 1.557649 -1.326120
v -0.381934 0.138913 1.080984
v -0.386638 0.125082 0.972948
v -0.272185 0.125102 0.972962
v -0.276544 0.123300 1.096363
v -0.373844 0.069464 1.145370
v -0.393731 0.090333 0.993116
v -0.263454 0.089333 0.993237
v -0.283466 0.069503 1.145354
v -0.460256 0.098575 -1.024194
v -0.419165 0.081054 -1.182825
v -0.328612 0.085033 -1.182859
v -0.286583 0.095503 -1.018448
v -0.407166 0.832260 -1.208796
v -0.307214 0.860713 -1.240829
v -0.258192 0.832607 -1.034383
v -0.441278 0.828856 -1.025641
v -0.382513 0.215312 0.919658
v -0.290797 0.215337 0.919667
v -0.290752 0.188627 1.048551
v -0.231938 2.856497 2.110174
v -0.382172 2.119581 1.776886
v -0.249979 2.086724 1.942615
v -0.126900 1.752247 -1.292581
v -0.119786 1.672450 -1.395953
v -0.091404 1.283845 -0.868911
v -0.099056 1.101512 -0.968761
v -0.178916 0.978304 -1.043957
v -0.249555 0.825844 -1.133557
v -0.287421 0.553121 -1.187632
v -0.306576 0.267520 -1.216953
v -0.279793 0.092445 -1.118084
v -0.256565 0.011314 -1.025761
v -0.486051 0.001523 -1.025720
v -0.467961 0.088713 -1.119397
v -0.421893 0.337553 -1.215156
v -0.427000 0.675075 -1.174201
v -0.464231 0.938506 -1.084330
v -0.497523 1.032880 -0.996484
v -0.633373 1.397538 -0.910467
v -0.632833 1.782602 -0.840835
v -0.405445 2.245844 -0.970824
v -0.192160 3.036249 1.924446
v -0.247376 1.273796 1.664865
v -0.554166 2.256095 1.266625
v -0.636031 2.038355 1.187162
v -0.701233 1.610826 1.107690
v -0.697815 1.425583 1.070354
v -0.615084 1.103469 1.013564
v -0.508165 0.815292 0.958254
v -0.442567 0.688880 0.943345
v -0.368886 1.127976 -0.480394
v -0.368886 1.127976 -0.480394
v -0.325155 1.027372 -0.606477
v -0.325155 1.027372 -0.606477
v -0.324452 0.891508 -0.780542
v -0.324452 0.891508 -0.780542
v -0.341607 0.806305 -0.980196
v -0.341607 0.806305 -0.980196
v -0.362692 0.614447 -1.065817
v -0.370017 0.509141 -1.088622
v -0.379104 0.327771 -1.106346
v -0.379104 0.327771 -1.106346
v -0.383475 0.155408 -1.052307
v -0.382827 0.148713 -1.046172
v -0.375370 0.098311 -1.037620
v -0.375370 0.098311 -1.037620
v -0.371186 0.004299 -1.003365
v -0.371186 0.004299 -1.003365
v -0.444051 0.168256 -1.156270
v -0.439906 0.169940 -1.095987
v -0.383549 0.168811 -1.059033
v -0.300393 0.155193 -1.143556
v -0.330577 0.169599 -1.201706
v -0.399497 0.193692 -1.227889
v -0.378603 0.279039 -1.284441
v -0.338502 0.281226 -1.285084
v -0.339242 0.193583 -1.227038
v -0.397364 0.977793 -1.236460
v -0.256840 1.016613 -1.230658
v -0.367687 0.190534 0.893484
v -0.299696 0.191291 0.891472
v -0.408632 1.431088 -1.279926
v -0.306825 1.176140 -1.254112
v -0.306825 1.176140 -1.254112
v -0.312936 1.090015 -1.242071
v -0.313374 1.090036 -1.244645
v -0.323818 1.020565 -1.276410
v -0.323495 1.020780 -1.275476
v -0.339421 0.860390 -1.253747
v -0.339421 0.860390 -1.253747
v -0.352525 0.621895 -1.249038
v -0.352117 0.651024 -1.247267
v -0.355286 0.301766 -1.276513
v -0.354743 0.348194 -1.263670
v -0.357800 0.280620 -1.286328
v -0.356580 0.289165 -1.284804
v -0.366296 0.199817 -1.234742
v -0.366562 0.198391 -1.232937
v -0.375472 0.143101 -1.185144
v -0.375899 0.138289 -1.183375
v -0.374555 0.096141 -1.186561
v -0.373958 0.085196 -1.186095
v -0.371033 0.001612 -1.156393
v -0.371236 0.002398 -1.155414
v -0.479698 0.003859 -1.078655
v -0.263085 0.013106 -1.078715
v -0.371228 0.009226 -0.994007
v -0.371581 0.009248 -0.994020
v -0.398281 0.006313 0.999679
v -0.258853 0.006377 0.999653
v -0.192770 0.988351 1.010094
v -0.178371 0.951748 0.981545
v -0.194136 0.751664 0.955731
v -0.235042 0.683834 0.945480
v -0.268522 0.549313 0.971897
v -0.284636 0.357912 0.937974
v -0.412054 0.550527 0.973832
v -0.393014 0.362354 0.934950
v 0.092137 1.000437 0.665220
v 0.092137 1.000437 0.665220
v 0.057403 2.604932 1.005341
v 0.166647 2.544451 -0.605926
v 0.018292 1.107430 -0.463544
v 0.018292 1.107430 -0.463544
v -0.049218 2.548763 0.683801
v 0.165789 1.106226 -0.407700
v -0.049518 2.548110 -0.743500
v 0.337382 2.350109 -0.716735
v 0.045733 2.292153 -1.134540
v 0.008834 1.186005 -0.652094
v 0.261178 1.998223 -1.182143
v -0.046946 1.198330 -0.632220
v -0.046946 1.198330 -0.632220
v -0.002121 1.441087 -1.249463
v -0.002121 1.441087 -1.249463
v -0.046318 0.978965 0.878472
v 0.112077 1.007716 0.842708
v 0.016145 0.972687 1.387269
v 0.208931 1.148396 1.452451
v 0.076732 1.742003 1.951949
v -0.046274 1.084872 1.566449
v -0.046274 1.084872 1.566449
v -0.101803 2.668945 1.195107
v 0.216332 2.552157 1.244651
v 0.011188 2.692112 1.278961
v -0.047783 1.917318 1.989085
v -0.047783 1.917318 1.989085
v 0.356080 1.983106 1.726044
v 0.053187 2.171762 2.011200
v 0.333152 2.491659 1.610118
v 0.154699 1.088519 -0.457772
v 0.154699 1.088519 -0.457772
v 0.484713 2.073236 -0.558466
v 0.129787 1.412302 -1.299722
v 0.512306 1.285787 -0.752906
v 0.345446 1.224568 0.621020
v 0.490573 1.464097 0.691746
v 0.429617 1.866480 1.572234
v 0.306791 1.148052 1.378825
v 0.306791 1.148052 1.378825
v 0.476298 1.396152 1.357072
v 0.526192 1.354185 0.869011
v 0.163095 1.042663 0.726938
v 0.163095 1.042663 0.726938
v 0.155805 0.994985 1.296852
v 0.400787 1.170355 0.729533
v 0.239778 0.005098 0.971485
v 0.239821 0.005088 0.971484
v 0.464958 1.151463 1.295920
v 0.239852 0.000395 1.121793
v 0.239820 0.000748 1.121949
v 0.057218 1.087826 -0.559334
v 0.045537 1.268510 -1.242821
v 0.045537 1.268510 -1.242821
v 0.206631 0.159943 -1.115297
v 0.378858 1.289879 -1.222755
v 0.250107 0.160389 -1.064331
v -0.108337 2.753847 1.376893
v 0.267117 2.641932 1.527340
v 0.007674 3.119477 1.846023
v 0.163170 2.423384 1.931546
v 0.186552 2.930907 1.874009
v 0.009723 2.968771 2.116775
v 0.013747 2.386618 2.436448
v -0.046279 0.951294 0.427738
v -0.046279 0.951294 0.427738
v 0.357024 1.104634 0.439221
v 0.233117 0.974179 0.186492
v 0.354803 2.346192 0.003953
v 0.572581 1.374580 0.222757
v -0.049403 2.567223 0.007158
v 0.161501 2.477020 0.318659
v 0.388497 0.753238 1.038873
v 0.238993 0.780178 0.773032
v 0.238993 0.780178 0.773032
v 0.105255 0.753928 0.870606
v 0.266981 0.793623 1.158147
v 0.265479 0.785904 1.150446
v 0.249336 0.539951 0.884168
v 0.248047 0.567274 0.877383
v 0.185554 0.549336 0.911848
v 0.252325 0.524989 1.000987
v 0.252187 0.567331 1.010200
v 0.301634 0.264334 0.967064
v 0.211808 0.267154 0.921543
v 0.249580 0.272316 0.908095
v 0.249490 0.275158 0.907464
v 0.250474 0.342233 0.998537
v 0.250474 0.342233 0.998537
v 0.379086 0.947259 -0.942821
v 0.273792 1.098410 -1.229210
v 0.085312 1.039592 -1.121730
v 0.161957 0.896033 -0.789900
v 0.345820 0.288167 -1.169508
v 0.287898 0.362417 -1.258842
v 0.229996 0.242925 -1.115762
v 0.349852 0.697815 -1.122289
v 0.211536 0.452602 -1.144929
v 0.242706 0.536160 -1.097565
v 0.368273 2.275102 0.553884
v -0.046415 0.973969 -0.076356
v -0.046415 0.973969 -0.076356
v 0.405749 1.146868 -0.067126
v 0.134144 1.079931 -0.368929
v 0.359121 2.403012 -0.439793
v 0.460070 1.424586 -0.275468
v -0.049570 2.607111 -0.448796
v 0.170550 2.552825 -0.248888
v -0.047022 1.503286 1.859956
v -0.047022 1.503286 1.859956
v 0.372476 1.590625 1.608675
v 0.058412 1.265133 1.705684
v 0.476158 1.726452 1.418306
v 0.378924 1.429532 1.460971
v 0.497504 1.915495 0.803003
v 0.580970 1.484977 1.234248
v 0.514552 2.026586 0.270350
v 0.547092 1.675864 0.502739
v 0.474122 2.116287 -0.331453
v 0.568169 1.729511 -0.013949
v 0.519936 1.473087 -0.528056
v 0.515951 1.737829 -0.388761
v 0.405450 1.614158 -1.196729
v 0.553552 1.751420 -0.666439
v 0.099558 1.620954 -1.274574
v 0.315588 1.663149 -1.243142
v 0.450011 2.194656 0.816314
v 0.082587 1.110994 -1.202331
v 0.019221 1.129622 -1.105207
v 0.138629 1.020438 -0.613490
v 0.410147 1.030520 -0.835335
v 0.258005 0.003485 -1.147562
v 0.258005 0.003485 -1.147562
v 0.237920 0.004670 -0.965375
v 0.237920 0.004670 -0.965375
v 0.001294 2.908419 1.513754
v 0.200591 2.664565 1.970377
v 0.295622 2.707408 1.716951
v 0.063496 2.472717 2.331810
v 0.005716 2.404878 2.444310
v -0.005699 3.064063 1.663965
v 0.001527 3.000249 1.607881
v 0.210731 2.815730 1.807557
v 0.029747 2.483849 2.460559
v 0.029747 2.483849 2.460559
v -0.045963 2.496065 2.521767
v 0.315740 1.780485 1.803963
v 0.180233 2.259036 1.932730
v 0.184556 1.926378 1.932469
v 0.042692 2.390649 2.265407
v -0.014230 2.379692 2.472359
v -0.026324 2.441269 2.517697
v 0.049338 2.727268 2.246587
v 0.118872 2.960196 2.063445
v 0.090201 3.022937 2.001906
v 0.146965 2.978941 1.708304
v 0.075632 3.037928 1.664879
v 0.165659 2.822958 1.541813
v 0.185605 2.617766 1.367175
v 0.086445 2.729447 1.387518
v 0.173700 2.552660 1.039216
v 0.196624 2.738546 1.937061
v 0.217847 2.855046 1.784535
v 0.217847 2.855046 1.784535
v 0.184762 2.798253 1.870793
v 0.184762 2.798253 1.870793
v 0.184762 2.798253 1.870793
v 0.190775 2.820256 1.814587
v 0.190775 2.820256 1.814587
v 0.197573 2.922979 1.825750
v 0.197573 2.922979 1.825750
v 0.201420 2.878719 1.815184
v 0.180921 2.896781 1.920262
v 0.180921 2.896781 1.920262
v 0.196115 2.922281 1.876290
v 0.194700 2.862128 1.900162
v 0.206418 2.788785 1.799931
v 0.427441 2.894457 1.732846
v 0.273983 2.912599 1.882415
v 0.265501 2.878756 1.804721
v 0.340232 2.813861 1.753566
v 0.255459 2.775794 1.768398
v 0.261557 2.772433 1.765074
v 0.252518 2.613854 1.898107
v 0.231855 2.679915 1.904982
v 0.286186 2.381064 1.832841
v 0.324866 2.547028 1.801105
v 0.328716 2.340952 1.670025
v 0.461248 0.933629 1.114172
v 0.247907 0.994916 0.713679
v 0.247907 0.994916 0.713679
v 0.086292 0.967167 0.850664
v 0.303108 0.987203 1.277281
v 0.303108 0.987203 1.277281
v 0.355196 0.694984 1.000562
v 0.239213 0.714900 0.814793
v 0.238916 0.709634 0.820817
v 0.145838 0.690736 0.886014
v 0.250946 0.700579 1.058524
v 0.251447 0.710337 1.070467
v 0.030984 2.562018 2.444433
v -0.011828 2.359038 2.295440
v 0.083514 2.660067 2.215705
v 0.100611 2.414874 2.096062
v 0.002840 2.352306 2.108829
v 0.148033 2.872892 2.078611
v 0.172162 2.854829 2.081537
v 0.135155 2.818004 2.128644
v 0.104800 2.754400 2.150316
v 0.147704 2.754722 2.088816
v 0.014242 2.419711 2.477585
v -0.069801 2.439945 2.517417
v -0.025834 2.418455 2.498905
v -0.025834 2.418455 2.498905
v 0.111796 2.828377 2.135039
v 0.220491 2.857579 1.893613
v 0.338083 2.869317 1.854254
v 0.339637 2.846698 1.775367
v 0.209601 2.818617 1.808496
v 0.230650 2.882518 1.870901
v 0.355765 2.867246 1.782043
v 0.136120 2.457979 2.029634
v 0.072463 2.365142 2.062061
v 0.123851 2.383832 1.996006
v 0.022912 2.335937 2.065216
v 0.014521 2.516668 2.466977
v 0.014192 2.516875 2.466769
v -0.014325 2.464706 2.516860
v 0.182032 2.223003 -1.117793
v 0.091872 2.132229 -1.179836
v 0.003886 1.977898 -1.199360
v -0.004811 2.162586 -1.237542
v 0.050731 2.150392 -1.226840
v -0.002378 1.943034 -1.341464
v 0.045664 2.004116 -1.209718
v 0.045664 2.004116 -1.209718
v 0.050251 1.900736 -1.293373
v 0.019717 1.523276 -1.368355
v -0.048395 1.898736 -1.233021
v -0.048395 1.898736 -1.233021
v -0.048395 1.898736 -1.233021
v -0.048395 1.898736 -1.233021
v -0.012256 1.511365 -1.319772
v -0.047633 1.478208 -1.379392
v 0.278459 0.096543 1.123484
v 0.307219 0.152544 1.016135
v 0.239351 0.116045 0.961768
v 0.239275 0.123036 0.957508
v 0.200855 0.096506 1.123498
v 0.177419 0.147791 1.022921
v 0.240569 0.122818 1.115463
v 0.240888 0.124269 1.113651
v 0.329707 0.077157 1.067184
v 0.239487 0.093838 0.968352
v 0.239777 0.093714 0.968345
v 0.149354 0.076637 1.067443
v 0.239587 0.093021 1.117827
v 0.239473 0.069064 1.123206
v 0.381605 0.103140 -1.073620
v 0.206270 0.088408 -1.154255
v 0.250038 0.103547 -0.995681
v 0.223613 0.753076 -1.235014
v 0.281571 0.789367 -1.237082
v 0.175972 0.750006 -1.107826
v 0.172484 0.834592 -1.176018
v 0.345070 0.740952 -1.076081
v 0.204093 0.818820 -0.991410
v 0.364383 0.848449 -1.064613
v 0.299216 0.168748 0.925228
v 0.186443 0.167799 0.923961
v 0.247702 0.226689 0.901975
v 0.247702 0.226689 0.901975
v 0.196855 0.253519 0.967888
v 0.243757 0.165798 1.081759
v 0.247235 0.216619 1.048847
v 0.243524 2.226218 1.829864
v 0.309953 2.174582 1.675494
v 0.235942 2.081351 1.866410
v 0.060271 2.052258 1.979026
v -0.002655 1.755436 -1.276803
v -0.081037 1.647214 -1.419771
v -0.047318 1.355502 -1.085153
v -0.047318 1.355502 -1.085153
v 0.002482 1.336196 -1.099805
v -0.019385 1.304348 -0.857160
v 0.023387 1.059646 -0.793717
v 0.077142 0.948704 -0.919577
v 0.146370 0.846079 -1.070346
v 0.212374 0.293956 -1.167289
v 0.222134 0.148139 -1.164397
v 0.184158 0.096324 -1.066677
v 0.281397 0.000689 -1.110195
v 0.281395 0.000683 -1.110196
v 0.360402 0.087238 -1.157002
v 0.373719 1.061713 -1.108470
v 0.487261 1.426612 -1.090200
v 0.498130 1.251907 -0.938312
v 0.477324 1.801440 -1.011499
v 0.557254 1.568713 -0.873060
v 0.455415 2.054360 -0.828386
v 0.139733 2.497192 -0.772609
v 0.093820 3.084695 1.852410
v 0.129716 2.994629 1.967880
v 0.007382 3.044403 1.995273
v 0.234631 1.309903 1.604152
v 0.186577 1.518070 1.806298
v 0.117665 1.103552 1.532576
v 0.380772 2.292947 1.459702
v 0.370448 2.401931 1.352627
v 0.506557 1.995420 1.328029
v 0.585787 1.807360 1.139462
v 0.573339 1.336186 1.215888
v 0.432598 0.928905 0.858414
v 0.373791 0.753620 0.858657
v 0.342736 0.694031 0.886014
v 0.395284 1.229230 -0.500623
v 0.305090 1.194469 -0.426335
v 0.304605 0.995554 -0.666730
v 0.250995 1.081000 -0.537469
v 0.250995 1.081000 -0.537469
v 0.296464 0.896251 -0.792339
v 0.226916 0.959106 -0.685856
v 0.226916 0.959106 -0.685856
v 0.301093 0.818480 -0.988263
v 0.238877 0.850810 -0.887453
v 0.238877 0.850810 -0.887453
v 0.312530 0.533147 -1.095956
v 0.259681 0.730698 -1.033658
v 0.259681 0.730698 -1.033658
v 0.320467 0.327532 -1.118175
v 0.280610 0.466072 -1.093960
v 0.330416 0.159705 -1.066922
v 0.291385 0.243799 -1.092322
v 0.291385 0.243799 -1.092322
v 0.317907 0.103308 -0.997477
v 0.289270 0.126461 -1.017571
v 0.289270 0.126461 -1.017571
v 0.321732 0.005742 -0.952146
v 0.283299 0.060073 -1.015630
v 0.283299 0.060073 -1.015630
v 0.356296 0.175633 -1.131035
v 0.348364 0.150666 -1.167800
v 0.299810 1.043299 -1.234535
v 0.266966 1.015870 -1.266915
v 0.240824 0.187928 0.885288
v 0.240947 0.186175 0.884179
v 0.279916 0.156960 0.920271
v 0.200239 0.156724 0.920510
v 0.129115 1.174100 -1.259753
v 0.129115 1.174100 -1.259753
v 0.302655 1.292513 -1.270766
v 0.162770 1.088613 -1.233300
v 0.212909 1.120935 -1.241634
v 0.212909 1.120935 -1.241634
v 0.194750 1.020205 -1.266005
v 0.223989 1.062890 -1.259032
v 0.237866 0.952283 -1.268436
v 0.236610 0.567991 -1.242206
v 0.254428 0.751831 -1.248229
v 0.239915 0.345755 -1.262968
v 0.262724 0.470656 -1.254475
v 0.370278 0.004577 -1.122467
v 0.312803 0.006883 -1.162410
v 0.250580 0.009502 -1.162398
v 0.193139 0.012037 -1.122459
v 0.242234 0.011660 -0.952078
v 0.195751 0.006696 1.169584
v 0.239670 0.006711 1.147252
v 0.239683 0.006495 1.146603
v -0.046131 0.942603 1.219866
v 0.058935 0.954558 1.201099
v 0.108628 0.956567 1.138721
v 0.112220 0.753204 1.040251
v 0.142667 0.695211 1.000944
v 0.311472 0.551332 0.911775
v -0.184819 1.000297 0.665260
v -0.184819 1.000297 0.665260
v -0.155950 2.604834 1.005381
v -0.265614 2.544253 -0.605846
v -0.111793 1.107370 -0.463520
v -0.111793 1.107370 -0.463520
v -0.259233 1.106023 -0.407619
v -0.435671 2.349741 -0.716579
v -0.143964 2.292066 -1.134506
v -0.102698 1.185955 -0.652072
v -0.358327 1.997933 -1.182023
v -0.092938 1.441042 -1.249442
v -0.092938 1.441042 -1.249442
v -0.204813 1.007579 0.842784
v -0.108413 0.972635 1.387293
v -0.301812 1.148199 1.452561
v -0.171647 1.741890 1.951995
v -0.314586 2.551910 1.244746
v -0.451995 1.982737 1.726196
v -0.149786 2.171684 2.011245
v -0.431024 2.491410 1.610315
v -0.248113 1.088331 -0.457698
v -0.248113 1.088331 -0.457698
v -0.581879 2.072700 -0.558239
v -0.224787 1.412133 -1.299645
v -0.606562 1.285241 -0.752723
v -0.438961 1.224203 0.621198
v -0.584947 1.463559 0.691980
v -0.525154 1.866040 1.572410
v -0.399698 1.147646 1.378993
v -0.399698 1.147646 1.378993
v -0.570147 1.395674 1.357275
v -0.620081 1.353579 0.869277
v -0.255875 1.042390 0.727057
v -0.255875 1.042390 0.727057
v -0.248268 0.994714 1.296946
v -0.494041 1.169829 0.729769
v -0.328548 0.004830 0.971589
v -0.328591 0.004838 0.971591
v -0.557911 1.150820 1.296186
v -0.328424 0.003395 1.148424
v -0.328637 0.003418 1.148413
v -0.150672 1.087730 -0.559296
v -0.139935 1.268419 -1.242782
v -0.139935 1.268419 -1.242782
v -0.296808 0.159763 -1.115203
v -0.473351 1.289487 -1.222592
v -0.340272 0.160221 -1.064255
v -0.365592 2.641643 1.527457
v -0.122415 3.108386 1.778420
v -0.260740 2.423178 1.931620
v -0.285977 2.930694 1.874094
v -0.111003 2.386562 2.436468
v -0.450152 1.104254 0.439384
v -0.325857 0.973922 0.186595
v -0.452779 2.345822 0.004102
v -0.666811 1.374006 0.222993
v -0.259842 2.476827 0.318737
v -0.480063 0.752712 1.039083
v -0.330762 0.779761 0.773194
v -0.330762 0.779761 0.773194
v -0.196875 0.753682 0.870703
v -0.358640 0.793089 1.158308
v -0.357122 0.785440 1.150649
v -0.338973 0.566989 0.877501
v -0.340154 0.539775 0.884268
v -0.276397 0.549114 0.911941
v -0.343059 0.567032 1.010321
v -0.343041 0.524702 1.001099
v -0.391383 0.264019 0.967193
v -0.301586 0.266920 0.921639
v -0.339304 0.274898 0.907574
v -0.339383 0.272053 0.908206
v -0.340503 0.341963 0.998649
v -0.340503 0.341963 0.998649
v -0.472211 0.946866 -0.942712
v -0.367609 1.098130 -1.229087
v -0.178846 1.039471 -1.121678
v -0.254826 0.895847 -0.789824
v -0.436694 0.286927 -1.169373
v -0.379116 0.362139 -1.258696
v -0.320536 0.242750 -1.115672
v -0.442272 0.697379 -1.122116
v -0.303062 0.452532 -1.144793
v -0.334542 0.535860 -1.097432
v -0.465759 2.274721 0.554038
v -0.499233 1.146451 -0.066959
v -0.227487 1.079768 -0.368877
v -0.457488 2.402633 -0.439636
v -0.554673 1.424108 -0.275282
v -0.269405 2.552623 -0.248807
v -0.466958 1.590238 1.608831
v -0.151629 1.265037 1.705723
v -0.571232 1.725962 1.418501
v -0.472858 1.429144 1.461141
v -0.593535 1.914992 0.803205
v -0.675199 1.484449 1.234502
v -0.611217 2.026072 0.270558
v -0.642342 1.675300 0.502978
v -0.571356 2.115781 -0.331168
v -0.663826 1.728941 -0.013721
v -0.614800 1.472530 -0.527843
v -0.611770 1.737279 -0.388544
v -0.501152 1.613715 -1.196535
v -0.649538 1.750834 -0.666205
v -0.195299 1.620828 -1.274510
v -0.411498 1.662840 -1.242983
v -0.547089 2.194198 0.816499
v -0.176412 1.110875 -1.202280
v -0.113051 1.129472 -1.105169
v -0.231858 1.020269 -0.613419
v -0.503425 1.029906 -0.835320
v -0.347668 0.003317 -1.147485
v -0.347668 0.003317 -1.147485
v -0.327536 0.004515 -0.965305
v -0.327536 0.004515 -0.965305
v -0.299021 2.664359 1.970457
v -0.394246 2.707043 1.717073
v -0.161109 2.472618 2.331844
v -0.103033 2.404827 2.444331
v -0.309755 2.815502 1.807649
v -0.127349 2.483779 2.460587
v -0.127349 2.483779 2.460587
v -0.410859 1.780151 1.804097
v -0.277163 2.258837 1.932840
v -0.280187 1.926146 1.932564
v -0.140029 2.390564 2.265448
v -0.082981 2.379659 2.472372
v -0.147887 2.727183 2.246623
v -0.218331 2.960047 2.063503
v -0.189920 3.022809 2.001958
v -0.246642 2.978750 1.708373
v -0.175542 3.037813 1.664925
v -0.264808 2.822762 1.541891
v -0.284051 2.617550 1.367256
v -0.185306 2.729322 1.387569
v -0.272036 2.552456 1.039299
v -0.295328 2.738342 1.937143
v -0.317022 2.854807 1.784631
v -0.317022 2.854807 1.784631
v -0.283702 2.798052 1.870873
v -0.283702 2.798052 1.870873
v -0.296987 2.922755 1.825840
v -0.296987 2.922755 1.825840
v -0.300674 2.878485 1.815278
v -0.280202 2.896579 1.920343
v -0.280202 2.896579 1.920343
v -0.295504 2.922060 1.876392
v -0.293853 2.861922 1.900259
v -0.307231 2.785540 1.802761
v -0.306713 2.791142 1.800063
v -0.526468 2.894024 1.733013
v -0.373288 2.912361 1.882434
v -0.364596 2.878521 1.804805
v -0.439033 2.813434 1.753798
v -0.360407 2.772167 1.765218
v -0.354328 2.775512 1.768519
v -0.350779 2.613600 1.898208
v -0.330360 2.679718 1.905060
v -0.383600 2.380758 1.832965
v -0.422899 2.546702 1.801237
v -0.426011 2.340605 1.670166
v -0.553338 0.932666 1.114288
v -0.340518 0.994526 0.713871
v -0.340518 0.994526 0.713871
v -0.178811 0.966934 0.850732
v -0.395452 0.986644 1.277497
v -0.395452 0.986644 1.277497
v -0.446556 0.694509 1.000749
v -0.330401 0.709245 0.820964
v -0.330720 0.714572 0.814893
v -0.237214 0.690472 0.886113
v -0.342295 0.700011 1.058576
v -0.342839 0.709994 1.070640
v -0.077581 2.583769 2.467398
v -0.128874 2.561950 2.444458
v -0.085380 2.359004 2.295451
v -0.181839 2.659964 2.215749
v -0.198107 2.414740 2.096117
v -0.100098 2.352258 2.108845
v -0.247168 2.872725 2.078678
v -0.271232 2.854639 2.081609
v -0.234074 2.817849 2.128707
v -0.203486 2.754273 2.150366
v -0.246403 2.754559 2.088894
v -0.111612 2.419657 2.477596
v -0.071514 2.418435 2.498914
v -0.071514 2.418435 2.498914
v -0.210750 2.828241 2.135094
v -0.319637 2.857345 1.893700
v -0.437190 2.869026 1.854309
v -0.438618 2.846344 1.775515
v -0.286045 2.816475 1.860938
v -0.286045 2.816475 1.860938
v -0.308630 2.818379 1.808586
v -0.329890 2.882273 1.870977
v -0.454795 2.866916 1.782175
v -0.233799 2.457833 2.029706
v -0.169787 2.365031 2.062105
v -0.221268 2.383673 1.996062
v -0.120128 2.335869 2.065241
v -0.111911 2.516823 2.466790
v -0.112239 2.516616 2.466998
v -0.083184 2.464675 2.516871
v -0.279996 2.222791 -1.117707
v -0.189519 2.132101 -1.179784
v -0.100960 1.977850 -1.199340
v -0.143118 2.157355 -1.229593
v -0.094622 1.942992 -1.341447
v -0.142841 2.004030 -1.209683
v -0.142841 2.004030 -1.209683
v -0.147073 1.900645 -1.293337
v -0.115150 1.523220 -1.368329
v -0.083110 1.511334 -1.319758
v -0.368685 0.096247 1.123604
v -0.396528 0.152208 1.016273
v -0.328547 0.115781 0.961867
v -0.328494 0.122803 0.957591
v -0.288735 0.096283 1.123589
v -0.266709 0.147596 1.022997
v -0.329724 0.122559 1.115569
v -0.330047 0.124024 1.113730
v -0.418816 0.076351 1.067526
v -0.328594 0.093557 0.968459
v -0.328883 0.093478 0.968449
v -0.238261 0.076086 1.067699
v -0.328420 0.068980 1.123239
v -0.328638 0.092669 1.117918
v -0.471586 0.102911 -1.073516
v -0.296226 0.088268 -1.154190
v -0.339163 0.103184 -0.995515
v -0.316281 0.752869 -1.234891
v -0.374380 0.789019 -1.236921
v -0.268572 0.749822 -1.107721
v -0.265388 0.834500 -1.175930
v -0.437625 0.740640 -1.075890
v -0.296843 0.818561 -0.991376
v -0.457289 0.848114 -1.064428
v -0.388622 0.168433 0.925357
v -0.275847 0.167589 0.924046
v -0.337335 0.226423 0.902084
v -0.337335 0.226423 0.902084
v -0.286563 0.253304 0.967978
v -0.333085 0.165467 1.081908
v -0.336771 0.216352 1.048956
v -0.340356 2.225935 1.829979
v -0.406617 2.174243 1.675631
v -0.332201 2.081065 1.866527
v -0.156397 2.052152 1.979069
v -0.093613 1.755394 -1.276786
v -0.092790 1.796180 -1.386859
v -0.097076 1.336161 -1.099794
v -0.075009 1.304322 -0.857150
v -0.116830 1.059553 -0.793718
v -0.170110 0.948738 -0.919265
v -0.239248 0.845917 -1.070264
v -0.303225 0.294104 -1.167234
v -0.312274 0.147985 -1.164307
v -0.274117 0.096199 -1.066621
v -0.371037 0.000503 -1.110115
v -0.371039 0.000510 -1.110114
v -0.450354 0.087016 -1.156900
v -0.467329 1.061331 -1.108339
v -0.582204 1.426114 -1.090004
v -0.592349 1.251402 -0.938134
v -0.573649 1.800932 -1.011297
v -0.652630 1.568125 -0.872834
v -0.552630 2.053852 -0.828168
v -0.238592 2.497019 -0.772536
v -0.193831 3.084564 1.852463
v -0.229339 2.994465 1.967956
v -0.126375 3.058369 1.919909
v -0.328056 1.309642 1.604257
v -0.280710 1.517845 1.806386
v -0.210338 1.103392 1.532632
v -0.477961 2.292554 1.459861
v -0.468090 2.401546 1.352782
v -0.602675 1.994916 1.328237
v -0.681274 1.806765 1.139705
v -0.667019 1.335498 1.216181
v -0.524883 0.928254 0.858668
v -0.465428 0.753082 0.858864
v -0.434132 0.693537 0.886199
v -0.489230 1.228807 -0.500465
v -0.398883 1.194138 -0.426205
v -0.397777 0.995262 -0.666583
v -0.344414 1.080721 -0.537364
v -0.344414 1.080721 -0.537364
v -0.389343 0.895950 -0.792222
v -0.319960 0.958859 -0.685763
v -0.319960 0.958859 -0.685763
v -0.393838 0.818203 -0.988088
v -0.331562 0.850549 -0.887381
v -0.331562 0.850549 -0.887381
v -0.404351 0.533072 -1.095742
v -0.352178 0.730453 -1.033508
v -0.352178 0.730453 -1.033508
v -0.411459 0.327264 -1.118017
v -0.372174 0.465812 -1.093800
v -0.420579 0.159512 -1.066836
v -0.381901 0.243598 -1.092223
v -0.381901 0.243598 -1.092223
v -0.408814 0.102621 -0.997134
v -0.379314 0.126277 -1.017488
v -0.379314 0.126277 -1.017488
v -0.412316 0.005468 -0.952013
v -0.373119 0.059892 -1.015549
v -0.373119 0.059892 -1.015549
v -0.446538 0.175438 -1.130950
v -0.438510 0.150432 -1.167714
v -0.393318 1.042978 -1.234444
v -0.360405 1.015651 -1.266826
v -0.330321 0.187630 0.885369
v -0.330435 0.185915 0.884285
v -0.369280 0.156665 0.920392
v -0.289602 0.156501 0.920601
v -0.223183 1.173934 -1.259683
v -0.223183 1.173934 -1.259683
v -0.397164 1.292175 -1.270629
v -0.256550 1.088430 -1.233218
v -0.306806 1.120703 -1.241532
v -0.306806 1.120703 -1.241532
v -0.288223 1.019903 -1.265909
v -0.317691 1.062654 -1.258927
v -0.331043 0.952021 -1.268362
v -0.328625 0.567449 -1.242079
v -0.347091 0.751590 -1.248087
v -0.331020 0.345550 -1.262850
v -0.354374 0.470413 -1.254327
v -0.459939 0.004349 -1.122362
v -0.402483 0.006686 -1.162320
v -0.340269 0.009339 -1.162323
v -0.282827 0.011905 -1.122399
v -0.330854 0.011503 -0.952007
v -0.151269 0.954465 1.201154
v -0.201004 0.956331 1.138882
v -0.203771 0.752946 1.040374
v -0.234007 0.694966 1.001062
v -0.402324 0.550996 0.911914
v 0.292668 1.566607 1.723870
v 0.167101 2.487658 0.686175
v 0.189298 0.979250 0.400506
v -0.016562 1.199247 -0.631312
v 0.072601 1.917139 1.978186
v 0.281413 0.000694 -1.014312
v 0.281413 0.000694 -1.014312
v 0.320323 1.957780 -1.179300
v 0.410605 2.316927 1.091560
v 0.420855 1.635502 1.520888
v 0.096582 0.970025 1.190659
v 0.295520 1.123855 0.687054
v 0.295520 1.123855 0.687054
v 0.494273 1.195823 0.859376
v 0.328141 1.094671 1.340907
v 0.328141 1.094671 1.340907
v 0.124005 1.279459 -1.286479
v 0.362203 1.124779 -0.566419
v 0.215078 1.010999 -0.056374
v 0.497263 2.072718 -0.005113
v 0.165858 2.510993 0.007623
v 0.239782 0.738232 0.795913
v 0.256222 0.737944 1.103064
v 0.250241 0.454457 0.894890
v 0.251798 0.455377 0.996606
v 0.249253 0.268864 1.018527
v 0.249253 0.268864 1.018527
v 0.172351 2.561422 -0.448885
v 0.307960 1.226070 1.414376
v 0.550842 1.490728 0.892939
v 0.490611 1.351083 0.465199
v 0.528135 1.391242 -0.042427
v 0.456697 1.423731 -0.413252
v 0.558362 1.519536 -0.684177
v 0.501305 1.991953 0.546418
v 0.263506 2.766831 1.763412
v 0.451397 2.886122 1.744064
v 0.451397 2.886122 1.744064
v 0.292783 1.934263 1.838633
v 0.210305 2.815602 1.807156
v 0.214700 2.890450 1.787316
v 0.214700 2.890450 1.787316
v 0.186196 2.930740 1.874037
v 0.205229 2.795907 1.789531
v 0.342490 2.814870 1.744355
v 0.270028 2.495847 1.877466
v 0.234932 0.878104 0.742612
v 0.234932 0.878104 0.742612
v 0.241845 0.658959 0.847451
v 0.241845 0.658959 0.847451
v 0.250929 0.658089 1.037958
v 0.182114 2.821608 1.950076
v 0.182114 2.821608 1.950076
v 0.248411 2.854259 1.831641
v 0.163810 2.049949 -1.182713
v -0.013689 1.478101 -1.377354
v 0.064597 2.122931 -1.209714
v 0.001745 1.900703 -1.232804
v 0.001745 1.900703 -1.232804
v 0.239753 0.046373 1.130852
v 0.309241 0.738093 -1.045708
v 0.293512 2.281766 1.749363
v -0.007887 1.653900 -1.415833
v -0.019030 1.357967 -1.088601
v 0.129214 0.975648 -1.155587
v 0.456971 1.283589 -1.096767
v 0.494822 1.599538 -1.060012
v 0.423432 2.031959 -0.968453
v 0.147305 2.354364 -1.003557
v 0.146064 3.002336 1.863133
v 0.072829 1.505525 1.850129
v 0.035585 1.093247 1.563498
v 0.346788 2.399062 1.558150
v 0.547436 1.789566 1.285400
v 0.537282 1.176517 1.180305
v 0.138584 1.068518 -0.512654
v 0.218990 0.740776 -1.050398
v 0.322563 0.243122 -1.104457
v 0.245429 0.207127 0.887481
v 0.084808 0.883340 0.858568
v -0.387013 1.566294 1.723997
v -0.265334 2.487461 0.686255
v -0.281976 0.979035 0.400595
v -0.077349 1.199219 -0.631301
v -0.126737 3.038843 2.001907
v -0.168184 1.917021 1.978234
v -0.371029 0.000515 -1.014231
v -0.371029 0.000515 -1.014231
v -0.417322 1.957431 -1.179153
v -0.508033 2.316505 1.091729
v -0.515541 1.635070 1.521062
v -0.188985 0.969817 1.190720
v -0.388641 1.123480 0.687232
v -0.388641 1.123480 0.687232
v -0.587569 1.195140 0.859684
v -0.420863 1.094208 1.341095
v -0.420863 1.094208 1.341095
v -0.218460 1.279292 -1.286411
v -0.455793 1.124394 -0.566281
v -0.308044 1.010757 -0.056277
v -0.594209 2.072216 -0.004909
v -0.264453 2.510796 0.007703
v -0.331384 0.737829 0.796067
v -0.347699 0.737529 1.103217
v -0.340735 0.454188 0.895004
v -0.342254 0.455105 0.996720
v -0.338998 0.268595 1.018637
v -0.338998 0.268595 1.018637
v -0.271318 2.561219 -0.448803
v -0.401147 1.225690 1.414535
v -0.645235 1.490100 0.893217
v -0.584653 1.350561 0.465423
v -0.622527 1.390709 -0.042214
v -0.551335 1.423244 -0.413063
v -0.653471 1.518946 -0.683952
v -0.597728 1.991449 0.546621
v -0.101812 2.907464 1.513113
v -0.362338 2.766531 1.763543
v -0.550374 2.885663 1.744249
v -0.550374 2.885663 1.744249
v -0.388472 1.933936 1.838766
v -0.309328 2.815376 1.807247
v -0.314006 2.890212 1.787412
v -0.314006 2.890212 1.787412
v -0.285619 2.930528 1.874123
v -0.304185 2.795685 1.789620
v -0.441364 2.814482 1.744561
v -0.367862 2.495568 1.877578
v -0.327081 0.877680 0.742787
v -0.327081 0.877680 0.742787
v -0.333127 0.658598 0.847588
v -0.333127 0.658598 0.847588
v -0.342132 0.657709 1.038097
v -0.281112 2.821412 1.950155
v -0.281112 2.821412 1.950155
v -0.281112 2.821412 1.950155
v -0.347561 2.854015 1.831707
v -0.261149 2.049754 -1.182635
v -0.081575 1.478069 -1.377342
v -0.162221 2.122828 -1.209672
v -0.098543 1.900657 -1.232786
v -0.098543 1.900657 -1.232786
v -0.328614 0.046114 1.130957
v -0.401771 0.737809 -1.045534
v -0.390567 2.281444 1.749494
v -0.075659 1.357941 -1.088591
v -0.222444 0.975483 -1.155538
v -0.551387 1.283131 -1.096591
v -0.590393 1.599015 -1.059813
v -0.520624 2.031489 -0.968255
v -0.245717 2.354184 -1.003485
v -0.245760 3.002156 1.863206
v -0.126472 3.113731 1.848204
v -0.166894 1.505417 1.850173
v -0.128211 1.093171 1.563529
v -0.444337 2.398700 1.558295
v -0.642800 1.789013 1.285622
v -0.630377 1.175811 1.180604
v -0.231948 1.068346 -0.512587
v -0.311530 0.740563 -1.050268
v -0.413086 0.242904 -1.104347
v -0.334995 0.206863 0.887589
v -0.176972 0.883098 0.858662
vn 0.7899 -0.3967 0.4677
vn 0.7919 -0.3950 0.4658
vn 0.7902 -0.3964 0.4674
vn 0.7917 -0.3951 0.4659
vn 0.8192 -0.2522 0.5150
vn 0.8390 -0.2679 0.4736
vn 0.6681 -0.3178 0.6728
vn 0.6624 -0.3237 0.6757
vn 0.6673 -0.3187 0.6732
vn 0.6615 -0.3245 0.6761
vn 0.6571 -0.4416 0.6109
vn 0.6682 -0.4332 0.6049
vn 0.1474 0.9649 -0.2174
vn 0.2657 0.9309 -0.2507
vn 0.4448 0.8793 -0.1702
vn 0.4528 0.8635 -0.2222
vn 0.6407 0.7529 -0.1506
vn 0.7185 0.6806 -0.1432
vn 0.6604 0.7313 -0.1707
vn 0.6824 0.7304 0.0271
vn 0.7162 0.6972 -0.0311
vn 0.2831 0.9588 -0.0250
vn 0.2816 0.9592 -0.0259
vn 0.2734 0.9614 -0.0311
vn 0.2720 0.9618 -0.0320
vn -0.0285 0.2267 -0.9736
vn 0.0045 0.2428 -0.9701
vn -0.0250 0.2186 -0.9755
vn 0.1550 -0.9815 0.1128
vn 0.1313 -0.9832 0.1269
vn 0.1319 -0.9900 0.0505
vn 0.1243 -0.9905 0.0587
vn 0.5728 -0.8083 0.1364
vn 0.5302 -0.8309 0.1690
vn 0.5001 -0.8291 0.2499
vn 0.5449 -0.8032 0.2407
vn 0.6408 0.7180 -0.2718
vn 0.6225 0.7208 -0.3049
vn 0.6204 0.6976 -0.3583
vn 0.1656 0.8752 -0.4545
vn 0.1931 0.9354 -0.2964
vn 0.2093 0.9373 -0.2788
vn 0.0412 -0.8604 -0.5079
vn 0.1147 -0.8612 -0.4951
vn 0.0104 -0.9065 -0.4220
vn 0.0400 -0.9043 -0.4250
vn -0.6309 -0.7064 -0.3209
vn -0.8164 -0.5417 -0.2003
vn -0.5854 -0.7810 -0.2177
vn -0.2053 -0.8759 -0.4367
vn 0.1472 -0.9791 0.1406
vn 0.1480 -0.9789 0.1410
vn 0.1375 -0.9812 0.1354
vn 0.1359 -0.9815 0.1346
vn 0.9566 0.2280 -0.1814
vn 0.9566 0.2279 -0.1815
vn 0.9570 0.2298 -0.1772
vn 0.9566 0.2278 -0.1819
vn 0.9681 0.1366 -0.2101
vn 0.9681 0.1367 -0.2100
vn 0.9681 0.1368 -0.2099
vn 0.2372 0.8875 0.3951
vn 0.2059 0.9075 0.3662
vn 0.2342 0.9568 0.1725
vn 0.2717 0.9370 0.2197
vn -0.0148 0.9687 -0.2477
vn 0.1449 0.9496 -0.2781
vn 0.0508 0.9430 -0.3290
vn 0.3312 0.9034 -0.2725
vn 0.4112 0.8863 -0.2130
vn 0.3840 -0.1279 0.9144
vn 0.3623 -0.1142 0.9250
vn 0.3551 0.0266 0.9345
vn 0.3770 0.0144 0.9261
vn 0.1373 -0.0362 0.9899
vn 0.0902 0.0020 0.9959
vn 0.0888 -0.1604 0.9831
vn 0.0676 -0.1463 0.9869
vn 0.9649 0.1844 0.1868
vn 0.9940 0.1059 0.0263
vn 0.9231 0.3833 -0.0296
vn 0.9348 0.3480 -0.0712
vn 0.9235 0.3823 0.0315
vn 0.9926 0.1155 -0.0382
vn -0.0933 -0.9956 -0.0008
vn -0.0934 -0.9956 0.0001
vn -0.0932 -0.9956 -0.0017
vn 0.0093 -1.0000 0.0001
vn 0.0193 -0.9971 0.0734
vn 0.0187 -0.9972 0.0727
vn 0.0191 -0.9971 0.0732
vn 0.0163 -0.9974 0.0704
vn -0.3685 -0.8764 0.3102
vn 0.2694 -0.9106 0.3134
vn -0.1778 -0.9790 0.0994
vn -0.0932 -0.9956 -0.0019
vn 0.4392 0.5950 -0.6731
vn 0.4749 0.2944 -0.8293
vn 0.6923 0.1422 -0.7075
vn 0.1757 0.1890 -0.9661
vn 0.1318 0.2079 -0.9692
vn 0.8496 0.4456 -0.2822
vn 0.9039 0.4086 -0.1267
vn 0.9077 0.3575 -0.2197
vn 0.9792 0.1753 0.1018
vn 0.9490 0.2901 -0.1233
vn 0.9727 0.2259 -0.0530
vn 0.9153 0.3876 -0.1097
vn 0.9154 0.3874 -0.1096
vn 0.9154 0.3874 -0.1095
vn 0.9155 0.3872 -0.1094
vn 0.9310 0.3640 -0.0284
vn 0.8463 0.5325 0.0137
vn 0.8041 0.5774 -0.1414
vn 0.7476 0.6608 -0.0667
vn 0.7314 0.6736 -0.1068
vn 0.7507 0.6320 -0.1923
vn 0.8472 0.5296 -0.0421
vn 0.7921 -0.3950 0.4654
vn 0.8938 -0.2831 0.3478
vn 0.9039 -0.0744 0.4213
vn 0.7861 -0.3148 0.5320
vn 0.9687 0.0560 0.2420
vn 0.9145 -0.1205 0.3862
vn 0.8975 -0.2208 0.3817
vn 0.9673 -0.0894 0.2372
vn -0.0344 -0.9989 -0.0332
vn -0.0320 -0.9990 -0.0312
vn -0.0341 -0.9989 -0.0329
vn 0.0301 -0.9991 -0.0288
vn 0.0591 -0.9973 0.0446
vn -0.0460 -0.9989 0.0041
vn 0.3576 -0.9297 -0.0880
vn -0.8606 -0.5046 -0.0689
vn -0.9538 0.2711 0.1298
vn -0.2490 -0.9500 0.1884
vn -0.3734 -0.8349 0.4045
vn 0.3811 -0.9245 0.0047
vn 0.2930 -0.9503 0.1048
vn 0.8136 -0.2283 -0.5348
vn 0.8161 -0.2283 -0.5309
vn 0.8164 -0.2283 -0.5304
vn 0.5134 -0.6338 -0.5785
vn 0.4370 -0.1851 -0.8802
vn 0.2909 -0.2953 -0.9100
vn -0.2186 -0.1193 -0.9685
vn -0.2464 -0.1729 -0.9536
vn 0.5194 -0.8544 -0.0146
vn 0.5001 -0.6344 -0.5895
vn 0.9456 -0.1738 -0.2751
vn 0.9373 -0.1852 -0.2951
vn 0.9308 -0.2140 -0.2964
vn 0.7813 -0.2107 -0.5876
vn 0.8143 -0.1862 -0.5498
vn 0.8612 -0.1439 -0.4875
vn 0.8108 -0.2282 -0.5390
vn 0.1046 -0.5478 0.8301
vn 0.5727 -0.7464 0.3389
vn 0.0225 -0.8592 0.5111
vn 0.0852 -0.5222 0.8485
vn 0.2388 -0.5403 0.8069
vn 0.2415 -0.5364 0.8087
vn 0.2422 -0.5354 0.8091
vn 0.4358 -0.4189 0.7966
vn 0.4321 -0.4010 0.8078
vn 0.4484 -0.2967 0.8432
vn -0.9932 -0.1160 0.0015
vn -0.9927 -0.0894 0.0807
vn -0.9243 -0.3710 0.0895
vn -0.8977 -0.3705 0.2383
vn -0.9062 -0.4221 0.0259
vn 0.1137 -0.0753 -0.9907
vn 0.0946 -0.1028 -0.9902
vn 0.0707 -0.2420 -0.9677
vn 0.1012 -0.2168 -0.9710
vn -0.4357 -0.2297 -0.8703
vn -0.4461 -0.2403 -0.8621
vn -0.4463 -0.2394 -0.8622
vn -0.4487 -0.2289 -0.8639
vn -0.4488 -0.2283 -0.8640
vn -0.2568 -0.0848 -0.9627
vn 0.8705 -0.4472 0.2055
vn 0.8938 -0.4137 0.1733
vn 0.9184 -0.3957 0.0021
vn 0.9321 -0.3597 -0.0413
vn 0.9646 -0.2623 -0.0258
vn 0.4264 -0.7771 0.4629
vn 0.5713 -0.5593 0.6006
vn 0.1291 -0.8018 0.5835
vn 0.4222 -0.6658 0.6152
vn 0.5688 -0.6474 0.5074
vn 0.7415 -0.5232 0.4202
vn 0.7392 -0.5107 0.4390
vn 0.0076 0.8460 -0.5331
vn 0.0036 0.8483 -0.5295
vn 0.0001 0.8504 -0.5261
vn -0.0003 0.8506 -0.5258
vn 0.2882 0.6358 -0.7160
vn 0.3329 0.7680 -0.5472
vn 0.3913 0.7736 -0.4984
vn 0.0192 0.1107 0.9937
vn -0.0684 -0.1071 0.9919
vn 0.2195 -0.6465 0.7306
vn 0.9332 0.3098 -0.1821
vn 0.9254 0.2848 -0.2501
vn 0.9314 0.2837 -0.2280
vn 0.9588 0.2478 0.1392
vn 0.9845 0.1753 -0.0081
vn 0.9928 0.1195 0.0084
vn 0.3380 -0.2373 0.9107
vn 0.2490 -0.2255 0.9419
vn 0.0428 -0.2863 0.9572
vn 0.0857 -0.2971 0.9510
vn 0.8338 -0.2368 0.4988
vn 0.7705 -0.2641 0.5802
vn 0.1252 0.5529 0.8238
vn 0.0160 0.4770 0.8788
vn 0.3202 0.4338 0.8422
vn 0.1246 0.4204 0.8988
vn 0.9234 -0.2958 0.2444
vn 0.8833 -0.3627 0.2971
vn 0.1532 0.7472 0.6467
vn 0.1283 0.7520 0.6465
vn 0.4926 -0.8143 -0.3071
vn 0.5471 -0.7897 -0.2774
vn 0.5662 -0.8077 -0.1645
vn 0.5467 -0.8168 -0.1840
vn 0.1323 -0.9785 -0.1582
vn 0.1493 -0.9789 -0.1397
vn 0.1741 -0.9554 -0.2386
vn 0.1545 -0.9556 -0.2508
vn 0.9617 0.2591 -0.0894
vn 0.9788 0.2029 -0.0275
vn 0.9608 0.2034 -0.1882
vn 0.9923 0.1111 -0.0555
vn 0.8869 0.4620 -0.0012
vn 0.9261 0.3696 0.0761
vn 0.8633 0.5038 0.0302
vn 0.8853 0.4587 0.0759
vn 0.6556 0.7496 0.0911
vn 0.6871 0.7158 0.1244
vn 0.6470 0.7505 0.1342
vn 0.6497 0.7476 0.1377
vn 0.6496 0.7477 0.1375
vn 0.6523 0.7447 0.1409
vn 0.2491 0.9551 0.1603
vn 0.2127 0.9687 0.1282
vn 0.2811 0.9536 0.1081
vn 0.2516 0.9639 0.0867
vn 0.8893 -0.4459 -0.1014
vn 0.8410 -0.5148 -0.1667
vn 0.6402 -0.5701 -0.5150
vn 0.6385 -0.5116 -0.5750
vn 0.1995 -0.4955 -0.8454
vn 0.1626 -0.5313 -0.8314
vn -0.1029 -0.6515 -0.7517
vn -0.1968 -0.5768 -0.7928
vn -0.1775 -0.4738 -0.8625
vn -0.8495 -0.5171 0.1050
vn -0.8454 -0.5266 0.0894
vn -0.6053 -0.6264 0.4911
vn -0.6171 -0.6371 0.4619
vn -0.1033 -0.7072 0.6994
vn -0.1062 -0.7099 0.6963
vn -0.1094 -0.7128 0.6927
vn -0.1029 -0.7069 0.6998
vn 0.1424 -0.7296 0.6688
vn 0.0854 -0.7683 0.6344
vn 0.1345 -0.7099 0.6913
vn 0.9856 -0.0638 -0.1563
vn 0.9857 -0.0639 -0.1558
vn 0.9857 -0.0639 -0.1559
vn 0.8601 -0.1003 -0.5003
vn 0.8361 -0.0989 -0.5396
vn 0.0426 -0.1287 -0.9908
vn 0.1204 -0.1499 -0.9813
vn 0.3277 -0.0675 -0.9424
vn -0.2771 -0.0858 -0.9570
vn -0.1175 -0.1336 -0.9840
vn -0.9883 -0.0621 -0.1397
vn -0.9886 -0.0626 -0.1370
vn -0.9892 -0.0635 -0.1320
vn -0.6880 -0.0541 0.7237
vn -0.8685 -0.0286 0.4949
vn -0.0768 0.0098 0.9970
vn -0.1551 -0.0117 0.9878
vn 0.0807 0.0091 0.9967
vn 0.0553 0.0164 0.9983
vn 0.2248 -0.1182 0.9672
vn 0.9514 0.1623 0.2615
vn 0.9559 0.1607 0.2458
vn 0.9870 -0.0207 -0.1595
vn 0.9417 0.1333 -0.3091
vn 0.9160 -0.1354 -0.3775
vn 0.3141 0.0954 -0.9446
vn 0.3718 0.0488 -0.9270
vn -0.3489 0.1387 -0.9268
vn -0.3752 0.1121 -0.9201
vn -0.3219 -0.0981 -0.9417
vn -0.8223 -0.0545 -0.5665
vn -0.9345 -0.1172 -0.3360
vn -0.9476 0.2040 -0.2457
vn -0.9585 0.1942 0.2090
vn -0.3593 0.2509 0.8989
vn -0.2036 0.4477 0.8707
vn -0.3470 0.5038 0.7910
vn 0.1693 0.4737 0.8643
vn 0.2223 0.4830 0.8470
vn 0.3556 0.2402 0.9033
vn 0.9096 -0.3694 0.1899
vn 0.9159 -0.3610 0.1756
vn 0.9952 -0.0840 -0.0494
vn 0.9958 -0.0822 -0.0409
vn 0.9951 -0.0845 -0.0516
vn 0.9524 -0.3021 -0.0408
vn 0.9533 -0.2997 -0.0365
vn 0.9534 -0.2996 -0.0363
vn -0.2577 -0.1293 -0.9575
vn -0.3680 -0.1793 -0.9124
vn -0.3464 -0.1870 -0.9193
vn -0.7232 -0.1927 -0.6632
vn -0.9103 -0.4135 -0.0171
vn -0.9095 -0.3857 -0.1550
vn -0.7219 -0.6794 0.1310
vn -0.7897 -0.6134 0.0123
vn 0.1184 -0.9219 0.3688
vn 0.1294 -0.9229 0.3626
vn 0.2631 -0.8596 0.4380
vn 0.4802 -0.7903 0.3805
vn 0.5774 -0.7541 0.3130
vn -0.0273 -0.7211 -0.6923
vn -0.1286 -0.6583 -0.7417
vn -0.0345 -0.5560 -0.8305
vn 0.2971 0.5085 0.8082
vn 0.9153 -0.0550 0.3989
vn 0.9931 0.0036 0.1176
vn 0.9573 0.0240 -0.2882
vn 0.9571 0.0240 -0.2887
vn 0.9570 0.0240 -0.2892
vn 0.9568 0.0240 -0.2897
vn -0.3698 0.0452 -0.9280
vn -0.0405 0.0923 -0.9949
vn -0.2044 0.1421 -0.9685
vn -0.6319 0.0628 -0.7725
vn -0.9858 -0.0996 0.1354
vn -0.9972 -0.0676 -0.0333
vn -0.9639 -0.0422 0.2630
vn -0.8552 -0.0768 0.5126
vn 0.3684 -0.1480 0.9178
vn 0.3372 -0.0883 0.9373
vn 0.2210 -0.0762 0.9723
vn 0.5953 -0.0462 0.8022
vn 0.6730 -0.0537 0.7377
vn -0.2077 -0.9777 -0.0299
vn 0.2534 -0.8840 -0.3927
vn 0.4897 -0.8533 -0.1790
vn 0.1168 -0.8803 -0.4598
vn 0.1504 -0.8847 -0.4413
vn 0.6527 0.7558 0.0516
vn 0.6453 0.7630 0.0386
vn 0.6534 0.7474 -0.1207
vn 0.6462 0.7559 -0.1052
vn 0.2003 0.9733 -0.1125
vn 0.1990 0.9733 -0.1143
vn 0.2001 0.9733 -0.1127
vn 0.1989 0.9733 -0.1145
vn 0.2016 0.9790 0.0292
vn 0.2143 0.9758 0.0439
vn 0.6600 -0.6399 0.3936
vn 0.6864 -0.5529 0.4724
vn 0.7692 -0.4982 0.4001
vn 0.6450 -0.5497 0.5308
vn 0.6242 -0.5026 0.5982
vn 0.7905 -0.3848 0.4764
vn 0.4706 -0.6194 0.6284
vn 0.5624 -0.3498 0.7492
vn 0.4905 -0.3674 0.7902
vn 0.4592 -0.1600 0.8738
vn 0.6140 -0.3734 0.6954
vn 0.7033 -0.1262 0.6996
vn 0.9713 -0.0277 -0.2363
vn 0.9582 -0.0661 -0.2783
vn 0.9614 0.0407 -0.2723
vn 0.9400 -0.1133 -0.3219
vn 0.9548 -0.1252 -0.2695
vn 0.8183 -0.4002 -0.4126
vn 0.8409 -0.4027 -0.3616
vn 0.7831 -0.5565 0.2777
vn 0.8025 -0.4733 0.3633
vn 0.7228 -0.5548 0.4121
vn 0.8268 -0.4792 0.2945
vn 0.8642 -0.4366 0.2499
vn 0.9344 -0.1968 0.2969
vn 0.9779 -0.0917 0.1878
vn 0.9804 -0.1623 0.1114
vn 0.9794 -0.1808 0.0903
vn 0.9900 -0.0694 -0.1225
vn 0.9801 -0.1016 -0.1707
vn 0.8921 -0.4163 -0.1757
vn 0.8858 -0.4247 -0.1873
vn 0.8625 -0.4007 -0.3092
vn 0.8265 -0.4323 -0.3607
vn 0.9727 -0.0974 -0.2105
vn 0.9438 -0.1459 -0.2965
vn 0.7750 -0.4459 0.4478
vn 0.8775 -0.3417 0.3365
vn 0.9772 -0.0871 0.1934
vn 0.8920 -0.1999 0.4054
vn 0.9827 -0.1836 -0.0229
vn 0.9827 -0.1837 -0.0233
vn 0.9826 -0.1842 -0.0246
vn 0.9826 -0.1843 -0.0249
vn 0.8524 -0.5150 -0.0901
vn 0.8344 -0.5508 -0.0170
vn 0.6619 -0.4710 0.5832
vn 0.6183 -0.6453 0.4487
vn 0.9961 0.0140 0.0869
vn 0.9730 -0.0879 0.2134
vn 0.9187 -0.3183 0.2340
vn 0.9573 -0.2372 0.1651
vn 0.9943 -0.1015 -0.0322
vn 0.9797 -0.1994 0.0215
vn 0.9913 0.1066 -0.0765
vn 0.9998 0.0208 -0.0005
vn 0.0962 0.0931 -0.9910
vn -0.0663 0.0179 -0.9976
vn -0.2773 0.1682 -0.9460
vn 0.0300 0.1831 -0.9826
vn 0.0201 0.1823 -0.9830
vn 0.0177 0.1821 -0.9831
vn -0.4385 0.1236 -0.8902
vn -0.0062 -0.1479 -0.9890
vn 0.0103 -0.1440 -0.9895
vn 0.0312 0.1832 -0.9826
vn 0.9770 0.1722 -0.1254
vn 0.9843 0.1644 0.0636
vn 0.9913 0.0556 0.1193
vn 0.9892 0.1357 0.0551
vn 0.9890 0.1350 0.0596
vn 0.9892 0.1357 0.0553
vn 0.9472 0.2334 0.2196
vn 0.9888 0.1344 0.0643
vn 0.8632 0.5049 0.0028
vn 0.9019 0.4212 0.0961
vn 0.8762 0.4638 -0.1307
vn 0.8935 0.4237 -0.1484
vn 0.0709 -0.2693 -0.9604
vn -0.0194 -0.2213 -0.9750
vn -0.1551 -0.0141 -0.9878
vn -0.4301 -0.5432 -0.7210
vn -0.3887 -0.4086 -0.8258
vn -0.4292 -0.4726 -0.7697
vn -0.8709 -0.4570 -0.1808
vn -0.8699 -0.4629 -0.1702
vn -0.8700 -0.4622 -0.1713
vn -0.9041 -0.4273 -0.0095
vn -0.8600 -0.5045 0.0774
vn -0.8358 -0.5176 0.1834
vn 0.1948 -0.7481 0.6343
vn 0.1632 -0.7791 0.6053
vn 0.2291 -0.7881 0.5713
vn 0.6467 -0.6725 0.3600
vn 0.5524 -0.6710 0.4947
vn 0.8856 -0.4545 0.0961
vn 0.8606 -0.4724 0.1905
vn 0.9523 -0.3023 -0.0411
vn -0.9560 0.2452 -0.1608
vn -0.9616 0.2450 -0.1239
vn -0.8281 0.4944 0.2641
vn -0.8427 0.4889 0.2255
vn -0.0993 0.0295 -0.9946
vn -0.0900 0.0377 -0.9952
vn 0.8446 0.4811 0.2351
vn 0.8445 0.4811 0.2352
vn 0.8445 0.4811 0.2353
vn 0.8443 0.4812 0.2357
vn 0.9642 0.2224 -0.1443
vn 0.9631 0.2209 -0.1537
vn 0.9640 0.2220 -0.1465
vn 0.9628 0.2204 -0.1565
vn 0.1829 0.7636 0.6192
vn 0.1332 0.7575 0.6391
vn -0.7097 -0.3445 0.6145
vn 0.4636 0.6915 0.5540
vn 0.3780 0.6842 0.6237
vn 0.0329 0.7154 -0.6980
vn 0.2644 0.6900 -0.6738
vn 0.3166 0.6993 -0.6409
vn 0.2717 0.6424 -0.7166
vn 0.7800 0.4403 0.4447
vn 0.5631 0.5377 0.6275
vn 0.7633 0.4603 0.4533
vn 0.9180 0.3495 0.1875
vn 0.8851 0.4652 0.0168
vn 0.7735 0.3706 0.5142
vn 0.9733 0.2213 -0.0613
vn 0.8298 -0.1614 0.5342
vn 0.9444 -0.0621 0.3228
vn 0.9218 -0.1410 0.3611
vn 0.9225 -0.2270 0.3122
vn 0.9323 -0.0222 0.3610
vn 0.2882 -0.8510 0.4391
vn 0.3794 -0.9211 0.0872
vn -0.1666 0.7116 0.6826
vn -0.0271 0.6582 -0.7524
vn 0.2895 0.8883 -0.3566
vn 0.3477 0.8493 -0.3972
vn 0.2195 0.6579 -0.7204
vn 0.3022 0.5660 -0.7670
vn 0.4980 0.3866 -0.7763
vn 0.4086 0.8990 -0.1579
vn 0.3903 0.9067 -0.1597
vn 0.7688 -0.1217 0.6278
vn 0.3335 -0.8506 0.4065
vn 0.9082 0.4185 -0.0053
vn 0.9554 0.1976 0.2194
vn 0.9359 0.1757 0.3055
vn 0.9956 0.0581 0.0729
vn 0.9621 0.1502 0.2277
vn 0.5203 -0.2371 0.8204
vn 0.5255 -0.2342 0.8179
vn 0.5209 -0.2367 0.8201
vn 0.5257 -0.2341 0.8178
vn 0.2236 -0.0798 0.9714
vn 0.8543 0.0774 0.5139
vn 0.8321 -0.0008 0.5547
vn 0.8129 0.2117 0.5426
vn 0.8125 0.2118 0.5431
vn 0.8095 0.2131 0.5472
vn 0.8093 0.2132 0.5474
vn 0.6800 0.0850 0.7283
vn 0.6468 0.1074 0.7550
vn 0.6564 -0.0660 0.7515
vn 0.6566 -0.0662 0.7514
vn 0.6606 -0.0697 0.7475
vn 0.6608 -0.0698 0.7473
vn 0.7919 0.0758 0.6059
vn 0.7784 0.0338 0.6269
vn 0.8190 0.1053 0.5641
vn 0.8154 0.0775 0.5737
vn 0.8760 -0.1028 0.4712
vn 0.7441 -0.3821 0.5480
vn 0.7497 -0.4330 0.5005
vn 0.9063 0.2528 0.3387
vn 0.8205 0.1202 0.5589
vn 0.7941 -0.0961 0.6001
vn 0.7142 0.1331 0.6872
vn 0.8628 0.2138 0.4581
vn 0.5470 0.6168 0.5660
vn 0.5143 0.6400 0.5708
vn 0.8327 0.3665 0.4151
vn 0.7639 0.4587 0.4540
vn 0.3345 0.3663 0.8683
vn 0.6564 0.7400 0.1466
vn 0.6502 0.7437 0.1555
vn 0.6556 0.7405 0.1478
vn 0.7148 0.6282 0.3075
vn 0.7169 0.6268 0.3051
vn 0.7150 0.6280 0.3072
vn 0.7174 0.6265 0.3045
vn 0.8718 0.3965 0.2875
vn 0.8967 0.3741 0.2366
vn 0.6880 0.3742 -0.6218
vn 0.7108 0.6316 -0.3097
vn 0.7632 0.6035 -0.2307
vn 0.7700 0.5760 -0.2745
vn 0.5859 0.6232 -0.5181
vn 0.5461 0.6201 -0.5632
vn 0.7545 0.5472 -0.3624
vn 0.7150 0.5485 -0.4336
vn 0.6213 0.6352 -0.4588
vn 0.5225 0.5834 -0.6218
vn 0.5254 0.5808 -0.6218
vn 0.5232 0.5828 -0.6218
vn 0.5260 0.5803 -0.6217
vn 0.7600 0.4625 -0.4566
vn 0.7482 0.4577 -0.4804
vn 0.7218 0.5284 -0.4471
vn 0.5608 0.8200 -0.1144
vn 0.5833 0.7678 -0.2649
vn 0.6089 0.7654 -0.2082
vn 0.7242 0.6669 -0.1755
vn 0.6506 0.7476 -0.1332
vn 0.9321 0.0420 0.3599
vn 0.4060 0.3693 0.8359
vn 0.4513 0.3775 0.8086
vn 0.1545 0.9357 0.3171
vn 0.3687 0.8048 0.4651
vn 0.8479 0.3062 0.4328
vn 0.9288 0.3521 0.1158
vn 0.9908 0.1062 -0.0840
vn 0.9061 -0.0221 0.4225
vn 0.7637 -0.2439 0.5977
vn 0.8944 0.0446 0.4450
vn 0.9870 0.0978 -0.1278
vn 0.8652 0.3159 0.3893
vn 0.9345 0.2225 0.2779
vn 0.3484 0.6002 0.7200
vn 0.8187 0.4142 0.3977
vn 0.8043 0.5866 0.0952
vn 0.6554 0.7530 -0.0581
vn 0.8103 0.5791 0.0899
vn -0.8518 0.0697 -0.5191
vn -0.4761 -0.8248 -0.3050
vn -0.4689 -0.7528 -0.4619
vn -0.9116 -0.3803 -0.1562
vn -0.9066 -0.3258 -0.2680
vn -0.1274 0.6149 -0.7782
vn 0.0149 0.7437 -0.6683
vn -0.1498 0.3723 -0.9160
vn -0.0646 0.2324 -0.9705
vn 0.0272 0.6816 0.7313
vn 0.0890 0.4955 0.8640
vn 0.0056 0.9836 -0.1805
vn 0.1147 0.9892 0.0915
vn 0.1158 0.9891 0.0914
vn 0.1044 0.9902 0.0930
vn 0.0612 -0.6906 0.7206
vn 0.0563 -0.5536 0.8309
vn 0.0918 -0.6113 0.7860
vn -0.0504 0.0048 0.9987
vn 0.5536 0.3194 0.7691
vn 0.5514 0.3137 0.7730
vn 0.5544 0.3216 0.7676
vn 0.5507 0.3119 0.7742
vn 0.2158 0.9499 0.2261
vn 0.1035 0.9903 0.0931
vn -0.3130 0.7212 -0.6180
vn -0.3026 0.8081 -0.5053
vn -0.3951 0.4744 -0.7867
vn -0.4034 0.4502 -0.7967
vn -0.2966 -0.0822 -0.9515
vn -0.3218 0.1406 -0.9363
vn 0.4389 -0.8817 -0.1731
vn 0.4773 -0.8677 0.1391
vn 0.4840 -0.3997 0.7784
vn 0.6749 -0.1203 0.7280
vn 0.7977 0.1899 0.5724
vn 0.8822 0.4434 0.1584
vn 0.9966 0.0714 0.0400
vn 0.8478 0.2549 0.4651
vn 0.9065 -0.1113 0.4073
vn 0.6416 0.1219 0.7573
vn 0.6848 -0.0258 0.7282
vn 0.5421 -0.1883 0.8189
vn 0.5594 -0.2308 0.7961
vn 0.5963 -0.1183 0.7940
vn 0.8466 -0.0850 0.5253
vn 0.8400 -0.1062 0.5320
vn 0.8312 0.1081 0.5454
vn 0.8069 0.0164 0.5905
vn 0.9319 -0.3059 -0.1949
vn 0.9291 -0.3107 -0.2008
vn 0.9323 -0.3052 -0.1941
vn 0.9284 -0.3118 -0.2021
vn 0.8016 -0.2697 -0.5336
vn 0.7733 -0.2245 -0.5929
vn 0.2268 -0.2578 -0.9392
vn 0.2903 -0.2258 -0.9299
vn 0.2045 -0.2826 -0.9372
vn -0.2754 -0.2642 -0.9243
vn -0.2335 -0.2973 -0.9258
vn -0.2355 -0.2089 -0.9491
vn -0.9887 -0.0969 0.1144
vn -0.9856 -0.0875 0.1447
vn -0.7824 -0.2825 0.5549
vn -0.8122 -0.2837 0.5097
vn -0.1482 -0.5072 0.8490
vn -0.1982 -0.5243 0.8281
vn 0.2384 -0.5409 0.8066
vn 0.9584 -0.2411 -0.1528
vn 0.9577 -0.2394 -0.1597
vn 0.9582 -0.2407 -0.1545
vn 0.9575 -0.2389 -0.1614
vn 0.6170 -0.2687 -0.7397
vn 0.7765 -0.3914 -0.4938
vn 0.1639 -0.4916 -0.8553
vn 0.1088 -0.4351 -0.8938
vn 0.2520 -0.2849 -0.9248
vn -0.2069 -0.3003 -0.9311
vn -0.1585 -0.3213 -0.9336
vn -0.2176 -0.4639 -0.8587
vn -0.9705 -0.2393 0.0295
vn -0.7927 -0.2648 0.5492
vn -0.7245 -0.2985 0.6213
vn -0.2158 -0.5143 0.8300
vn -0.1220 -0.2703 0.9550
vn -0.1155 -0.2677 0.9566
vn -0.1205 -0.2697 0.9554
vn -0.1139 -0.2670 0.9569
vn 0.0745 -0.2639 0.9617
vn 0.2067 -0.3319 0.9204
vn 0.6210 0.7742 0.1223
vn 0.9609 -0.1471 0.2345
vn 0.9251 0.0482 0.3766
vn 0.8809 0.2150 0.4216
vn 0.7478 0.5099 0.4252
vn 0.6448 -0.7638 0.0298
vn 0.7039 -0.7096 0.0306
vn 0.8970 -0.4298 0.1033
vn 0.2649 -0.9637 -0.0346
vn 0.1608 -0.9867 -0.0244
vn 0.0638 -0.9967 -0.0509
vn 0.0623 0.6946 0.7167
vn 0.3878 0.6385 0.6647
vn 0.4534 0.5695 0.6857
vn 0.8978 0.3153 0.3075
vn 0.9039 0.3409 0.2585
vn 0.9717 0.0678 0.2265
vn 0.9528 0.0476 0.2998
vn 0.8872 0.1678 0.4297
vn 0.9238 0.1553 0.3500
vn 0.9675 -0.0540 0.2469
vn 0.9203 -0.2624 0.2903
vn 0.8514 -0.4746 0.2233
vn 0.8584 -0.4621 0.2229
vn 0.7558 -0.6426 0.1259
vn 0.6830 -0.7186 0.1308
vn 0.2644 -0.9628 0.0555
vn 0.3499 -0.9356 0.0465
vn -0.0471 -0.9984 0.0323
vn 0.2041 -0.9710 0.1248
vn 0.9926 -0.0287 0.1184
vn 0.9568 -0.1862 0.2233
vn 0.6965 -0.1868 0.6928
vn 0.5421 -0.2114 0.8133
vn 0.8311 0.1852 0.5244
vn 0.9080 0.4155 -0.0534
vn 0.9936 0.0636 -0.0939
vn 0.9853 0.1701 0.0130
vn 0.9293 0.3413 0.1412
vn 0.9844 0.1749 -0.0186
vn 0.9957 -0.0748 0.0553
vn 0.9985 0.0359 0.0416
vn 0.9898 -0.0661 0.1260
vn 0.9293 -0.3642 -0.0614
vn 0.8975 0.1090 0.4274
vn 0.9198 0.1572 0.3596
vn 0.9298 0.1484 0.3369
vn 0.9750 0.1815 0.1283
vn 0.8387 0.1175 0.5318
vn 0.8619 0.0150 0.5068
vn 0.6140 -0.6255 0.4815
vn 0.7372 -0.5664 0.3685
vn 0.7424 -0.3810 0.5511
vn 0.7902 0.2649 0.5527
vn 0.7167 0.4836 0.5025
vn 0.8779 0.0672 0.4740
vn 0.8781 0.0681 0.4737
vn 0.8784 0.0712 0.4725
vn 0.8785 0.0716 0.4724
vn 0.5146 -0.3481 0.7836
vn 0.6784 0.0074 0.7346
vn 0.8050 -0.1820 0.5647
vn 0.8107 -0.1744 0.5589
vn 0.8057 -0.1810 0.5640
vn 0.8109 -0.1741 0.5587
vn 0.7676 -0.2091 0.6058
vn 0.1077 -0.6307 0.7685
vn 0.0050 -0.3614 0.9324
vn -0.0059 -0.6358 0.7718
vn 0.0148 -0.6484 0.7611
vn 0.0320 -0.9994 -0.0133
vn -0.0337 0.9979 0.0558
vn -0.0572 0.9568 0.2851
vn -0.0740 0.9642 0.2545
vn 0.1305 -0.9904 0.0465
vn 0.8444 -0.5286 -0.0868
vn 0.9528 -0.3017 0.0328
vn 0.9842 -0.1768 0.0055
vn 0.2991 -0.9474 -0.1139
vn 0.4675 -0.8821 -0.0583
vn 0.0660 -0.8323 0.5504
vn 0.0305 -0.7921 0.6097
vn 0.5551 0.7857 0.2728
vn 0.4851 0.7268 0.4864
vn 0.3895 0.7288 0.5632
vn 0.7423 0.3790 0.5526
vn 0.6078 0.4782 0.6340
vn 0.6241 0.4459 0.6416
vn 0.7489 0.3481 0.5638
vn 0.8897 0.3484 0.2951
vn 0.2087 0.6856 0.6975
vn 0.2111 0.6865 0.6959
vn 0.2133 0.6873 0.6943
vn 0.2136 0.6874 0.6942
vn 0.3191 -0.4402 0.8393
vn 0.0347 -0.2050 0.9781
vn 0.3264 -0.3236 0.8881
vn 0.8279 -0.5609 -0.0026
vn 0.6696 -0.0064 0.7427
vn 0.6800 -0.1833 0.7099
vn 0.0699 0.2163 0.9738
vn 0.2169 -0.2907 0.9319
vn 0.2385 -0.3519 0.9051
vn 0.8382 -0.2313 0.4939
vn 0.8248 0.0217 0.5649
vn 0.4401 -0.3694 0.8185
vn 0.4141 -0.4982 0.7618
vn 0.5594 -0.4514 0.6952
vn 0.4219 -0.8185 0.3900
vn 0.3150 -0.8987 0.3052
vn 0.0181 -0.8076 0.5895
vn 0.1073 -0.6210 0.7764
vn 0.1266 -0.6335 0.7633
vn 0.3766 -0.5368 0.7550
vn 0.1991 -0.9260 0.3207
vn -0.1358 -0.8322 0.5376
vn 0.4257 -0.6979 -0.5759
vn 0.5314 -0.5413 -0.6516
vn -0.2547 -0.8443 -0.4715
vn -0.0120 -0.6706 -0.7417
vn 0.9916 -0.0354 0.1245
vn 0.6742 -0.4643 0.5743
vn 0.5619 -0.4562 0.6900
vn 0.2211 -0.4540 0.8631
vn 0.4441 -0.5725 0.6893
vn 0.4352 -0.5843 0.6850
vn -0.1206 -0.8792 -0.4609
vn -0.0374 -0.9991 0.0195
vn 0.3656 -0.8416 0.3975
vn 0.3363 -0.9354 0.1092
vn 0.9568 -0.2451 0.1564
vn 0.9351 -0.1803 0.3052
vn 0.9882 -0.0934 0.1215
vn 0.6511 -0.1898 0.7349
vn 0.8612 -0.3212 0.3940
vn 0.9602 -0.2304 0.1577
vn 0.8767 -0.4465 0.1790
vn 0.6560 -0.6423 0.3964
vn 0.8363 -0.5396 0.0969
vn 0.3352 -0.4812 0.8100
vn 0.3468 -0.8144 0.4653
vn 0.4935 -0.8005 0.3402
vn 0.0118 -0.9344 0.3561
vn 0.2646 0.5207 0.8117
vn 0.2834 0.5312 0.7984
vn 0.2410 0.6679 0.7041
vn 0.6390 0.3356 0.6922
vn 0.7384 0.1285 0.6620
vn 0.8898 0.0067 0.4564
vn 0.7417 -0.0323 0.6700
vn 0.5523 0.0942 0.8283
vn 0.6835 0.1787 0.7077
vn 0.7081 0.1549 0.6889
vn 0.9086 -0.1441 0.3920
vn 0.8674 -0.2370 0.4376
vn 0.5724 -0.7356 0.3623
vn 0.6501 -0.7247 0.2283
vn -0.0402 -0.9981 0.0464
vn 0.0239 -0.9907 0.1339
vn 0.0742 -0.9031 0.4230
vn 0.7207 0.0855 0.6880
vn 0.4311 0.0262 0.9019
vn 0.2735 0.3595 0.8922
vn 0.2905 0.3842 0.8763
vn -0.0275 0.4943 0.8689
vn 0.6656 -0.1191 0.7368
vn 0.8197 -0.3265 0.4706
vn 0.0425 0.7381 0.6733
vn 0.0026 0.7224 0.6915
vn 0.6675 0.4620 0.5839
vn 0.7452 -0.0984 0.6596
vn 0.6673 0.2945 0.6841
vn 0.8688 -0.3151 0.3820
vn 0.9157 -0.1349 0.3786
vn 0.5897 -0.7204 0.3652
vn 0.2090 -0.9481 0.2395
vn 0.1109 -0.9251 0.3632
vn -0.1727 0.9776 0.1203
vn -0.0888 0.9952 -0.0409
vn -0.0484 0.9984 -0.0275
vn 0.2179 0.4004 -0.8900
vn 0.2802 0.3112 -0.9081
vn 0.0968 0.2086 -0.9732
vn 0.1096 0.1955 -0.9746
vn 0.0103 0.2320 -0.9727
vn 0.0449 0.0741 -0.9962
vn 0.3125 0.3046 -0.8998
vn 0.4451 0.1601 -0.8810
vn 0.7673 -0.4835 -0.4214
vn 0.8014 -0.4219 0.4240
vn 0.7263 -0.6029 0.3302
vn -0.0311 -0.8811 0.4719
vn 0.0276 -0.8659 0.4995
vn 0.0441 -0.6383 -0.7685
vn 0.0444 -0.6384 -0.7684
vn 0.0456 -0.6391 -0.7678
vn 0.0543 -0.6435 -0.7635
vn 0.2684 0.5001 -0.8233
vn 0.2071 0.5580 -0.8036
vn 0.4437 0.3438 -0.8276
vn 0.2592 0.4155 -0.8718
vn 0.0405 0.4278 -0.9029
vn 0.0926 0.5972 -0.7967
vn 0.9731 -0.1551 -0.1706
vn 0.7535 -0.2223 -0.6187
vn 0.9584 -0.1527 0.2413
vn 0.9928 -0.0457 0.1109
vn 0.8738 0.1534 -0.4615
vn 0.9455 0.0595 -0.3202
vn 0.7441 -0.0401 -0.6668
vn 0.7705 0.1303 -0.6240
vn 0.5408 -0.6516 0.5319
vn 0.4348 -0.3681 0.8219
vn 0.0113 -0.3893 0.9210
vn -0.0035 -0.3975 0.9176
vn -0.0024 -0.2929 0.9561
vn 0.0051 -0.2907 0.9568
vn -0.0003 -0.2923 0.9563
vn 0.0073 -0.2901 0.9570
vn 0.3938 -0.2621 0.8811
vn 0.4505 -0.2713 0.8506
vn 0.5500 -0.3975 0.7345
vn 0.5284 0.1935 -0.8266
vn 0.4115 0.2585 -0.8740
vn 0.0878 0.3038 -0.9487
vn 0.9751 -0.1279 0.1810
vn 0.9429 0.0394 -0.3309
vn 0.6718 0.1403 0.7273
vn 0.6129 0.1153 0.7817
vn 0.5558 0.1221 0.8223
vn -0.3588 0.1130 0.9266
vn 0.6744 0.3118 0.6693
vn 0.7613 0.2445 0.6006
vn 0.7529 0.3192 0.5755
vn 0.8477 0.4467 0.2861
vn 0.7134 0.5191 0.4707
vn 0.9488 0.0753 -0.3068
vn 0.9660 0.0544 -0.2528
vn 0.2220 -0.2716 -0.9365
vn 0.3027 -0.4306 -0.8503
vn -0.2605 -0.3378 -0.9045
vn -0.2998 -0.4149 -0.8591
vn -0.9394 0.1936 -0.2828
vn -0.9758 0.1378 -0.1700
vn -0.7136 0.5174 0.4723
vn -0.7558 0.2378 0.6101
vn -0.8225 0.4972 0.2762
vn 0.1067 0.1396 0.9844
vn -0.2595 0.6183 0.7419
vn 0.3870 0.5367 0.7498
vn -0.1681 0.6021 0.7805
vn -0.1548 0.1372 0.9784
vn 0.2779 0.6329 0.7227
vn 0.8428 0.1626 0.5131
vn 0.8499 0.1870 0.4926
vn 0.9645 -0.0240 -0.2629
vn 0.9486 0.0304 -0.3149
vn 0.3740 -0.0506 -0.9260
vn 0.3535 -0.0329 -0.9348
vn -0.3743 -0.0523 -0.9258
vn -0.3538 -0.0342 -0.9347
vn -0.9644 -0.0311 -0.2625
vn -0.9487 0.0246 -0.3152
vn -0.8419 0.1560 0.5166
vn -0.8517 0.1889 0.4888
vn 0.4379 0.3213 0.8397
vn 0.4323 0.3176 0.8439
vn 0.4373 0.3210 0.8401
vn 0.4318 0.3172 0.8444
vn -0.4208 0.3199 0.8489
vn -0.4528 0.3415 0.8236
vn -0.4175 0.2430 0.8756
vn 0.9315 0.2466 0.2676
vn 0.9390 0.2491 0.2371
vn 0.9904 0.0899 -0.1053
vn 0.9894 0.0903 -0.1135
vn 0.9901 0.0900 -0.1073
vn 0.9892 0.0903 -0.1152
vn -0.0038 -0.3043 -0.9526
vn 0.1252 -0.2414 -0.9623
vn -0.3309 -0.2953 -0.8963
vn -0.9824 0.1444 -0.1189
vn -0.9824 0.1443 -0.1184
vn -0.9827 0.1441 -0.1162
vn -0.9828 0.1440 -0.1157
vn -0.9151 0.2997 0.2699
vn -0.9211 0.3042 0.2430
vn -0.7458 0.3622 0.5591
vn -0.6827 0.2857 0.6725
vn -0.7051 0.2933 0.6456
vn 0.3940 0.3999 0.8275
vn 0.4413 0.4247 0.7905
vn -0.4635 -0.0568 -0.8843
vn -0.3721 -0.0832 -0.9245
vn -0.2790 0.0177 -0.9601
vn -0.6748 -0.0187 -0.7378
vn -0.9607 -0.2681 -0.0716
vn -0.9620 -0.1780 0.2070
vn -0.9639 -0.1786 0.1973
vn -0.9622 -0.1780 0.2061
vn -0.9646 -0.1788 0.1937
vn -0.8656 -0.3895 0.3146
vn 0.2741 -0.5406 0.7954
vn 0.2451 -0.5341 0.8091
vn 0.2325 -0.2281 0.9455
vn 0.2627 -0.2359 0.9356
vn 0.6674 -0.1738 0.7241
vn 0.6449 -0.1722 0.7446
vn 0.6085 -0.4103 0.6792
vn 0.6213 -0.4129 0.6659
vn 0.9384 -0.1987 0.2827
vn 0.9382 -0.1988 0.2834
vn 0.9376 -0.1989 0.2852
vn 0.9374 -0.1989 0.2860
vn 0.9850 -0.0628 0.1606
vn 0.9637 -0.0434 -0.2633
vn 0.9959 -0.0815 -0.0380
vn 0.9789 -0.1682 -0.1162
vn 0.9900 0.1249 -0.0649
vn 0.2001 -0.7158 -0.6690
vn -0.1620 -0.6189 -0.7686
vn 0.2343 -0.7970 -0.5567
vn -0.1828 -0.8153 -0.5494
vn -0.2739 -0.7257 -0.6311
vn 0.1339 -0.6583 -0.7407
vn -0.9224 0.2589 -0.2866
vn -0.9868 0.1504 -0.0596
vn -0.9949 -0.0299 -0.0968
vn -0.8964 0.3699 0.2441
vn -0.8927 0.3261 0.3112
vn -0.2608 0.6058 0.7517
vn -0.2625 0.6074 0.7498
vn 0.3416 0.5240 0.7802
vn 0.9341 -0.0940 0.3443
vn 0.9813 -0.1054 0.1611
vn 0.9369 -0.2838 0.2040
vn 0.8723 -0.2753 0.4040
vn 0.6151 -0.1842 0.7667
vn 0.8904 -0.2526 0.3786
vn 0.8313 0.0537 0.5533
vn 0.9735 -0.0081 0.2284
vn 0.8603 0.0819 0.5032
vn 0.8599 0.0821 0.5038
vn 0.8560 0.0839 0.5102
vn 0.8553 0.0842 0.5113
vn 0.8556 0.0303 0.5168
vn 0.8076 -0.0913 0.5827
vn 0.6757 -0.0623 0.7345
vn 0.4228 -0.2121 0.8810
vn 0.3395 -0.3151 0.8862
vn 0.0519 -0.2567 0.9651
vn 0.9224 0.2638 0.2822
vn 0.9340 0.1892 0.3031
vn 0.8844 0.3061 0.3524
vn 0.8734 0.3097 0.3760
vn 0.9316 0.1513 0.3306
vn -0.0477 -0.1790 0.9827
vn -0.0059 -0.1732 0.9849
vn 0.5021 -0.1846 0.8449
vn 0.4091 -0.1738 0.8958
vn 0.9621 -0.1259 0.2420
vn 0.9767 -0.1079 0.1855
vn 0.8807 -0.1093 -0.4608
vn 0.9890 -0.0525 -0.1383
vn 0.4496 0.1703 -0.8768
vn 0.5246 0.0152 -0.8512
vn 0.0780 0.0213 -0.9967
vn 0.0532 0.0058 -0.9986
vn 0.0370 0.1752 -0.9838
vn 0.0234 -0.9749 -0.2216
vn 0.0573 -0.9726 -0.2252
vn 0.0261 -0.9021 -0.4307
vn 0.1385 -0.8857 -0.4431
vn -0.7493 -0.5529 -0.3644
vn -0.7497 -0.5525 -0.3642
vn -0.7505 -0.5518 -0.3636
vn -0.7509 -0.5515 -0.3634
vn -0.8083 -0.5734 -0.1341
vn -0.7426 -0.6492 -0.1645
vn -0.9649 -0.1113 -0.2378
vn -0.9635 -0.1612 -0.2138
vn -0.9399 -0.0674 -0.3347
vn -0.9991 -0.0291 -0.0300
vn -0.9902 -0.0772 -0.1162
vn -0.7683 -0.4946 -0.4064
vn -0.7699 -0.4906 -0.4082
vn -0.7685 -0.4940 -0.4066
vn -0.5423 -0.6379 -0.5468
vn -0.7700 -0.4903 -0.4083
vn -0.7751 -0.4975 -0.3895
vn -0.8710 -0.4564 -0.1819
vn -0.8984 -0.2206 -0.3797
vn -0.9113 -0.2185 -0.3489
vn -0.8514 -0.4140 -0.3221
vn -0.7929 -0.3051 -0.5274
vn -0.8149 -0.2954 -0.4987
vn -0.7793 -0.2157 -0.5883
vn -0.8502 -0.1897 -0.4911
vn -0.8174 -0.1024 -0.5669
vn -0.8885 0.0167 -0.4585
vn -0.7804 -0.0379 -0.6241
vn -0.9312 -0.0612 -0.3593
vn -0.8760 -0.0129 -0.4822
vn -0.9676 -0.0101 -0.2522
vn -0.5968 -0.5341 -0.5989
vn -0.8547 0.0685 -0.5146
vn -0.6595 0.0478 -0.7502
vn -0.5360 0.1059 -0.8375
vn -0.8905 0.1645 -0.4243
vn -0.7198 -0.1577 -0.6760
vn -0.6637 -0.1497 -0.7328
vn -0.9107 -0.0153 -0.4128
vn -0.9109 -0.0153 -0.4124
vn -0.9113 -0.0154 -0.4115
vn -0.9114 -0.0154 -0.4112
vn -0.1120 -0.9934 -0.0255
vn -0.1366 -0.9906 0.0114
vn -0.0528 -0.9977 -0.0418
vn 0.0176 -0.9990 -0.0416
vn 0.0282 -0.9993 -0.0257
vn 0.9042 -0.0681 -0.4216
vn 0.9078 -0.0687 -0.4136
vn 0.9051 -0.0682 -0.4197
vn 0.9086 -0.0688 -0.4119
vn 0.7070 -0.1990 -0.6786
vn 0.6489 -0.1907 -0.7366
vn 0.9012 0.0764 -0.4267
vn 0.8513 0.0731 -0.5195
vn 0.6303 0.0666 -0.7735
vn 0.5192 -0.0467 -0.8534
vn 0.5918 -0.4202 -0.6880
vn 0.8567 0.0617 -0.5121
vn 0.8293 0.0579 -0.5558
vn 0.8767 0.0079 -0.4809
vn 0.9573 -0.0754 -0.2789
vn 0.9754 -0.0627 -0.2116
vn 0.4470 -0.1370 -0.8840
vn 0.8806 -0.0083 -0.4738
vn 0.8716 0.0235 -0.4897
vn 0.9412 -0.1864 -0.2817
vn 0.9327 -0.2018 -0.2989
vn 0.8917 -0.3175 -0.3227
vn 0.9034 -0.3096 -0.2966
vn 0.7820 -0.2931 -0.5500
vn 0.8104 -0.2769 -0.5163
vn 0.8339 -0.1522 -0.5306
vn 0.8372 -0.1477 -0.5266
vn 0.8356 -0.1498 -0.5285
vn 0.8373 -0.1475 -0.5265
vn 0.9400 0.1369 -0.3126
vn 0.9448 0.1517 -0.2905
vn 0.9464 -0.0325 -0.3214
vn 0.9617 0.0058 -0.2742
vn 0.8482 0.0719 -0.5248
vn 0.8384 0.0579 -0.5419
vn 0.8489 0.1919 -0.4925
vn 0.8320 0.1809 -0.5245
vn 0.8089 0.4333 -0.3973
vn 0.8107 0.4200 -0.4079
vn 0.8488 0.4565 -0.2668
vn 0.9225 0.2884 -0.2567
vn 0.9182 0.2690 -0.2908
vn 0.8798 0.2777 -0.3857
vn 0.5651 0.7098 -0.4205
vn 0.5284 0.6442 -0.5531
vn 0.5390 0.6293 -0.5598
vn 0.4022 0.6325 -0.6620
vn 0.4112 0.6576 -0.6312
vn 0.1130 0.8207 -0.5601
vn 0.1848 0.8245 -0.5349
vn 0.2055 0.8353 -0.5099
vn 0.8463 0.5253 -0.0885
vn 0.6497 0.7440 0.1561
vn 0.7612 0.5313 0.3720
vn 0.8461 0.5054 0.1692
vn 0.8783 0.4020 0.2589
vn 0.8582 0.5025 0.1053
vn 0.8055 0.5926 0.0071
vn 0.2218 0.8075 0.5465
vn 0.2653 0.7648 0.5871
vn 0.3490 0.9298 -0.1168
vn 0.3781 0.9227 -0.0749
vn 0.3788 -0.5014 0.7779
vn 0.3593 -0.4964 0.7903
vn 0.3688 -0.3789 0.8488
vn 0.3568 -0.3744 0.8559
vn 0.0824 -0.3953 0.9149
vn 0.0630 -0.3872 0.9199
vn 0.1018 -0.5168 0.8500
vn 0.0798 -0.5097 0.8567
vn 0.2956 -0.8033 0.5170
vn 0.2060 -0.7943 0.5715
vn 0.3435 -0.6204 0.7051
vn 0.3553 -0.6234 0.6965
vn 0.0932 -0.6429 0.7603
vn 0.0953 -0.6422 0.7606
vn 0.0938 -0.6427 0.7603
vn 0.0959 -0.6420 0.7607
vn 0.1219 -0.8216 0.5569
vn 0.1045 -0.8262 0.5537
vn 0.8885 0.3617 0.2825
vn 0.9720 0.2048 0.1148
vn 0.9485 0.2494 -0.1955
vn 0.8355 0.5396 0.1037
vn 0.9825 0.0431 0.1811
vn 0.9971 -0.0517 -0.0562
vn 0.9899 -0.0690 0.1240
vn 0.9242 -0.0547 0.3780
vn 0.9162 0.2480 0.3148
vn 0.8661 0.1560 0.4749
vn 0.8741 0.1895 0.4472
vn 0.9246 0.2443 0.2924
vn 0.9544 0.1355 0.2659
vn 0.9543 0.1343 0.2670
vn 0.9544 0.1352 0.2662
vn 0.9543 0.1342 0.2671
vn 0.9073 0.0954 0.4095
vn 0.8819 -0.0031 0.4715
vn 0.7943 -0.1105 0.5974
vn 0.7942 -0.1103 0.5975
vn 0.7942 -0.1107 0.5975
vn 0.8779 0.0163 0.4786
vn 0.9637 0.0592 0.2605
vn 0.9643 0.0627 0.2571
vn 0.9638 0.0598 0.2598
vn 0.9644 0.0630 0.2568
vn 0.9872 -0.0455 0.1531
vn 0.7953 -0.1139 0.5954
vn 0.8020 -0.0918 0.5902
vn 0.7954 -0.1142 0.5952
vn 0.9843 -0.0704 0.1617
vn 0.9684 -0.2487 0.0204
vn 0.9709 -0.2323 0.0588
vn 0.8461 -0.2354 0.4783
vn 0.8096 -0.2958 0.5069
vn 0.8215 -0.3743 0.4301
vn 0.8214 -0.3741 0.4305
vn 0.8208 -0.3736 0.4320
vn 0.8207 -0.3735 0.4325
vn 0.9493 -0.3105 0.0488
vn 0.9394 -0.3427 -0.0117
vn 0.7804 -0.4813 0.3991
vn 0.7744 -0.4778 0.4147
vn 0.9239 -0.3819 0.0222
vn 0.8903 -0.4531 -0.0445
vn 0.6228 -0.6462 0.4412
vn 0.6419 -0.6660 0.3800
vn 0.8716 -0.4900 -0.0126
vn 0.3448 -0.9064 0.2442
vn 0.4990 -0.6721 0.5470
vn 0.5017 -0.8376 -0.2159
vn -0.1307 -0.9252 0.3562
vn 0.1692 -0.9409 0.2932
vn 0.3546 -0.7883 0.5029
vn -0.1312 -0.9184 0.3732
vn -0.2900 -0.9504 0.1123
vn -0.4094 -0.8185 0.4031
vn -0.4187 -0.8198 0.3907
vn 0.0161 -0.7935 0.6084
vn 0.1916 -0.8859 0.4225
vn 0.0099 -0.7569 0.6535
vn -0.5282 -0.7454 0.4066
vn -0.4510 -0.7564 0.4738
vn -0.1257 -0.8116 0.5705
vn -0.1072 -0.8191 0.5635
vn -0.1297 -0.9347 0.3310
vn -0.1037 -0.9311 0.3498
vn -0.5088 -0.8408 0.1850
vn -0.4442 -0.8637 0.2381
vn -0.3303 -0.8654 0.3768
vn -0.4300 -0.5594 0.7086
vn -0.3435 -0.6071 0.7165
vn -0.7279 -0.5046 0.4642
vn -0.7177 -0.5019 0.4828
vn -0.7737 -0.2261 0.5918
vn -0.7988 -0.2064 0.5651
vn -0.4077 -0.2527 0.8775
vn -0.4206 -0.2498 0.8722
vn -0.7008 -0.1356 0.7004
vn -0.7870 -0.0548 0.6145
vn -0.3123 -0.1086 0.9438
vn -0.4013 -0.1264 0.9072
vn -0.0958 0.7685 0.6327
vn -0.0910 0.7671 0.6351
vn -0.3716 0.7153 0.5919
vn -0.3610 0.7208 0.5917
vn -0.3693 0.7165 0.5918
vn -0.3601 0.7213 0.5917
vn 0.6267 -0.5103 0.5890
vn 0.7473 0.2996 0.5931
vn -0.3756 0.4232 0.8245
vn -0.4071 0.4432 0.7987
vn 0.7133 0.2501 0.6548
vn 0.7172 0.2514 0.6499
vn 0.7179 0.2516 0.6491
vn 0.7181 0.2516 0.6489
vn 0.9650 0.1607 0.2073
vn 0.9650 0.1607 0.2074
vn 0.9923 0.0542 -0.1115
vn 0.9599 0.0337 -0.2784
vn 0.3607 0.1683 0.9174
vn 0.3375 0.1592 0.9278
vn 0.3382 0.4125 0.8459
vn 0.2828 0.3952 0.8740
vn 0.6776 0.3276 0.6585
vn 0.7246 0.3384 0.6004
vn 0.8143 0.1128 0.5694
vn -0.3255 0.4417 0.8360
vn -0.2028 0.4002 0.8937
vn -0.3839 0.1632 0.9088
vn -0.3549 0.1417 0.9241
vn -0.5360 0.3485 0.7689
vn -0.9975 0.0034 -0.0707
vn -0.9922 -0.0059 -0.1249
vn -0.8245 0.2350 0.5148
vn -0.9092 0.2578 0.3270
vn -0.9192 0.0733 0.3869
vn -0.8763 -0.2323 -0.4221
vn -0.9130 -0.2752 -0.3010
vn -0.7882 -0.2825 -0.5467
vn 0.2098 -0.4600 -0.8628
vn -0.1111 -0.5498 -0.8279
vn 0.9126 -0.0179 -0.4085
vn 0.6903 -0.2935 -0.6613
vn 0.9013 -0.0251 -0.4325
vn -0.1303 0.3295 -0.9351
vn -0.0687 0.3183 -0.9455
vn -0.6285 0.1850 -0.7555
vn 0.5872 -0.3402 -0.7344
vn -0.5422 -0.4688 -0.6973
vn -0.6179 -0.4569 -0.6398
vn -0.1488 0.4995 -0.8534
vn -0.2555 0.3238 -0.9110
vn -0.2525 0.3220 -0.9124
vn -0.2547 0.3234 -0.9114
vn -0.2496 0.3202 -0.9139
vn -0.7456 -0.0303 -0.6657
vn -0.6188 -0.0323 -0.7849
vn 0.8097 0.0705 -0.5826
vn 0.1698 0.3641 -0.9157
vn 0.4164 0.5311 -0.7379
vn -0.1917 0.1927 -0.9624
vn -0.3404 0.5850 -0.7362
vn -0.4023 0.6296 -0.6647
vn 0.5320 -0.6359 -0.5591
vn 0.4976 -0.5238 -0.6914
vn 0.8491 0.0500 -0.5258
vn -0.8579 0.2228 -0.4629
vn -0.5371 -0.4459 -0.7160
vn -0.6030 -0.5805 -0.5472
vn 0.5365 0.2097 -0.8174
vn 0.5066 0.1314 -0.8521
vn 0.5072 0.1317 -0.8517
vn 0.5104 0.1331 -0.8496
vn 0.5112 0.1334 -0.8490
vn 0.1610 0.1540 -0.9749
vn 0.5281 -0.0981 -0.8435
vn 0.5164 -0.1060 -0.8498
vn 0.5304 -0.2522 -0.8094
vn 0.5084 -0.2591 -0.8212
vn 0.1108 -0.2238 -0.9683
vn 0.1165 -0.2194 -0.9686
vn 0.2513 0.1519 -0.9559
vn 0.5672 0.3402 -0.7500
vn 0.6716 0.0670 -0.7379
vn 0.5158 0.3203 -0.7946
vn 0.2871 0.4368 -0.8525
vn 0.1982 0.3937 -0.8976
vn 0.5531 -0.1181 -0.8247
vn 0.6893 -0.0507 -0.7227
vn 0.2339 -0.1121 -0.9658
vn 0.2342 -0.1122 -0.9657
vn 0.2343 -0.1122 -0.9657
vn 0.4010 -0.0179 -0.9159
vn 0.6301 0.0288 -0.7760
vn 0.3525 0.0229 -0.9355
vn -0.0250 0.0345 -0.9991
vn 0.1490 0.0525 -0.9874
vn 0.7184 0.0460 -0.6941
vn 0.1559 0.1482 -0.9766
vn 0.3748 0.1242 -0.9187
vn -0.0367 0.2953 -0.9547
vn 0.7225 0.2035 -0.6607
vn 0.1134 0.4289 -0.8962
vn 0.0339 -0.5410 -0.8403
vn 0.0524 -0.5425 -0.8384
vn 0.0225 -0.6514 -0.7584
vn 0.0133 -0.6490 -0.7607
vn 0.0204 -0.6508 -0.7589
vn 0.0114 -0.6485 -0.7612
vn 0.0922 0.0279 -0.9953
vn 0.0923 0.0278 -0.9953
vn 0.0924 0.0277 -0.9953
vn 0.3057 -0.3152 -0.8984
vn -0.0271 -0.3142 -0.9490
vn -0.1810 -0.2241 -0.9576
vn 0.0966 -0.9938 -0.0551
vn 0.0983 -0.9936 -0.0555
vn 0.0978 -0.9937 -0.0554
vn 0.0990 -0.9935 -0.0557
vn 0.0414 -0.9208 -0.3877
vn -0.1784 -0.9397 -0.2919
vn -0.0968 -0.9383 -0.3321
vn -0.1800 -0.9821 -0.0550
vn -0.1813 -0.9819 -0.0554
vn -0.1817 -0.9818 -0.0555
vn -0.1826 -0.9816 -0.0557
vn -0.2661 -0.8150 0.5147
vn 0.3733 -0.8210 0.4320
vn 0.3279 -0.8759 0.3540
vn -0.5119 -0.7497 0.4194
vn 0.0356 -0.9988 -0.0334
vn -0.0346 -0.9988 -0.0333
vn -0.5842 -0.7288 0.3571
vn 0.0791 -0.9848 0.1549
vn 0.0809 -0.9700 0.2291
vn -0.1416 -0.9637 0.2263
vn 0.5203 -0.8537 -0.0234
vn 0.3977 -0.9143 -0.0767
vn 0.1007 -0.9891 -0.1077
vn 0.1502 -0.9809 -0.1232
vn 0.1768 -0.9842 -0.0084
vn 0.1447 -0.9892 0.0243
vn -0.3973 0.9122 0.1003
vn -0.8232 0.4576 -0.3360
vn -0.8928 0.3455 -0.2891
vn -0.9253 0.3786 -0.0223
vn -0.8368 0.5441 0.0607
vn -0.9998 0.0176 -0.0006
vn -0.9348 -0.0169 -0.3548
vn -0.8432 -0.1803 -0.5064
vn -0.8598 -0.2063 -0.4671
vn -0.9964 -0.0784 -0.0335
vn -0.9849 -0.1471 0.0913
vn -0.6734 -0.5523 -0.4914
vn -0.6820 -0.5735 -0.4539
vn -0.8574 -0.5072 -0.0874
vn -0.8364 -0.5468 -0.0395
vn -0.6537 -0.3518 -0.6699
vn -0.7520 -0.3168 -0.5780
vn -0.9560 -0.2659 -0.1243
vn -0.9575 -0.2809 -0.0656
vn -0.9895 -0.0640 -0.1294
vn -0.7789 -0.1258 -0.6144
vn -0.7633 -0.1222 -0.6343
vn 0.8435 -0.2459 0.4776
vn 0.7668 -0.2877 0.5737
vn 0.9742 -0.2210 -0.0461
vn 0.7366 -0.0659 0.6731
vn 0.8871 -0.0437 0.4595
vn 0.9856 -0.0638 -0.1564
vn 0.4069 0.4144 0.8141
vn 0.3302 0.4239 0.8434
vn 0.3372 0.1911 0.9218
vn -0.6672 -0.3201 0.6726
vn -0.6664 -0.3210 0.6730
vn -0.6614 -0.3259 0.6755
vn -0.6605 -0.3268 0.6759
vn -0.8183 -0.2552 0.5150
vn -0.8380 -0.2709 0.4737
vn -0.7886 -0.3993 0.4676
vn -0.7890 -0.3990 0.4672
vn -0.7906 -0.3976 0.4657
vn -0.7905 -0.3977 0.4658
vn -0.6559 -0.4437 0.6107
vn -0.6670 -0.4353 0.6046
vn -0.6841 0.7289 0.0274
vn -0.7179 0.6955 -0.0308
vn -0.7202 0.6789 -0.1431
vn -0.6620 0.7298 -0.1706
vn -0.6423 0.7515 -0.1506
vn -0.4462 0.8786 -0.1702
vn -0.4542 0.8627 -0.2223
vn -0.1485 0.9647 -0.2175
vn -0.2668 0.9305 -0.2508
vn -0.2842 0.9584 -0.0249
vn -0.2745 0.9611 -0.0310
vn -0.2827 0.9588 -0.0258
vn -0.2731 0.9615 -0.0319
vn -0.0051 0.2427 -0.9701
vn 0.0245 0.2187 -0.9755
vn 0.0280 0.2268 -0.9735
vn -0.5712 -0.8094 0.1365
vn -0.5287 -0.8318 0.1689
vn -0.1309 -0.9901 0.0505
vn -0.1307 -0.9901 0.0507
vn -0.1237 -0.9906 0.0584
vn -0.1234 -0.9906 0.0588
vn -0.1540 -0.9816 0.1127
vn -0.1303 -0.9833 0.1268
vn -0.4986 -0.8301 0.2497
vn -0.5434 -0.8043 0.2405
vn -0.1666 0.8749 -0.4547
vn -0.6220 0.6962 -0.3584
vn -0.6424 0.7165 -0.2719
vn -0.6241 0.7193 -0.3050
vn -0.1942 0.9351 -0.2964
vn -0.2104 0.9370 -0.2789
vn 0.6323 -0.7049 -0.3215
vn 0.8178 -0.5394 -0.2009
vn -0.0097 -0.9066 -0.4220
vn -0.0393 -0.9044 -0.4249
vn -0.0405 -0.8605 -0.5079
vn -0.1140 -0.8614 -0.4950
vn 0.5868 -0.7798 -0.2182
vn 0.2061 -0.8755 -0.4370
vn -0.1347 -0.9817 0.1345
vn -0.1363 -0.9814 0.1354
vn -0.1463 -0.9792 0.1406
vn -0.1470 -0.9790 0.1410
vn -0.0927 -0.9900 -0.1065
vn -0.9575 0.2245 -0.1811
vn -0.9575 0.2244 -0.1812
vn -0.9575 0.2243 -0.1816
vn -0.9578 0.2264 -0.1769
vn -0.9687 0.1330 -0.2098
vn -0.9687 0.1331 -0.2097
vn -0.9687 0.1330 -0.2097
vn -0.9687 0.1332 -0.2096
vn -0.2304 0.9090 0.3472
vn -0.0555 0.8853 0.4617
vn -0.0183 0.9169 0.3986
vn -0.0281 0.9727 0.2302
vn -0.0282 0.9727 0.2304
vn -0.0287 0.9725 0.2312
vn -0.0289 0.9724 0.2314
vn -0.2422 0.9548 0.1726
vn -0.2972 0.9291 0.2199
vn -0.3615 0.8932 -0.2674
vn -0.3048 0.9015 -0.3073
vn -0.1459 0.9491 -0.2791
vn -0.3662 0.9082 -0.2024
vn -0.1370 -0.0368 0.9899
vn -0.0898 0.0017 0.9960
vn -0.3548 0.0252 0.9346
vn -0.3766 0.0129 0.9263
vn -0.3834 -0.1294 0.9145
vn -0.3619 -0.1156 0.9250
vn -0.0882 -0.1607 0.9831
vn -0.0671 -0.1465 0.9869
vn -0.9248 0.3792 0.0319
vn -0.9245 0.3801 -0.0293
vn -0.9360 0.3447 -0.0709
vn -0.9655 0.1808 0.1873
vn -0.9944 0.1021 0.0267
vn -0.9930 0.1118 -0.0379
vn 0.3634 -0.8782 0.3111
vn -0.2686 -0.9109 0.3133
vn -0.0196 -0.9971 0.0730
vn -0.0193 -0.9972 0.0727
vn -0.0187 -0.9972 0.0721
vn -0.0156 -0.9975 0.0690
vn -0.0088 -1.0000 0.0001
vn 0.0939 -0.9956 -0.0000
vn 0.0938 -0.9956 -0.0009
vn 0.0938 -0.9956 -0.0016
vn 0.1775 -0.9792 0.0982
vn 0.0937 -0.9956 -0.0019
vn -0.6929 0.1396 -0.7073
vn -0.4404 0.5937 -0.6734
vn -0.4758 0.2927 -0.8294
vn -0.1763 0.1883 -0.9662
vn -0.1324 0.2074 -0.9693
vn -0.9798 0.1717 0.1022
vn -0.9090 0.3543 -0.2195
vn -0.8511 0.4428 -0.2821
vn -0.9053 0.4055 -0.1264
vn -0.9501 0.2867 -0.1230
vn -0.9735 0.2223 -0.0527
vn -0.7331 0.6717 -0.1067
vn -0.7524 0.6300 -0.1922
vn -0.7493 0.6589 -0.0665
vn -0.8479 0.5300 0.0141
vn -0.8058 0.5751 -0.1412
vn -0.9322 0.3608 -0.0281
vn -0.9166 0.3846 -0.1094
vn -0.9167 0.3843 -0.1093
vn -0.9167 0.3844 -0.1093
vn -0.9168 0.3841 -0.1091
vn -0.8488 0.5271 -0.0418
vn -0.9688 0.0523 0.2424
vn -0.9139 -0.1240 0.3864
vn -0.9034 -0.0778 0.4216
vn -0.7850 -0.3175 0.5319
vn -0.7908 -0.3977 0.4653
vn -0.8927 -0.2863 0.3479
vn -0.8966 -0.2240 0.3819
vn -0.9669 -0.0931 0.2375
vn -0.0280 -0.9992 0.0272
vn -0.0040 -1.0000 -0.0082
vn 0.0048 -1.0000 -0.0080
vn 0.0285 -0.9992 0.0270
vn 0.2514 -0.9493 0.1887
vn 0.3763 -0.8332 0.4053
vn 0.8624 -0.5014 -0.0695
vn 0.9530 0.2742 0.1291
vn -0.3545 -0.9309 -0.0881
vn -0.3784 -0.9256 0.0058
vn -0.2907 -0.9510 0.1053
vn 0.2181 -0.1187 -0.9687
vn 0.2460 -0.1722 -0.9539
vn -0.4372 -0.1867 -0.8798
vn -0.2908 -0.2964 -0.9097
vn -0.8132 -0.2312 -0.5341
vn -0.8160 -0.2313 -0.5298
vn -0.8157 -0.2313 -0.5302
vn -0.5125 -0.6350 -0.5780
vn -0.5179 -0.8553 -0.0150
vn -0.4994 -0.6355 -0.5889
vn -0.7809 -0.2135 -0.5870
vn -0.8140 -0.1891 -0.5492
vn -0.9302 -0.2174 -0.2958
vn -0.9451 -0.1773 -0.2746
vn -0.9368 -0.1887 -0.2946
vn -0.8609 -0.1472 -0.4869
vn -0.8104 -0.2312 -0.5384
vn -0.2381 -0.5410 0.8066
vn -0.2419 -0.5355 0.8091
vn -0.2408 -0.5373 0.8083
vn -0.4346 -0.4203 0.7965
vn -0.0206 -0.8588 0.5119
vn -0.0836 -0.5217 0.8490
vn -0.1034 -0.5478 0.8302
vn -0.5706 -0.7475 0.3401
vn -0.4309 -0.4022 0.8078
vn -0.4473 -0.2980 0.8433
vn 0.9256 -0.3678 0.0892
vn 0.8990 -0.3675 0.2382
vn 0.9937 -0.1123 0.0011
vn 0.9931 -0.0857 0.0803
vn 0.9076 -0.4191 0.0255
vn 0.4356 -0.2281 -0.8708
vn 0.4461 -0.2388 -0.8625
vn -0.0708 -0.2423 -0.9676
vn -0.1014 -0.2171 -0.9709
vn -0.1021 -0.2176 -0.9707
vn -0.1098 -0.2234 -0.9685
vn -0.1141 -0.0757 -0.9906
vn -0.0949 -0.1032 -0.9901
vn 0.4489 -0.2266 -0.8644
vn 0.2565 -0.0837 -0.9629
vn -0.9171 -0.3986 0.0024
vn -0.9310 -0.3628 -0.0408
vn -0.8691 -0.4499 0.2056
vn -0.8924 -0.4166 0.1735
vn -0.9637 -0.2657 -0.0254
vn -0.5675 -0.6488 0.5070
vn -0.7400 -0.5253 0.4200
vn -0.1282 -0.8020 0.5834
vn -0.4211 -0.6668 0.6149
vn -0.4252 -0.7779 0.4626
vn -0.5701 -0.5609 0.6003
vn -0.7378 -0.5129 0.4388
vn -0.3007 0.6335 -0.7129
vn -0.3219 0.7708 -0.5498
vn -0.3566 0.7771 -0.5185
vn -0.0189 0.1106 0.9937
vn 0.0694 -0.1082 0.9917
vn -0.2187 -0.6470 0.7304
vn -0.9596 0.2445 0.1391
vn -0.9851 0.1719 -0.0079
vn -0.9265 0.2816 -0.2495
vn -0.9324 0.2805 -0.2278
vn -0.9343 0.3066 -0.1820
vn -0.9932 0.1158 0.0087
vn -0.3374 -0.2386 0.9107
vn -0.2483 -0.2264 0.9418
vn -0.0424 -0.2865 0.9571
vn -0.0851 -0.2974 0.9510
vn -0.7697 -0.2666 0.5801
vn -0.8330 -0.2397 0.4987
vn -0.3536 0.5275 0.7725
vn -0.1461 0.4990 0.8542
vn -0.1423 0.4126 0.8997
vn -0.8821 -0.3655 0.2972
vn -0.9224 -0.2989 0.2446
vn -0.3712 0.6958 0.6148
vn -0.0411 0.7637 0.6443
vn -0.1472 0.7434 0.6524
vn -0.1314 -0.9787 -0.1581
vn -0.1484 -0.9790 -0.1396
vn -0.5648 -0.8087 -0.1641
vn -0.5454 -0.8179 -0.1836
vn -0.4914 -0.8152 -0.3066
vn -0.5458 -0.7908 -0.2769
vn -0.1734 -0.9556 -0.2383
vn -0.1536 -0.9558 -0.2506
vn -0.8883 0.4592 -0.0009
vn -0.9273 0.3664 0.0765
vn -0.9616 0.1998 -0.1880
vn -0.9927 0.1074 -0.0552
vn -0.9627 0.2557 -0.0891
vn -0.9796 0.1994 -0.0271
vn -0.8648 0.5012 0.0306
vn -0.8868 0.4559 0.0764
vn -0.2501 0.9548 0.1605
vn -0.2136 0.9684 0.1284
vn -0.6486 0.7491 0.1347
vn -0.6511 0.7463 0.1380
vn -0.6513 0.7462 0.1381
vn -0.6538 0.7433 0.1414
vn -0.6572 0.7482 0.0915
vn -0.6887 0.7143 0.1249
vn -0.2822 0.9532 0.1083
vn -0.2526 0.9637 0.0868
vn -0.6391 -0.5720 -0.5142
vn -0.8394 -0.5174 -0.1661
vn -0.8879 -0.4489 -0.1008
vn -0.6376 -0.5136 -0.5742
vn 0.1033 -0.6513 -0.7518
vn 0.1971 -0.5763 -0.7931
vn -0.1992 -0.4961 -0.8451
vn -0.1624 -0.5318 -0.8312
vn 0.1777 -0.4733 -0.8628
vn 0.6066 -0.6251 0.4912
vn 0.6184 -0.6357 0.4620
vn 0.8509 -0.5147 0.1047
vn 0.8469 -0.5242 0.0892
vn -0.1414 -0.7302 0.6684
vn -0.0858 -0.7678 0.6349
vn 0.1036 -0.7070 0.6995
vn 0.1103 -0.7132 0.6922
vn -0.1336 -0.7109 0.6904
vn -0.8600 -0.1035 -0.4998
vn -0.9855 -0.0675 -0.1559
vn -0.9855 -0.0675 -0.1558
vn -0.9855 -0.0676 -0.1554
vn -0.8360 -0.1020 -0.5392
vn 0.2769 -0.0848 -0.9572
vn -0.3279 -0.0687 -0.9422
vn -0.0429 -0.1288 -0.9907
vn -0.1207 -0.1504 -0.9812
vn 0.1173 -0.1332 -0.9841
vn 0.6883 -0.0515 0.7235
vn 0.8687 -0.0254 0.4946
vn 0.9884 -0.0584 -0.1401
vn 0.9894 -0.0598 -0.1324
vn 0.9888 -0.0589 -0.1374
vn -0.0803 0.0087 0.9967
vn -0.0548 0.0162 0.9984
vn 0.0771 0.0101 0.9970
vn 0.1553 -0.0111 0.9878
vn -0.2244 -0.1191 0.9672
vn -0.9870 -0.0244 -0.1591
vn -0.9422 0.1298 -0.3088
vn -0.9519 0.1588 0.2620
vn -0.9559 0.1574 0.2479
vn -0.9157 -0.1388 -0.3770
vn 0.3484 0.1400 -0.9268
vn 0.3747 0.1135 -0.9202
vn -0.3146 0.0942 -0.9446
vn -0.3722 0.0474 -0.9269
vn 0.3216 -0.0969 -0.9419
vn 0.9578 0.1977 0.2085
vn 0.9468 0.2074 -0.2460
vn 0.8222 -0.0514 -0.5669
vn 0.9348 -0.1137 -0.3365
vn -0.1704 0.4722 0.8649
vn -0.2256 0.4818 0.8467
vn 0.2034 0.4483 0.8704
vn 0.3467 0.5049 0.7905
vn 0.3593 0.2521 0.8985
vn -0.3556 0.2389 0.9036
vn -0.9955 -0.0854 -0.0405
vn -0.9950 -0.0872 -0.0487
vn -0.9949 -0.0876 -0.0509
vn -0.9085 -0.3719 0.1904
vn -0.9148 -0.3636 0.1762
vn -0.9524 -0.3028 -0.0361
vn -0.9515 -0.3051 -0.0402
vn -0.9524 -0.3027 -0.0358
vn 0.7243 -0.1908 -0.6626
vn 0.3678 -0.1792 -0.9125
vn 0.3479 -0.1863 -0.9188
vn 0.2567 -0.1273 -0.9581
vn 0.7234 -0.6780 0.1304
vn 0.9111 -0.4117 -0.0178
vn 0.9102 -0.3839 -0.1553
vn 0.7909 -0.6118 0.0120
vn -0.4789 -0.7911 0.3805
vn -0.2621 -0.8598 0.4382
vn -0.1173 -0.9221 0.3687
vn -0.1261 -0.9229 0.3638
vn -0.1191 -0.9223 0.3677
vn -0.1284 -0.9231 0.3624
vn -0.5761 -0.7551 0.3130
vn 0.0507 -0.5583 -0.8281
vn 0.0313 -0.7205 -0.6928
vn 0.1445 -0.6473 -0.7484
vn -0.2978 0.5069 0.8089
vn -0.9928 -0.0008 0.1196
vn -0.9156 -0.0582 0.3978
vn -0.9595 0.0267 -0.2806
vn -0.9577 0.0214 -0.2871
vn -0.9575 0.0203 -0.2878
vn -0.9570 0.0203 -0.2893
vn 0.2033 0.1432 -0.9686
vn 0.6313 0.0655 -0.7728
vn 0.0447 0.0926 -0.9947
vn 0.3719 0.0470 -0.9271
vn 0.8559 -0.0734 0.5119
vn 0.9974 -0.0635 -0.0333
vn 0.9642 -0.0382 0.2624
vn 0.9862 -0.0960 0.1347
vn -0.5942 -0.0488 0.8028
vn -0.6723 -0.0567 0.7381
vn -0.3367 -0.0898 0.9373
vn -0.2203 -0.0773 0.9724
vn -0.3676 -0.1494 0.9179
vn -0.4884 -0.8541 -0.1786
vn 0.2088 -0.9775 -0.0299
vn -0.2526 -0.8844 -0.3924
vn -0.1161 -0.8807 -0.4593
vn -0.1495 -0.8850 -0.4409
vn -0.2014 0.9730 -0.1124
vn -0.2012 0.9730 -0.1127
vn -0.2000 0.9731 -0.1143
vn -0.1999 0.9731 -0.1145
vn -0.6550 0.7459 -0.1206
vn -0.6479 0.7545 -0.1050
vn -0.6543 0.7544 0.0519
vn -0.6469 0.7616 0.0389
vn -0.2026 0.9788 0.0293
vn -0.2153 0.9756 0.0440
vn -0.6850 -0.5549 0.4721
vn -0.7678 -0.5006 0.3999
vn -0.6585 -0.6416 0.3933
vn -0.6436 -0.5516 0.5305
vn -0.4893 -0.3690 0.7902
vn -0.4584 -0.1613 0.8740
vn -0.4689 -0.6205 0.6286
vn -0.5612 -0.3517 0.7493
vn -0.6226 -0.5045 0.5983
vn -0.7893 -0.3873 0.4765
vn -0.6131 -0.3753 0.6952
vn -0.7027 -0.1288 0.6997
vn -0.9397 -0.1168 -0.3215
vn -0.9616 0.0371 -0.2719
vn -0.9713 -0.0314 -0.2359
vn -0.9581 -0.0697 -0.2778
vn -0.9545 -0.1287 -0.2690
vn -0.8173 -0.4029 -0.4119
vn -0.9336 -0.2002 0.2970
vn -0.9775 -0.0954 0.1881
vn -0.8253 -0.4818 0.2945
vn -0.8628 -0.4394 0.2499
vn -0.8010 -0.4758 0.3632
vn -0.7213 -0.5569 0.4118
vn -0.8398 -0.4054 -0.3610
vn -0.7815 -0.5587 0.2777
vn -0.9798 -0.1659 0.1117
vn -0.9787 -0.1843 0.0907
vn -0.8614 -0.4035 -0.3086
vn -0.8253 -0.4349 -0.3600
vn -0.8908 -0.4192 -0.1751
vn -0.8845 -0.4275 -0.1867
vn -0.9898 -0.0731 -0.1221
vn -0.9798 -0.1053 -0.1702
vn -0.9725 -0.1010 -0.2101
vn -0.9434 -0.1494 -0.2961
vn -0.8509 -0.5176 -0.0896
vn -0.8329 -0.5532 -0.0167
vn -0.9821 -0.1872 -0.0226
vn -0.9819 -0.1878 -0.0242
vn -0.9820 -0.1874 -0.0232
vn -0.9819 -0.1879 -0.0246
vn -0.9768 -0.0908 0.1938
vn -0.8912 -0.2032 0.4055
vn -0.7737 -0.4484 0.4477
vn -0.8763 -0.3447 0.3365
vn -0.6606 -0.4730 0.5829
vn -0.6168 -0.6469 0.4484
vn -0.9939 -0.1052 -0.0318
vn -0.9789 -0.2029 0.0219
vn -0.9175 -0.3215 0.2342
vn -0.9564 -0.2406 0.1654
vn -0.9961 0.0102 0.0873
vn -0.9726 -0.0915 0.2137
vn -0.9918 0.1029 -0.0762
vn -0.9999 0.0170 -0.0000
vn -0.0967 0.0927 -0.9910
vn 0.0659 0.0181 -0.9977
vn 0.2766 0.1692 -0.9460
vn 0.0059 -0.1478 -0.9890
vn -0.0106 -0.1440 -0.9895
vn 0.4378 0.1251 -0.8903
vn -0.0207 0.1822 -0.9830
vn -0.0306 0.1830 -0.9826
vn -0.0183 0.1820 -0.9831
vn -0.0319 0.1831 -0.9826
vn -0.8647 0.5023 0.0031
vn -0.9032 0.4182 0.0966
vn -0.9480 0.2300 0.2202
vn -0.9893 0.1307 0.0647
vn -0.9895 0.1314 0.0600
vn -0.9897 0.1320 0.0557
vn -0.9914 0.0519 0.1198
vn -0.9897 0.1320 0.0555
vn -0.9777 0.1686 -0.1251
vn -0.9849 0.1608 0.0640
vn -0.8777 0.4610 -0.1305
vn -0.8950 0.4208 -0.1482
vn 0.4305 -0.5421 -0.7217
vn 0.1547 -0.0135 -0.9879
vn -0.0711 -0.2695 -0.9604
vn 0.0192 -0.2212 -0.9750
vn 0.3887 -0.4075 -0.8264
vn 0.4294 -0.4715 -0.7702
vn 0.8613 -0.5022 0.0777
vn 0.8372 -0.5153 0.1833
vn 0.8721 -0.4545 -0.1815
vn 0.8712 -0.4598 -0.1719
vn 0.8711 -0.4605 -0.1707
vn 0.9055 -0.4243 -0.0098
vn -0.6453 -0.6738 0.3598
vn -0.5512 -0.6722 0.4943
vn -0.1623 -0.7794 0.6052
vn -0.2281 -0.7885 0.5711
vn -0.1939 -0.7485 0.6341
vn -0.9514 -0.3053 -0.0405
vn -0.8842 -0.4571 0.0964
vn -0.8591 -0.4749 0.1908
vn 0.8270 0.4966 0.2635
vn 0.8415 0.4912 0.2249
vn 0.9607 0.2481 -0.1241
vn 0.9552 0.2483 -0.1608
vn 0.0450 0.0527 -0.9976
vn 0.0713 0.0349 -0.9968
vn -0.8457 0.4787 0.2357
vn -0.8456 0.4788 0.2359
vn -0.8457 0.4788 0.2358
vn -0.8455 0.4788 0.2363
vn -0.9650 0.2192 -0.1441
vn -0.9647 0.2188 -0.1463
vn -0.9639 0.2177 -0.1534
vn -0.9635 0.2172 -0.1562
vn 0.7048 -0.3463 0.6191
vn -0.1845 0.7631 0.6194
vn -0.1340 0.7565 0.6401
vn -0.4642 0.6905 0.5548
vn -0.3811 0.6837 0.6224
vn -0.2696 0.6738 -0.6880
vn -0.4217 0.6689 -0.6121
vn -0.0021 0.7033 -0.7109
vn -0.0014 0.6537 -0.7567
vn 0.0196 0.6629 -0.7485
vn -0.2746 0.6445 -0.7136
vn -0.8867 0.4621 0.0173
vn -0.7643 0.4582 0.4538
vn -0.9191 0.3465 0.1875
vn -0.7811 0.4378 0.4451
vn -0.5636 0.5363 0.6283
vn -0.7744 0.3678 0.5148
vn -0.9741 0.2176 -0.0609
vn -0.9212 -0.1442 0.3613
vn -0.9441 -0.0655 0.3230
vn -0.8293 -0.1642 0.5342
vn -0.9217 -0.2301 0.3123
vn -0.9321 -0.0255 0.3613
vn 0.1661 0.7121 0.6822
vn -0.2871 -0.8514 0.4391
vn -0.3781 -0.9216 0.0875
vn -0.2851 0.8896 -0.3568
vn -0.3732 0.8332 -0.4080
vn -0.0391 0.9176 -0.3956
vn -0.0393 0.9177 -0.3954
vn -0.0394 0.9177 -0.3953
vn -0.1995 0.5947 -0.7788
vn -0.3326 -0.8509 0.4066
vn -0.7684 -0.1243 0.6277
vn -0.4140 0.8965 -0.1578
vn -0.3921 0.9059 -0.1601
vn -0.4993 0.3842 -0.7766
vn -0.9560 0.1943 0.2198
vn -0.9363 0.1724 0.3060
vn -0.9095 0.4157 -0.0050
vn -0.9625 0.1468 0.2282
vn -0.9958 0.0546 0.0733
vn -0.4972 -0.2508 0.8306
vn -0.5250 -0.2359 0.8178
vn -0.2271 -0.1015 0.9686
vn -0.6799 0.0823 0.7286
vn -0.6468 0.1048 0.7554
vn -0.8134 0.2086 0.5431
vn -0.8098 0.2101 0.5478
vn -0.8130 0.2088 0.5436
vn -0.8097 0.2101 0.5480
vn -0.8544 0.0742 0.5143
vn -0.8318 -0.0040 0.5550
vn -0.6560 -0.0686 0.7516
vn -0.6602 -0.0722 0.7476
vn -0.6562 -0.0687 0.7515
vn -0.6603 -0.0724 0.7475
vn -0.8756 -0.1060 0.4713
vn -0.8191 0.1023 0.5644
vn -0.8155 0.0744 0.5740
vn -0.7919 0.0728 0.6063
vn -0.7783 0.0309 0.6272
vn -0.9069 0.2497 0.3393
vn -0.7430 -0.3845 0.5479
vn -0.7484 -0.4354 0.5004
vn -0.8206 0.1173 0.5593
vn -0.7936 -0.0991 0.6003
vn -0.7143 0.1305 0.6876
vn -0.8632 0.2108 0.4587
vn -0.8335 0.3639 0.4157
vn -0.6417 0.5572 0.5270
vn -0.5192 0.6435 0.5624
vn -0.7648 0.4564 0.4547
vn -0.3152 0.3795 0.8699
vn -0.8729 0.3937 0.2881
vn -0.8978 0.3712 0.2371
vn -0.7161 0.6263 0.3081
vn -0.6817 0.6458 0.3438
vn -0.6579 0.7386 0.1471
vn -0.6571 0.7391 0.1483
vn -0.6517 0.7423 0.1560
vn -0.7649 0.6014 -0.2307
vn -0.7124 0.6297 -0.3098
vn -0.6890 0.3719 -0.6220
vn -0.7716 0.5740 -0.2743
vn -0.7559 0.5450 -0.3627
vn -0.7165 0.5464 -0.4338
vn -0.5872 0.6216 -0.5184
vn -0.5474 0.6187 -0.5635
vn -0.7614 0.4601 -0.4567
vn -0.7495 0.4553 -0.4805
vn -0.5237 0.5819 -0.6222
vn -0.5244 0.5813 -0.6221
vn -0.5266 0.5794 -0.6221
vn -0.5272 0.5788 -0.6221
vn -0.6227 0.6336 -0.4591
vn -0.7232 0.5262 -0.4473
vn -0.7258 0.6651 -0.1755
vn -0.5849 0.7666 -0.2650
vn -0.6105 0.7642 -0.2082
vn -0.5623 0.8190 -0.1143
vn -0.6523 0.7462 -0.1331
vn -0.0148 0.9632 0.2682
vn -0.5377 0.3886 0.7483
vn -0.4518 0.3759 0.8091
vn -0.9321 0.0386 0.3602
vn -0.8486 0.3034 0.4334
vn -0.7628 -0.2469 0.5976
vn -0.8944 0.0412 0.4453
vn -0.9912 0.1025 -0.0836
vn -0.9059 -0.0254 0.4227
vn -0.9299 0.3490 0.1163
vn -0.9874 0.0941 -0.1274
vn -0.8660 0.3129 0.3900
vn -0.8057 0.5845 0.0956
vn -0.6571 0.7515 -0.0579
vn -0.3482 0.5995 0.7206
vn -0.8197 0.4116 0.3984
vn -0.9351 0.2192 0.2784
vn -0.8119 0.5768 0.0903
vn 0.4775 -0.8234 -0.3066
vn 0.4769 -0.8424 -0.2511
vn 0.8962 0.0478 -0.4411
vn 0.8233 -0.5361 -0.1866
vn 0.1502 0.3729 -0.9156
vn 0.0665 0.2356 -0.9696
vn 0.1278 0.6153 -0.7779
vn -0.0147 0.7436 -0.6685
vn -0.0061 0.9835 -0.1806
vn -0.1163 0.9891 0.0905
vn -0.1152 0.9892 0.0907
vn -0.1047 0.9902 0.0921
vn -0.0282 0.6815 0.7313
vn -0.0902 0.4948 0.8643
vn 0.0494 0.0050 0.9988
vn -0.0567 -0.5533 0.8310
vn -0.0917 -0.6107 0.7865
vn -0.0606 -0.6910 0.7203
vn -0.2180 0.9491 0.2274
vn -0.5520 0.3122 0.7732
vn -0.5513 0.3104 0.7744
vn -0.5542 0.3179 0.7693
vn -0.5550 0.3200 0.7678
vn -0.1038 0.9903 0.0923
vn 0.3944 0.4746 -0.7869
vn 0.3021 0.8074 -0.5067
vn 0.3123 0.7222 -0.6171
vn 0.4026 0.4507 -0.7967
vn -0.4375 -0.8820 -0.1748
vn 0.2951 -0.0849 -0.9517
vn 0.3205 0.1398 -0.9369
vn -0.4759 -0.8687 0.1375
vn -0.6749 -0.1226 0.7277
vn -0.4839 -0.4009 0.7779
vn -0.9969 0.0679 0.0403
vn -0.8483 0.2521 0.4657
vn -0.8834 0.4409 0.1589
vn -0.7979 0.1870 0.5731
vn -0.9061 -0.1145 0.4073
vn -0.6416 0.1196 0.7577
vn -0.8463 -0.0882 0.5254
vn -0.8396 -0.1093 0.5321
vn -0.5588 -0.2327 0.7960
vn -0.5959 -0.1205 0.7940
vn -0.6846 -0.0282 0.7284
vn -0.5416 -0.1902 0.8188
vn -0.8313 0.1048 0.5459
vn -0.8068 0.0135 0.5907
vn -0.8010 -0.2725 -0.5330
vn -0.9274 -0.3150 -0.2016
vn -0.9310 -0.3091 -0.1943
vn -0.9281 -0.3139 -0.2003
vn -0.9314 -0.3084 -0.1935
vn -0.7730 -0.2273 -0.5924
vn 0.2753 -0.2631 -0.9247
vn 0.2335 -0.2964 -0.9261
vn -0.2046 -0.2833 -0.9370
vn -0.2269 -0.2585 -0.9390
vn -0.2903 -0.2267 -0.9297
vn 0.2353 -0.2079 -0.9494
vn 0.7836 -0.2794 0.5549
vn 0.8135 -0.2805 0.5094
vn 0.9892 -0.0926 0.1140
vn 0.9860 -0.0833 0.1443
vn -0.2377 -0.5417 0.8062
vn 0.1993 -0.5236 0.8283
vn 0.1495 -0.5068 0.8490
vn -0.6168 -0.2710 -0.7390
vn -0.9575 -0.2447 -0.1523
vn -0.9574 -0.2443 -0.1541
vn -0.9569 -0.2430 -0.1592
vn -0.9567 -0.2425 -0.1610
vn -0.7756 -0.3941 -0.4930
vn 0.2066 -0.2997 -0.9314
vn 0.1585 -0.3208 -0.9338
vn -0.2520 -0.2858 -0.9246
vn -0.1638 -0.4923 -0.8549
vn -0.1087 -0.4355 -0.8936
vn 0.2178 -0.4633 -0.8590
vn 0.7935 -0.2623 0.5491
vn 0.7254 -0.2963 0.6212
vn 0.9713 -0.2360 0.0292
vn -0.0738 -0.2645 0.9616
vn -0.2055 -0.3328 0.9203
vn 0.1226 -0.2703 0.9549
vn 0.1144 -0.2670 0.9569
vn 0.2166 -0.5138 0.8301
vn -0.8815 0.2117 0.4221
vn -0.9251 0.0449 0.3771
vn -0.9603 -0.1505 0.2348
vn -0.7495 0.5069 0.4258
vn -0.8956 -0.4326 0.1035
vn -0.6431 -0.7652 0.0301
vn -0.7023 -0.7112 0.0308
vn -0.0631 -0.9967 -0.0508
vn -0.1599 -0.9868 -0.0243
vn -0.2639 -0.9639 -0.0344
vn -0.0628 0.6944 0.7168
vn -0.3884 0.6375 0.6653
vn -0.4539 0.5683 0.6863
vn -0.9048 0.3380 0.2590
vn -0.8986 0.3123 0.3082
vn -0.9718 0.0643 0.2269
vn -0.9241 0.1520 0.3505
vn -0.8876 0.1647 0.4302
vn -0.9529 0.0442 0.3002
vn -0.9193 -0.2654 0.2905
vn -0.9672 -0.0574 0.2473
vn -0.8500 -0.4771 0.2234
vn -0.8570 -0.4646 0.2230
vn -0.7541 -0.6445 0.1260
vn -0.6814 -0.7201 0.1309
vn 0.0483 -0.9983 0.0323
vn -0.2633 -0.9631 0.0556
vn -0.3487 -0.9361 0.0466
vn -0.2030 -0.9712 0.1251
vn -0.5416 -0.2133 0.8131
vn -0.6959 -0.1892 0.6928
vn -0.9924 -0.0322 0.1187
vn -0.9561 -0.1894 0.2235
vn -0.8314 0.1824 0.5249
vn -0.9301 0.1451 0.3374
vn -0.8976 0.1056 0.4279
vn -0.9202 0.1539 0.3599
vn -0.9282 -0.3670 -0.0609
vn -0.9963 0.0695 0.0512
vn -0.9924 0.0116 0.1221
vn -0.9938 -0.0939 0.0601
vn -0.9927 -0.1205 0.0106
vn -0.9303 0.3383 0.1416
vn -0.9850 0.1714 -0.0183
vn -0.9859 0.1666 0.0133
vn -0.9938 0.0600 -0.0935
vn -0.9093 0.4127 -0.0531
vn -0.9756 0.1780 0.1288
vn -0.8617 0.0120 0.5072
vn -0.8388 0.1145 0.5322
vn -0.6127 -0.6269 0.4813
vn -0.7358 -0.5683 0.3684
vn -0.7413 -0.3833 0.5509
vn -0.8779 0.0641 0.4745
vn -0.8785 0.0681 0.4729
vn -0.8781 0.0649 0.4741
vn -0.8785 0.0685 0.4728
vn -0.7176 0.4814 0.5032
vn -0.7907 0.2623 0.5532
vn -0.6781 0.0049 0.7349
vn -0.5138 -0.3497 0.7834
vn -0.8042 -0.1848 0.5649
vn -0.8050 -0.1838 0.5641
vn -0.8100 -0.1772 0.5590
vn -0.8102 -0.1769 0.5588
vn -0.7668 -0.2119 0.6060
vn -0.1030 -0.6439 0.7581
vn 0.0081 -0.6525 0.7578
vn -0.0312 -0.9994 -0.0133
vn 0.0328 0.9979 0.0558
vn 0.0564 0.9569 0.2850
vn 0.0730 0.9642 0.2549
vn -0.9518 -0.3048 0.0332
vn -0.9836 -0.1802 0.0059
vn -0.8430 -0.5310 -0.0863
vn -0.1293 -0.9905 0.0467
vn -0.2980 -0.9478 -0.1137
vn -0.4662 -0.8828 -0.0580
vn -0.0646 -0.8317 0.5515
vn -0.0299 -0.7923 0.6094
vn -0.4861 0.7257 0.4869
vn -0.3902 0.7279 0.5638
vn -0.5564 0.7846 0.2733
vn -0.7430 0.3766 0.5533
vn -0.7496 0.3456 0.5645
vn -0.5898 0.4669 0.6589
vn -0.5829 0.4881 0.6496
vn -0.8906 0.3455 0.2957
vn -0.0341 0.5167 0.8555
vn -0.0498 0.7476 0.6623
vn -0.0379 0.7250 0.6877
vn -0.3184 -0.4412 0.8390
vn -0.0343 -0.2052 0.9781
vn -0.3258 -0.3242 0.8881
vn -0.8261 -0.5634 -0.0045
vn -0.6794 -0.1857 0.7099
vn -0.6693 -0.0088 0.7429
vn -0.0697 0.2162 0.9739
vn -0.2135 -0.3054 0.9280
vn -0.2278 -0.3508 0.9083
vn 0.6741 -0.7252 0.1401
vn -0.9050 -0.1838 0.3837
vn -0.8600 0.3368 0.3833
vn -0.4391 -0.3700 0.8187
vn -0.4131 -0.4979 0.7625
vn -0.5590 -0.4518 0.6953
vn -0.4211 -0.8189 0.3899
vn -0.1261 -0.6332 0.7636
vn -0.3764 -0.5371 0.7549
vn -0.1074 -0.6211 0.7764
vn -0.3140 -0.8990 0.3052
vn -0.0179 -0.8077 0.5893
vn -0.1990 -0.9260 0.3207
vn 0.1357 -0.8321 0.5377
vn -0.4247 -0.6991 -0.5753
vn -0.5306 -0.5428 -0.6511
vn 0.2557 -0.8436 -0.4721
vn 0.0133 -0.6706 -0.7417
vn -0.6730 -0.4664 0.5741
vn -0.9914 -0.0389 0.1249
vn -0.5608 -0.4579 0.6897
vn -0.4343 -0.5843 0.6856
vn -0.4435 -0.5721 0.6900
vn -0.2198 -0.4526 0.8642
vn -0.3644 -0.8424 0.3969
vn 0.1211 -0.8789 -0.4614
vn 0.0378 -0.9991 0.0200
vn -0.3351 -0.9358 0.1092
vn -0.9878 -0.0969 0.1218
vn -0.9559 -0.2484 0.1566
vn -0.9344 -0.1835 0.3053
vn -0.8754 -0.4491 0.1791
vn -0.9594 -0.2337 0.1579
vn -0.6505 -0.1921 0.7348
vn -0.8601 -0.3241 0.3940
vn -0.6545 -0.6439 0.3962
vn -0.8348 -0.5420 0.0970
vn -0.0109 -0.9344 0.3562
vn -0.3456 -0.8150 0.4651
vn -0.4921 -0.8014 0.3400
vn -0.3343 -0.4822 0.8098
vn -0.3731 0.5269 0.7637
vn -0.0961 0.6351 0.7664
vn -0.7274 0.1071 0.6778
vn -0.4800 0.4207 0.7699
vn -0.6176 0.3320 0.7130
vn -0.5521 0.0922 0.8287
vn -0.6836 0.1763 0.7082
vn -0.7306 0.0167 0.6826
vn -0.8896 0.0035 0.4568
vn -0.7082 0.1524 0.6894
vn -0.8665 -0.2400 0.4377
vn -0.9080 -0.1473 0.3923
vn -0.5708 -0.7369 0.3622
vn -0.6485 -0.7262 0.2281
vn 0.0411 -0.9981 0.0465
vn -0.0232 -0.9907 0.1343
vn -0.0732 -0.9036 0.4221
vn -0.4634 0.2901 0.8373
vn -0.2503 0.2011 0.9470
vn -0.2859 0.0820 0.9547
vn -0.6565 -0.1096 0.7463
vn 0.0274 0.4944 0.8688
vn -0.8188 -0.3249 0.4734
vn -0.0030 0.7224 0.6915
vn -0.0429 0.7380 0.6734
vn -0.6683 0.4599 0.5847
vn -0.7421 -0.0583 0.6677
vn -0.6677 0.2922 0.6847
vn -0.9065 -0.2677 0.3264
vn -0.9151 -0.1381 0.3788
vn -0.5881 -0.7217 0.3650
vn -0.1107 -0.9256 0.3618
vn -0.2077 -0.9484 0.2394
vn 0.1718 0.9778 0.1201
vn 0.0878 0.9953 -0.0408
vn 0.0478 0.9985 -0.0275
vn -0.0454 0.0740 -0.9962
vn -0.0108 0.2319 -0.9727
vn -0.0973 0.2083 -0.9732
vn -0.1102 0.1951 -0.9746
vn -0.2187 0.3997 -0.8902
vn -0.2809 0.3102 -0.9082
vn -0.3132 0.3035 -0.8999
vn -0.4457 0.1584 -0.8811
vn 0.0321 -0.8810 0.4720
vn -0.0266 -0.8659 0.4995
vn -0.8001 -0.4244 0.4239
vn -0.7247 -0.6048 0.3301
vn -0.8000 -0.2979 -0.5208
vn -0.7422 -0.4534 -0.4935
vn -0.0414 -0.6811 -0.7310
vn -0.0365 0.4396 -0.8975
vn -0.0682 0.4494 -0.8907
vn -0.4417 0.3345 -0.8325
vn -0.2179 0.5619 -0.7980
vn -0.0686 0.5648 -0.8224
vn -0.0911 0.5739 -0.8138
vn -0.8462 0.1785 -0.5021
vn -0.9458 0.0560 -0.3198
vn -0.9577 -0.1563 0.2416
vn -0.9926 -0.0494 0.1113
vn -0.9726 -0.1586 -0.1701
vn -0.7532 -0.2251 -0.6181
vn -0.7357 0.0164 -0.6771
vn -0.7574 0.1296 -0.6399
vn -0.3931 -0.2635 0.8809
vn -0.4498 -0.2729 0.8504
vn 0.0031 -0.2929 0.9561
vn 0.0009 -0.2923 0.9563
vn -0.0045 -0.2907 0.9568
vn -0.0066 -0.2901 0.9570
vn -0.0106 -0.3893 0.9211
vn 0.0042 -0.3974 0.9176
vn -0.5395 -0.6530 0.5315
vn -0.4339 -0.3696 0.8216
vn -0.5490 -0.3994 0.7342
vn -0.0341 0.2762 -0.9605
vn -0.0921 0.2932 -0.9516
vn -0.5681 0.1829 -0.8024
vn -0.4150 0.2641 -0.8706
vn -0.9431 0.0359 -0.3305
vn -0.9746 -0.1316 0.1813
vn -0.6129 0.1131 0.7821
vn -0.6719 0.1380 0.7277
vn -0.5557 0.1201 0.8226
vn 0.3715 0.1134 0.9215
vn -0.7616 0.2420 0.6012
vn -0.6748 0.3096 0.6699
vn -0.7217 0.5149 0.4625
vn -0.7593 0.3265 0.5629
vn -0.8517 0.4413 0.2827
vn -0.9492 0.0718 -0.3065
vn -0.9663 0.0508 -0.2524
vn -0.2222 -0.2729 -0.9360
vn -0.3024 -0.4315 -0.8499
vn 0.2607 -0.3371 -0.9047
vn 0.3001 -0.4139 -0.8594
vn 0.7196 0.5177 0.4628
vn 0.9388 0.1968 -0.2826
vn 0.9752 0.1415 -0.1703
vn 0.7616 0.2562 0.5952
vn 0.8217 0.4990 0.2754
vn 0.1647 0.6028 0.7807
vn -0.3770 0.5383 0.7537
vn -0.1040 0.1385 0.9849
vn 0.2572 0.6259 0.7363
vn 0.1513 0.1375 0.9789
vn -0.2729 0.6362 0.7217
vn -0.9645 -0.0284 -0.2626
vn -0.9488 0.0268 -0.3148
vn -0.8493 0.1557 0.5044
vn -0.8566 0.1806 0.4833
vn 0.3740 -0.0509 -0.9260
vn 0.3535 -0.0328 -0.9349
vn -0.3743 -0.0521 -0.9259
vn -0.3539 -0.0343 -0.9347
vn 0.8480 0.1554 0.5068
vn 0.8563 0.1837 0.4827
vn 0.9644 -0.0281 -0.2631
vn 0.9484 0.0282 -0.3159
vn 0.4125 0.3230 0.8518
vn 0.4408 0.3414 0.8302
vn -0.4127 0.3215 0.8522
vn -0.4203 0.3265 0.8466
vn 0.4075 0.2465 0.8793
vn -0.9907 0.0866 -0.1051
vn -0.9905 0.0867 -0.1070
vn -0.9898 0.0869 -0.1133
vn -0.9896 0.0870 -0.1149
vn -0.9321 0.2435 0.2680
vn -0.9397 0.2460 0.2375
vn 0.3310 -0.2942 -0.8966
vn 0.0659 -0.3321 -0.9409
vn -0.1247 -0.2419 -0.9623
vn 0.9143 0.3026 0.2694
vn 0.9203 0.3071 0.2426
vn 0.9818 0.1477 -0.1191
vn 0.9822 0.1474 -0.1165
vn 0.9819 0.1476 -0.1185
vn 0.9823 0.1473 -0.1160
vn -0.3993 0.3980 0.8259
vn -0.4477 0.4229 0.7879
vn 0.6735 0.2912 0.6794
vn 0.6952 0.2990 0.6537
vn 0.7353 0.3695 0.5681
vn 0.6745 -0.0163 -0.7381
vn 0.2785 0.0187 -0.9602
vn 0.4631 -0.0555 -0.8846
vn 0.3717 -0.0822 -0.9247
vn 0.9626 -0.1747 0.2070
vn 0.9628 -0.1748 0.2061
vn 0.9645 -0.1753 0.1975
vn 0.9652 -0.1755 0.1940
vn 0.9615 -0.2651 -0.0725
vn 0.8669 -0.3870 0.3141
vn -0.6669 -0.1762 0.7240
vn -0.6442 -0.1745 0.7447
vn -0.2320 -0.2289 0.9454
vn -0.2620 -0.2368 0.9356
vn -0.2731 -0.5413 0.7952
vn -0.2440 -0.5346 0.8091
vn -0.6075 -0.4120 0.6791
vn -0.6202 -0.4146 0.6659
vn -0.9847 -0.0664 0.1611
vn -0.9376 -0.2017 0.2831
vn -0.9369 -0.2019 0.2855
vn -0.9374 -0.2018 0.2838
vn -0.9366 -0.2019 0.2864
vn -0.9638 -0.0466 -0.2626
vn -0.9957 -0.0848 -0.0377
vn -0.9783 -0.1718 -0.1157
vn -0.9905 0.1212 -0.0645
vn 0.1833 -0.8150 -0.5497
vn -0.2338 -0.7974 -0.5564
vn -0.2008 -0.7164 -0.6682
vn 0.1622 -0.6185 -0.7689
vn 0.2745 -0.7251 -0.6316
vn -0.1335 -0.6587 -0.7405
vn 0.8953 0.3730 0.2435
vn 0.9949 -0.0261 -0.0972
vn 0.9214 0.2622 -0.2868
vn 0.9862 0.1540 -0.0600
vn 0.8918 0.3291 0.3106
vn 0.2602 0.6065 0.7513
vn 0.2619 0.6081 0.7495
vn 0.2612 0.6074 0.7502
vn 0.2621 0.6083 0.7492
vn -0.3427 0.5227 0.7806
vn -0.6145 -0.1864 0.7666
vn -0.8895 -0.2558 0.3786
vn -0.9359 -0.2871 0.2041
vn -0.8714 -0.2784 0.4039
vn -0.9337 -0.0975 0.3444
vn -0.9809 -0.1091 0.1613
vn -0.8313 0.0506 0.5535
vn -0.9734 -0.0118 0.2286
vn -0.8072 -0.0944 0.5827
vn -0.8556 0.0270 0.5170
vn -0.8604 0.0786 0.5035
vn -0.8561 0.0806 0.5105
vn -0.8600 0.0788 0.5041
vn -0.8554 0.0809 0.5116
vn -0.6754 -0.0649 0.7346
vn -0.3387 -0.3163 0.8861
vn -0.4221 -0.2138 0.8810
vn -0.0514 -0.2569 0.9651
vn -0.8742 0.3066 0.3765
vn -0.8852 0.3030 0.3530
vn -0.9232 0.2605 0.2827
vn -0.9345 0.1858 0.3036
vn -0.9319 0.1479 0.3311
vn 0.0482 -0.1788 0.9827
vn 0.0064 -0.1731 0.9849
vn -0.5015 -0.1865 0.8448
vn -0.4085 -0.1753 0.8958
vn -0.9276 -0.0957 -0.3612
vn -0.9615 -0.1295 0.2423
vn -0.9762 -0.1115 0.1858
vn -0.9889 -0.0562 -0.1379
vn -0.6550 0.0168 -0.7554
vn -0.5387 -0.0325 -0.8419
vn -0.4388 0.1607 -0.8841
vn -0.0421 0.2124 -0.9763
vn 0.7508 -0.5505 -0.3651
vn 0.7519 -0.5495 -0.3643
vn -0.0254 -0.9022 -0.4307
vn -0.1382 -0.8859 -0.4428
vn -0.0225 -0.9749 -0.2216
vn -0.0564 -0.9727 -0.2252
vn 0.8098 -0.5711 -0.1346
vn 0.7444 -0.6471 -0.1649
vn 0.9640 -0.1576 -0.2143
vn 0.9400 -0.0639 -0.3350
vn 0.9652 -0.1075 -0.2384
vn 0.9992 -0.0253 -0.0303
vn 0.9904 -0.0735 -0.1167
vn 0.5429 -0.6367 -0.5476
vn 0.7707 -0.4883 -0.4093
vn 0.7706 -0.4887 -0.4092
vn 0.7692 -0.4921 -0.4076
vn 0.7689 -0.4927 -0.4073
vn 0.7761 -0.4959 -0.3896
vn 0.8722 -0.4539 -0.1825
vn 0.7935 -0.3017 -0.5285
vn 0.8159 -0.2917 -0.4992
vn 0.8529 -0.4106 -0.3224
vn 0.8986 -0.2187 -0.3804
vn 0.9114 -0.2165 -0.3500
vn 0.7796 -0.2135 -0.5887
vn 0.8501 -0.1878 -0.4920
vn 0.8880 0.0196 -0.4595
vn 0.7801 -0.0351 -0.6247
vn 0.8175 -0.1000 -0.5672
vn 0.9312 -0.0580 -0.3598
vn 0.8759 -0.0092 -0.4825
vn 0.9677 -0.0060 -0.2520
vn 0.5974 -0.5322 -0.5999
vn 0.6592 0.0500 -0.7503
vn 0.5359 0.1077 -0.8374
vn 0.8546 0.0718 -0.5143
vn 0.8899 0.1673 -0.4244
vn 0.7200 -0.1553 -0.6764
vn 0.6638 -0.1475 -0.7332
vn 0.9106 -0.0122 -0.4130
vn 0.9112 -0.0123 -0.4118
vn 0.9108 -0.0122 -0.4127
vn 0.9113 -0.0123 -0.4115
vn -0.0169 -0.9990 -0.0417
vn 0.0530 -0.9977 -0.0420
vn 0.1372 -0.9905 0.0114
vn 0.1126 -0.9933 -0.0256
vn -0.0277 -0.9993 -0.0257
vn -0.7068 -0.2014 -0.6781
vn -0.6488 -0.1928 -0.7361
vn -0.9041 -0.0712 -0.4213
vn -0.9050 -0.0713 -0.4194
vn -0.9078 -0.0718 -0.4133
vn -0.9086 -0.0719 -0.4115
vn -0.6306 0.0644 -0.7734
vn -0.9015 0.0732 -0.4266
vn -0.8507 0.0700 -0.5210
vn -0.5193 -0.0485 -0.8532
vn -0.5912 -0.4225 -0.6870
vn -0.8567 0.0582 -0.5126
vn -0.8302 0.0547 -0.5547
vn -0.8768 0.0048 -0.4808
vn -0.4500 -0.1374 -0.8824
vn -0.8807 -0.0112 -0.4736
vn -0.9753 -0.0658 -0.2110
vn -0.9573 -0.0786 -0.2784
vn -0.8719 0.0201 -0.4893
vn -0.7815 -0.2957 -0.5494
vn -0.8099 -0.2796 -0.5157
vn -0.8908 -0.3205 -0.3220
vn -0.9026 -0.3127 -0.2959
vn -0.9407 -0.1898 -0.2812
vn -0.9321 -0.2052 -0.2983
vn -0.8336 -0.1552 -0.5301
vn -0.8354 -0.1529 -0.5280
vn -0.8370 -0.1506 -0.5261
vn -0.8371 -0.1505 -0.5260
vn -0.8486 0.0687 -0.5246
vn -0.8388 0.0548 -0.5416
vn -0.9464 -0.0360 -0.3210
vn -0.9618 0.0023 -0.2738
vn -0.9406 0.1334 -0.3122
vn -0.9454 0.1481 -0.2902
vn -0.8497 0.1888 -0.4923
vn -0.8327 0.1778 -0.5244
vn -0.9236 0.2851 -0.2565
vn -0.9192 0.2657 -0.2906
vn -0.8503 0.4537 -0.2667
vn -0.8103 0.4307 -0.3974
vn -0.8121 0.4174 -0.4079
vn -0.8809 0.2746 -0.3855
vn -0.1140 0.8205 -0.5602
vn -0.1858 0.8242 -0.5350
vn -0.4033 0.6314 -0.6623
vn -0.4124 0.6566 -0.6315
vn -0.5297 0.6429 -0.5533
vn -0.5404 0.6279 -0.5601
vn -0.5666 0.7085 -0.4207
vn -0.2066 0.8350 -0.5100
vn -0.8475 0.5028 0.1698
vn -0.8794 0.3991 0.2595
vn -0.6512 0.7425 0.1566
vn -0.7624 0.5290 0.3728
vn -0.8479 0.5228 -0.0882
vn -0.8596 0.4999 0.1057
vn -0.8071 0.5903 0.0074
vn -0.2330 0.8049 0.5457
vn -0.2909 0.7571 0.5850
vn -0.0278 0.7912 0.6109
vn -0.0274 0.7916 0.6105
vn -0.0245 0.7942 0.6072
vn -0.0242 0.7945 0.6067
vn -0.0439 0.9959 -0.0788
vn -0.0330 0.9945 -0.0997
vn -0.3853 0.9181 -0.0927
vn -0.4003 0.9133 -0.0759
vn -0.0817 -0.3955 0.9148
vn -0.0623 -0.3874 0.9198
vn -0.3680 -0.3801 0.8486
vn -0.3560 -0.3756 0.8557
vn -0.3778 -0.5025 0.7776
vn -0.3583 -0.4975 0.7900
vn -0.1010 -0.5171 0.8499
vn -0.0790 -0.5099 0.8566
vn -0.0922 -0.6432 0.7602
vn -0.0950 -0.6422 0.7606
vn -0.3425 -0.6213 0.7048
vn -0.3542 -0.6243 0.6962
vn -0.2945 -0.8039 0.5168
vn -0.2048 -0.7947 0.5714
vn -0.1213 -0.8217 0.5569
vn -0.1034 -0.8264 0.5536
vn -0.9826 0.0393 0.1814
vn -0.9969 -0.0553 -0.0559
vn -0.9494 0.2459 -0.1953
vn -0.8370 0.5372 0.1042
vn -0.8895 0.3587 0.2831
vn -0.9727 0.2013 0.1152
vn -0.9896 -0.0727 0.1243
vn -0.9239 -0.0582 0.3783
vn -0.8745 0.1863 0.4477
vn -0.8664 0.1528 0.4754
vn -0.9169 0.2447 0.3154
vn -0.9253 0.2410 0.2930
vn -0.7937 -0.1134 0.5976
vn -0.7937 -0.1137 0.5976
vn -0.7937 -0.1133 0.5977
vn -0.8778 0.0130 0.4789
vn -0.9074 0.0920 0.4100
vn -0.8817 -0.0064 0.4718
vn -0.9548 0.1319 0.2664
vn -0.9548 0.1318 0.2665
vn -0.9547 0.1308 0.2674
vn -0.9546 0.1306 0.2676
vn -0.9638 0.0556 0.2609
vn -0.9639 0.0562 0.2602
vn -0.9645 0.0591 0.2576
vn -0.9645 0.0594 0.2572
vn -0.8014 -0.0945 0.5906
vn -0.7948 -0.1169 0.5955
vn -0.7947 -0.1166 0.5957
vn -0.9869 -0.0492 0.1536
vn -0.9840 -0.0740 0.1621
vn -0.8204 -0.3772 0.4297
vn -0.8196 -0.3764 0.4319
vn -0.8202 -0.3770 0.4303
vn -0.8194 -0.3762 0.4324
vn -0.8452 -0.2383 0.4784
vn -0.8086 -0.2985 0.5069
vn -0.9675 -0.2521 0.0206
vn -0.9700 -0.2358 0.0592
vn -0.9482 -0.3138 0.0491
vn -0.7789 -0.4839 0.3989
vn -0.7730 -0.4803 0.4145
vn -0.9382 -0.3459 -0.0114
vn -0.9226 -0.3851 0.0226
vn -0.6211 -0.6479 0.4409
vn -0.6402 -0.6679 0.3796
vn -0.8889 -0.4561 -0.0441
vn -0.8700 -0.4929 -0.0121
vn -0.5004 -0.8385 -0.2155
vn -0.3436 -0.9069 0.2441
vn -0.4977 -0.6734 0.5467
vn 0.1318 -0.9251 0.3561
vn 0.4106 -0.8177 0.4034
vn 0.4200 -0.8190 0.3909
vn 0.1323 -0.9182 0.3733
vn 0.2911 -0.9501 0.1123
vn -0.1681 -0.9412 0.2932
vn -0.3534 -0.7890 0.5026
vn -0.0151 -0.7935 0.6083
vn -0.1906 -0.8862 0.4224
vn 0.5296 -0.7444 0.4068
vn 0.4523 -0.7555 0.4740
vn -0.0090 -0.7569 0.6535
vn 0.1266 -0.8114 0.5706
vn 0.1081 -0.8190 0.5636
vn 0.5106 -0.8398 0.1846
vn 0.4455 -0.8631 0.2381
vn 0.1307 -0.9345 0.3311
vn 0.1047 -0.9309 0.3499
vn 0.3310 -0.8652 0.3766
vn 0.7746 -0.2234 0.5917
vn 0.7996 -0.2036 0.5650
vn 0.7292 -0.5027 0.4642
vn 0.7190 -0.5000 0.4829
vn 0.4311 -0.5583 0.7088
vn 0.3449 -0.6061 0.7167
vn 0.4075 -0.2515 0.8779
vn 0.4214 -0.2483 0.8722
vn 0.7874 -0.0516 0.6143
vn 0.7013 -0.1331 0.7003
vn 0.3155 -0.1079 0.9428
vn 0.4019 -0.1249 0.9071
vn 0.3684 0.7187 0.5897
vn 0.3626 0.7217 0.5897
vn 0.3632 0.7214 0.5897
vn 0.3699 0.7179 0.5897
vn 0.0965 0.7690 0.6319
vn 0.0961 0.7689 0.6321
vn 0.0953 0.7687 0.6325
vn 0.0902 0.7672 0.6351
vn -0.6200 -0.5141 0.5927
vn 0.3801 0.4244 0.8218
vn 0.4119 0.4445 0.7955
vn -0.7398 0.3020 0.6012
vn -0.7046 0.2511 0.6637
vn -0.7101 0.2529 0.6571
vn -0.9926 0.0492 -0.1115
vn -0.9659 0.1564 0.2064
vn -0.9658 0.1564 0.2068
vn -0.9657 0.1564 0.2073
vn -0.9656 0.1564 0.2078
vn -0.9600 0.0288 -0.2785
vn -0.6789 0.3250 0.6584
vn -0.7254 0.3355 0.6010
vn -0.3382 0.4112 0.8465
vn -0.2832 0.3942 0.8743
vn -0.3605 0.1660 0.9179
vn -0.3373 0.1569 0.9282
vn -0.8142 0.1081 0.5705
vn 0.3841 0.1650 0.9084
vn 0.3550 0.1432 0.9238
vn 0.3254 0.4427 0.8355
vn 0.2024 0.4008 0.8935
vn 0.5356 0.3506 0.7683
vn 0.8239 0.2385 0.5141
vn 0.9083 0.2615 0.3265
vn 0.9974 0.0081 -0.0716
vn 0.9921 -0.0011 -0.1252
vn 0.9191 0.0781 0.3863
vn 0.8770 -0.2281 -0.4229
vn 0.9143 -0.2710 -0.3011
vn 0.7892 -0.2787 -0.5473
vn 0.1092 -0.5495 -0.8283
vn -0.2151 -0.4595 -0.8618
vn -0.6899 -0.2964 -0.6604
vn -0.9130 -0.0222 -0.4074
vn -0.9012 -0.0296 -0.4324
vn 0.1307 0.3306 -0.9347
vn 0.0682 0.3188 -0.9453
vn 0.6278 0.1881 -0.7553
vn -0.5858 -0.3431 -0.7342
vn 0.5434 -0.4667 -0.6978
vn 0.6174 -0.4549 -0.6418
vn 0.7454 -0.0268 -0.6661
vn 0.2551 0.3246 -0.9108
vn 0.2490 0.3209 -0.9138
vn 0.1480 0.5000 -0.8533
vn 0.6184 -0.0305 -0.7853
vn -0.8087 0.0683 -0.5842
vn 0.1912 0.1934 -0.9623
vn -0.1706 0.3637 -0.9157
vn -0.4175 0.5300 -0.7381
vn 0.3394 0.5859 -0.7358
vn 0.4012 0.6305 -0.6644
vn -0.4969 -0.5254 -0.6907
vn -0.5311 -0.6373 -0.5584
vn -0.8495 0.0468 -0.5255
vn 0.5376 -0.4441 -0.7168
vn 0.8570 0.2259 -0.4631
vn 0.6039 -0.5788 -0.5480
vn -0.5071 0.1296 -0.8521
vn -0.5110 0.1312 -0.8495
vn -0.5077 0.1298 -0.8517
vn -0.5119 0.1316 -0.8489
vn -0.5373 0.2077 -0.8174
vn -0.1615 0.1534 -0.9749
vn -0.5303 -0.2539 -0.8089
vn -0.5083 -0.2609 -0.8207
vn -0.5281 -0.1000 -0.8432
vn -0.5165 -0.1079 -0.8495
vn -0.1109 -0.2242 -0.9682
vn -0.1166 -0.2198 -0.9685
vn -0.2517 0.1509 -0.9560
vn -0.6721 0.0645 -0.7376
vn -0.5173 0.3183 -0.7944
vn -0.5679 0.3377 -0.7506
vn -0.2824 0.4337 -0.8557
vn -0.1988 0.3934 -0.8976
vn -0.5545 -0.1192 -0.8236
vn -0.6894 -0.0528 -0.7225
vn -0.2341 -0.1130 -0.9656
vn -0.2375 -0.1134 -0.9648
vn -0.6306 0.0264 -0.7757
vn -0.4013 -0.0194 -0.9158
vn -0.3531 0.0216 -0.9354
vn -0.1557 0.1477 -0.9767
vn -0.7185 0.0434 -0.6941
vn 0.0251 0.0346 -0.9991
vn -0.1496 0.0520 -0.9874
vn -0.3755 0.1229 -0.9186
vn -0.7232 0.2003 -0.6609
vn 0.0361 0.2959 -0.9545
vn -0.1139 0.4294 -0.8959
vn -0.0350 -0.5416 -0.8399
vn -0.0510 -0.5429 -0.8382
vn -0.0232 -0.6516 -0.7582
vn -0.0113 -0.6485 -0.7611
vn -0.0918 0.0282 -0.9954
vn -0.0926 0.0274 -0.9953
vn -0.3057 -0.3162 -0.8981
vn 0.0268 -0.3143 -0.9489
vn 0.1810 -0.2235 -0.9578
vn -0.0962 -0.9938 -0.0550
vn -0.0973 -0.9937 -0.0554
vn -0.0979 -0.9936 -0.0555
vn -0.0985 -0.9936 -0.0557
vn -0.0408 -0.9210 -0.3873
vn 0.0973 -0.9382 -0.3322
vn 0.1797 -0.9395 -0.2916
vn 0.1805 -0.9820 -0.0551
vn 0.1824 -0.9817 -0.0556
vn 0.1818 -0.9818 -0.0554
vn 0.1831 -0.9815 -0.0558
vn 0.2632 -0.8254 0.4994
vn -0.3719 -0.8221 0.4312
vn -0.3369 -0.8655 0.3708
vn 0.5039 -0.7543 0.4208
vn 0.0355 -0.9988 -0.0331
vn -0.0345 -0.9989 -0.0331
vn -0.1465 -0.9815 -0.1236
vn -0.3937 -0.9160 -0.0769
vn -0.5189 -0.8545 -0.0234
vn -0.1760 -0.9843 -0.0086
vn -0.1437 -0.9893 0.0244
vn 0.8219 0.4601 -0.3359
vn 0.8918 0.3482 -0.2888
vn 0.4041 0.9097 0.0954
vn 0.9242 0.3813 -0.0227
vn 0.8354 0.5463 0.0606
vn 0.8436 -0.1769 -0.5070
vn 0.8604 -0.2030 -0.4674
vn 0.9348 -0.0131 -0.3548
vn 0.9998 0.0219 -0.0008
vn 0.9967 -0.0742 -0.0339
vn 0.9855 -0.1431 0.0912
vn 0.6744 -0.5504 -0.4922
vn 0.6831 -0.5716 -0.4546
vn 0.8588 -0.5047 -0.0878
vn 0.8379 -0.5444 -0.0399
vn 0.6542 -0.3497 -0.6706
vn 0.7525 -0.3143 -0.5787
vn 0.9568 -0.2626 -0.1248
vn 0.9584 -0.2777 -0.0661
vn 0.7634 -0.1193 -0.6348
vn 0.7789 -0.1229 -0.6149
vn 0.9897 -0.0603 -0.1298
vn -0.8425 -0.2492 0.4776
vn -0.7658 -0.2907 0.5736
vn -0.9734 -0.2247 -0.0456
vn -0.7361 -0.0687 0.6733
vn -0.8868 -0.0470 0.4597
vn -0.9855 -0.0675 -0.1560
vn -0.3372 0.1900 0.9221
vn -0.4071 0.4131 0.8146
vn -0.3304 0.4229 0.8438
vt 0.073484 0.770371
vt 0.086453 0.783030
vt 0.049838 0.796332
vt 0.069057 0.809899
vt 0.053563 0.828966
vt 0.032985 0.813848
vt 0.036057 0.776883
vt 0.015509 0.793806
vt 0.063318 0.755658
vt 0.845863 0.189374
vt 0.859233 0.187975
vt 0.843460 0.244243
vt 0.673269 0.356739
vt 0.662531 0.410215
vt 0.645716 0.351908
vt 0.644217 0.412671
vt 0.657387 0.433102
vt 0.615464 0.386260
vt 0.599075 0.355094
vt 0.602839 0.321290
vt 0.614000 0.276204
vt 0.654827 0.289908
vt 0.681993 0.294944
vt 0.941536 0.310234
vt 0.953965 0.336801
vt 0.945951 0.345151
vt 0.962554 0.336796
vt 0.962253 0.277124
vt 0.825992 0.589536
vt 0.829952 0.633206
vt 0.803944 0.594557
vt 0.792762 0.641314
vt 0.788258 0.678289
vt 0.832923 0.674642
vt 0.759395 0.635265
vt 0.747275 0.676666
vt 0.784484 0.594789
vt 0.649578 0.131369
vt 0.650388 0.109644
vt 0.688692 0.135695
vt 0.687775 0.107240
vt 0.645334 0.065223
vt 0.705826 0.090034
vt 0.712206 0.116480
vt 0.888359 0.460763
vt 0.884413 0.482880
vt 0.862227 0.464070
vt 0.860378 0.487147
vt 0.966158 0.896041
vt 0.961547 0.896903
vt 0.968003 0.869219
vt 0.957776 0.871206
vt 0.961199 0.933210
vt 0.965368 0.932042
vt 0.501800 0.880981
vt 0.462083 0.876991
vt 0.500153 0.876301
vt 0.462516 0.872139
vt 0.535177 0.876972
vt 0.952920 0.872797
vt 0.643675 0.853210
vt 0.637312 0.822858
vt 0.660226 0.820045
vt 0.660181 0.850785
vt 0.554827 0.392862
vt 0.507172 0.406600
vt 0.536189 0.352867
vt 0.538524 0.419503
vt 0.479810 0.396195
vt 0.502809 0.336459
vt 0.683162 0.597303
vt 0.688554 0.586731
vt 0.690510 0.599599
vt 0.696338 0.588213
vt 0.692287 0.573946
vt 0.701244 0.574856
vt 0.840237 0.158442
vt 0.857591 0.142021
vt 0.842384 0.140169
vt 0.661066 0.462381
vt 0.671043 0.458936
vt 0.244369 0.788579
vt 0.243528 0.817933
vt 0.226423 0.785984
vt 0.224152 0.815234
vt 0.246650 0.765656
vt 0.231725 0.759168
vt 0.264296 0.759586
vt 0.263960 0.789054
vt 0.263757 0.818411
vt 0.544193 0.126532
vt 0.595806 0.127491
vt 0.543231 0.147959
vt 0.594547 0.166395
vt 0.647994 0.157056
vt 0.641294 0.189392
vt 0.539562 0.173226
vt 0.033197 0.974267
vt 0.049903 0.958880
vt 0.049868 0.975089
vt 0.614723 0.968151
vt 0.595772 0.956876
vt 0.613162 0.952024
vt 0.597133 0.948645
vt 0.605771 0.942550
vt 0.612732 0.950140
vt 0.618680 0.942658
vt 0.035335 0.982044
vt 0.043456 0.983813
vt 0.902454 0.333199
vt 0.912060 0.340137
vt 0.894689 0.339690
vt 0.906175 0.362987
vt 0.890718 0.307514
vt 0.903254 0.282636
vt 0.926269 0.268083
vt 0.603176 0.082124
vt 0.549294 0.100851
vt 0.559839 0.072470
vt 0.571281 0.440474
vt 0.589997 0.411975
vt 0.577574 0.362204
vt 0.634870 0.445427
vt 0.597865 0.458538
vt 0.620025 0.473244
vt 0.096204 0.800027
vt 0.083020 0.819932
vt 0.495875 0.452588
vt 0.485777 0.468808
vt 0.472102 0.442316
vt 0.108083 0.822501
vt 0.523217 0.464557
vt 0.514634 0.482463
vt 0.481659 0.483444
vt 0.508270 0.499904
vt 0.675032 0.967220
vt 0.675034 0.992460
vt 0.661155 0.987348
vt 0.790321 0.984467
vt 0.772029 0.970750
vt 0.784123 0.960040
vt 0.775361 0.954502
vt 0.667292 0.997698
vt 0.633277 0.884429
vt 0.636604 0.854543
vt 0.667309 0.818269
vt 0.638045 0.818269
vt 0.659410 0.814552
vt 0.635256 0.812614
vt 0.831825 0.958810
vt 0.831825 0.978019
vt 0.826770 0.965701
vt 0.182008 0.945380
vt 0.176206 0.936158
vt 0.182008 0.926746
vt 0.627027 0.835994
vt 0.465054 0.325329
vt 0.446678 0.325552
vt 0.461859 0.309488
vt 0.752327 0.602088
vt 0.746286 0.585756
vt 0.765434 0.592007
vt 0.384387 0.703273
vt 0.384931 0.731670
vt 0.369400 0.714774
vt 0.365796 0.737906
vt 0.957216 0.380843
vt 0.950606 0.403240
vt 0.936178 0.396002
vt 0.931013 0.410015
vt 0.790095 0.584551
vt 0.438222 0.346308
vt 0.456396 0.350904
vt 0.419475 0.369642
vt 0.454261 0.384865
vt 0.408017 0.341268
vt 0.396187 0.742226
vt 0.059357 0.953606
vt 0.067470 0.950248
vt 0.067470 0.986461
vt 0.595776 0.818269
vt 0.711589 0.742529
vt 0.711589 0.766165
vt 0.702084 0.744936
vt 0.050415 0.968908
vt 0.940608 0.795243
vt 0.958883 0.793770
vt 0.940517 0.813169
vt 0.959053 0.829428
vt 0.935229 0.820417
vt 0.956018 0.851357
vt 0.491045 0.845769
vt 0.464447 0.838467
vt 0.522684 0.867363
vt 0.512355 0.850172
vt 0.903391 0.243684
vt 0.905339 0.219710
vt 0.933221 0.239741
vt 0.934385 0.217126
vt 0.933841 0.199249
vt 0.920219 0.199594
vt 0.945707 0.197885
vt 0.947531 0.215500
vt 0.948447 0.238363
vt 0.774736 0.836946
vt 0.766720 0.853051
vt 0.747842 0.812568
vt 0.735589 0.835375
vt 0.740887 0.867404
vt 0.768367 0.881280
vt 0.509815 0.052100
vt 0.493108 0.076945
vt 0.494533 0.044899
vt 0.785285 0.798761
vt 0.766014 0.804722
vt 0.778244 0.788662
vt 0.754106 0.792189
vt 0.792007 0.811117
vt 0.782561 0.823703
vt 0.861273 0.126383
vt 0.844415 0.126991
vt 0.516069 0.910985
vt 0.518294 0.941212
vt 0.506906 0.935139
vt 0.666234 0.476813
vt 0.675445 0.475449
vt 0.490751 0.979495
vt 0.490782 0.985889
vt 0.488062 0.980371
vt 0.487733 0.986152
vt 0.294597 0.900830
vt 0.300532 0.901737
vt 0.295519 0.903850
vt 0.634553 0.495163
vt 0.605978 0.505036
vt 0.635632 0.528036
vt 0.654131 0.519336
vt 0.625591 0.545555
vt 0.609173 0.538090
vt 0.594261 0.528000
vt 0.253066 0.719333
vt 0.248180 0.745831
vt 0.242620 0.717095
vt 0.236604 0.733552
vt 0.264352 0.720322
vt 0.653342 0.980496
vt 0.654810 0.992845
vt 0.646411 0.991747
vt 0.645372 0.978306
vt 0.150659 0.886563
vt 0.156760 0.891524
vt 0.139872 0.898099
vt 0.146384 0.916328
vt 0.165452 0.892100
vt 0.156731 0.917897
vt 0.276507 0.922444
vt 0.278532 0.930300
vt 0.270034 0.935737
vt 0.284518 0.919507
vt 0.172309 0.849351
vt 0.160582 0.883402
vt 0.173781 0.853402
vt 0.803157 0.767631
vt 0.771168 0.764334
vt 0.790847 0.718272
vt 0.753789 0.720767
vt 0.832923 0.717862
vt 0.830908 0.764160
vt 0.514145 0.252880
vt 0.527220 0.209930
vt 0.564153 0.265390
vt 0.579420 0.220364
vt 0.628618 0.230555
vt 0.667503 0.238236
vt 0.679715 0.195911
vt 0.694254 0.243260
vt 0.705822 0.200908
vt 0.351203 0.900692
vt 0.346303 0.883081
vt 0.359903 0.882604
vt 0.353501 0.876877
vt 0.359430 0.870070
vt 0.366506 0.873723
vt 0.386818 0.769328
vt 0.385226 0.781181
vt 0.370939 0.773974
vt 0.372735 0.784660
vt 0.951329 0.451548
vt 0.940781 0.456269
vt 0.951357 0.446757
vt 0.935644 0.443729
vt 0.950960 0.439703
vt 0.645235 0.781032
vt 0.631072 0.780332
vt 0.640056 0.769396
vt 0.630571 0.766806
vt 0.656954 0.780847
vt 0.646792 0.766503
vt 0.820752 0.991397
vt 0.810606 0.981766
vt 0.823024 0.973110
vt 0.810616 0.995229
vt 0.324931 0.904302
vt 0.316483 0.888077
vt 0.330360 0.888760
vt 0.320496 0.882458
vt 0.311921 0.895696
vt 0.444291 0.920684
vt 0.448449 0.894706
vt 0.457745 0.899001
vt 0.438192 0.930077
vt 0.393824 0.855898
vt 0.385106 0.799765
vt 0.389236 0.809367
vt 0.382452 0.827751
vt 0.378542 0.809005
vt 0.388077 0.857747
vt 0.956949 0.525626
vt 0.949701 0.503405
vt 0.954233 0.480193
vt 0.946524 0.476281
vt 0.639709 0.696725
vt 0.637131 0.744431
vt 0.633605 0.712392
vt 0.311630 0.947881
vt 0.311630 0.967128
vt 0.308497 0.948570
vt 0.641590 0.737940
vt 0.644363 0.702679
vt 0.963244 0.432739
vt 0.970006 0.440605
vt 0.962003 0.470685
vt 0.970331 0.471493
vt 0.370996 0.935577
vt 0.370656 0.897971
vt 0.377772 0.928160
vt 0.378334 0.908900
vt 0.378924 0.890088
vt 0.444212 0.935278
vt 0.451241 0.931845
vt 0.447400 0.953659
vt 0.457144 0.958089
vt 0.435185 0.938344
vt 0.389454 0.865910
vt 0.396917 0.866163
vt 0.957216 0.533423
vt 0.950794 0.526858
vt 0.949622 0.535771
vt 0.629695 0.707986
vt 0.631977 0.696802
vt 0.632033 0.689442
vt 0.650357 0.691077
vt 0.969935 0.427816
vt 0.962178 0.413818
vt 0.969430 0.409322
vt 0.377324 0.940941
vt 0.368819 0.963538
vt 0.377072 0.950298
vt 0.786694 0.894131
vt 0.777417 0.871792
vt 0.789944 0.887677
vt 0.784341 0.861058
vt 0.335620 0.825519
vt 0.338624 0.836854
vt 0.316483 0.839156
vt 0.327890 0.849318
vt 0.702024 0.699929
vt 0.696295 0.687548
vt 0.702084 0.688155
vt 0.701580 0.715563
vt 0.696503 0.714787
vt 0.437788 0.782509
vt 0.447381 0.770809
vt 0.435320 0.795584
vt 0.463426 0.778314
vt 0.469980 0.786626
vt 0.462671 0.810261
vt 0.482070 0.817044
vt 0.477129 0.786464
vt 0.497958 0.818138
vt 0.797031 0.880685
vt 0.791765 0.846092
vt 0.804068 0.862026
vt 0.801776 0.843089
vt 0.806026 0.878721
vt 0.689972 0.828281
vt 0.693799 0.827805
vt 0.687650 0.832106
vt 0.693812 0.837848
vt 0.687796 0.837503
vt 0.948410 0.587152
vt 0.954467 0.589172
vt 0.948618 0.590722
vt 0.345396 0.746789
vt 0.343063 0.804716
vt 0.341226 0.782688
vt 0.341055 0.744844
vt 0.354640 0.753408
vt 0.351993 0.802673
vt 0.694762 0.802712
vt 0.694362 0.764920
vt 0.699624 0.751377
vt 0.690851 0.802777
vt 0.688379 0.811810
vt 0.691019 0.760846
vt 0.475987 0.734247
vt 0.488434 0.725185
vt 0.479498 0.748212
vt 0.493327 0.691557
vt 0.497834 0.699088
vt 0.498586 0.705156
vt 0.949020 0.641867
vt 0.954934 0.652865
vt 0.948904 0.666736
vt 0.954121 0.618387
vt 0.948917 0.618567
vt 0.957487 0.618284
vt 0.959237 0.653301
vt 0.818345 0.781783
vt 0.813357 0.782832
vt 0.796132 0.775512
vt 0.828716 0.780928
vt 0.686174 0.162407
vt 0.888739 0.433935
vt 0.861943 0.436911
vt 0.859054 0.402913
vt 0.100864 0.755350
vt 0.088661 0.738075
vt 0.114952 0.726874
vt 0.106803 0.775743
vt 0.114071 0.770470
vt 0.920622 0.814949
vt 0.932377 0.832779
vt 0.950771 0.869219
vt 0.114952 0.812836
vt 0.138251 0.972843
vt 0.153512 0.969177
vt 0.153512 0.993833
vt 0.471895 0.357547
vt 0.479184 0.324162
vt 0.715200 0.588068
vt 0.714934 0.560856
vt 0.732453 0.586472
vt 0.723983 0.628468
vt 0.712206 0.670351
vt 0.470183 0.283498
vt 0.472660 0.241751
vt 0.507771 0.296077
vt 0.486106 0.198281
vt 0.720212 0.714033
vt 0.730515 0.751565
vt 0.503020 0.161016
vt 0.732260 0.774782
vt 0.720664 0.794304
vt 0.511104 0.118516
vt 0.506970 0.137865
vt 0.769254 0.778764
vt 0.518188 0.092590
vt 0.530056 0.061917
vt 0.939052 0.273718
vt 0.955109 0.244967
vt 0.962554 0.243671
vt 0.553136 0.311321
vt 0.688508 0.660152
vt 0.702084 0.661373
vt 0.692328 0.675041
vt 0.700982 0.670714
vt 0.701417 0.676041
vt 0.684521 0.676155
vt 0.679376 0.669657
vt 0.676570 0.660144
vt 0.797593 0.825723
vt 0.517637 0.676150
vt 0.513792 0.684924
vt 0.510085 0.681411
vt 0.524380 0.681096
vt 0.948983 0.537789
vt 0.948374 0.549710
vt 0.944226 0.539239
vt 0.941496 0.553743
vt 0.692849 0.845548
vt 0.685309 0.846425
vt 0.339292 0.730361
vt 0.333687 0.730518
vt 0.329540 0.718202
vt 0.321841 0.718839
vt 0.336631 0.716140
vt 0.343446 0.729104
vt 0.947822 0.582912
vt 0.952860 0.577735
vt 0.362783 0.977970
vt 0.362783 0.985827
vt 0.357937 0.979946
vt 0.328819 0.731382
vt 0.321786 0.726215
vt 0.488025 0.881560
vt 0.506163 0.893043
vt 0.505668 0.909263
vt 0.516209 0.896828
vt 0.645210 0.537760
vt 0.655306 0.547163
vt 0.633224 0.560640
vt 0.645834 0.556477
vt 0.661696 0.534642
vt 0.621951 0.565138
vt 0.631272 0.571380
vt 0.622155 0.572763
vt 0.643909 0.580514
vt 0.638940 0.589028
vt 0.622400 0.591178
vt 0.608043 0.630486
vt 0.612563 0.615903
vt 0.612919 0.628140
vt 0.292434 0.915830
vt 0.292393 0.918509
vt 0.284537 0.916501
vt 0.473493 0.979277
vt 0.465171 0.978374
vt 0.464521 0.976443
vt 0.505285 0.882155
vt 0.701076 0.530597
vt 0.709780 0.532649
vt 0.702537 0.550597
vt 0.712206 0.552235
vt 0.518294 0.887274
vt 0.132968 0.967137
vt 0.138251 0.966585
vt 0.137522 0.970746
vt 0.561005 0.985919
vt 0.557651 0.985919
vt 0.561270 0.979281
vt 0.557563 0.978598
vt 0.712036 0.965725
vt 0.710465 0.958590
vt 0.712036 0.957817
vt 0.793977 0.905879
vt 0.784057 0.899614
vt 0.790866 0.897787
vt 0.656752 0.594568
vt 0.650951 0.585740
vt 0.662323 0.586048
vt 0.648138 0.591279
vt 0.654699 0.598292
vt 0.632166 0.629390
vt 0.607716 0.641784
vt 0.614677 0.648022
vt 0.130433 0.984629
vt 0.131995 0.987974
vt 0.127035 0.986851
vt 0.126143 0.990611
vt 0.126940 0.981042
vt 0.533465 0.512935
vt 0.528658 0.531266
vt 0.506894 0.521578
vt 0.552731 0.540248
vt 0.555925 0.525130
vt 0.218812 0.758464
vt 0.209427 0.782878
vt 0.205614 0.808416
vt 0.580608 0.570027
vt 0.579339 0.557380
vt 0.596496 0.578599
vt 0.599899 0.570494
vt 0.602591 0.559908
vt 0.589084 0.549937
vt 0.608920 0.568165
vt 0.290595 0.909060
vt 0.290434 0.905163
vt 0.707500 0.793079
vt 0.709077 0.785731
vt 0.710691 0.794903
vt 0.710532 0.798558
vt 0.708390 0.798536
vt 0.077024 0.952803
vt 0.077025 0.956896
vt 0.076080 0.960293
vt 0.070131 0.957225
vt 0.620251 0.652160
vt 0.646136 0.621490
vt 0.628553 0.654174
vt 0.646343 0.633916
vt 0.165642 0.910327
vt 0.681678 0.579633
vt 0.675091 0.594522
vt 0.670089 0.576168
vt 0.685294 0.535441
vt 0.695782 0.521923
vt 0.670884 0.540787
vt 0.667579 0.503548
vt 0.687206 0.505396
vt 0.644275 0.468614
vt 0.660556 0.544105
vt 0.564902 0.978738
vt 0.568103 0.978598
vt 0.564780 0.983273
vt 0.568103 0.985753
vt 0.205614 0.830098
vt 0.205614 0.842174
vt 0.204183 0.835761
vt 0.712190 0.943329
vt 0.712190 0.948758
vt 0.710209 0.946828
vt 0.653516 0.557944
vt 0.670366 0.552925
vt 0.665519 0.545422
vt 0.906843 0.542831
vt 0.910168 0.548891
vt 0.904877 0.545656
vt 0.909003 0.553615
vt 0.664465 0.858903
vt 0.665705 0.853440
vt 0.668295 0.858903
vt 0.913819 0.555429
vt 0.671103 0.561430
vt 0.665747 0.568545
vt 0.907225 0.537385
vt 0.904934 0.537116
vt 0.910769 0.534108
vt 0.910928 0.530579
vt 0.770127 0.979623
vt 0.768954 0.973334
vt 0.771878 0.972365
vt 0.745369 0.973372
vt 0.747031 0.974064
vt 0.743497 0.980480
vt 0.745356 0.980521
vt 0.743450 0.986887
vt 0.747031 0.988445
vt 0.130715 0.928349
vt 0.136439 0.926792
vt 0.129977 0.939426
vt 0.138251 0.938444
vt 0.123881 0.928884
vt 0.117004 0.931070
vt 0.102953 0.874203
vt 0.106827 0.872625
vt 0.105647 0.886909
vt 0.112237 0.884296
vt 0.836093 0.960924
vt 0.840206 0.957749
vt 0.842092 0.968892
vt 0.846599 0.966259
vt 0.113963 0.876388
vt 0.112995 0.872557
vt 0.114583 0.871490
vt 0.793593 0.937690
vt 0.795012 0.939174
vt 0.789675 0.944598
vt 0.114048 0.897278
vt 0.110909 0.911829
vt 0.845155 0.993089
vt 0.842349 0.992417
vt 0.832950 0.969430
vt 0.838913 0.996877
vt 0.123335 0.954188
vt 0.114952 0.940310
vt 0.772244 0.929672
vt 0.779098 0.916085
vt 0.773025 0.931987
vt 0.795029 0.923665
vt 0.112829 0.910409
vt 0.621950 0.557205
vt 0.642624 0.567551
vt 0.744317 0.973372
vt 0.738700 0.958217
vt 0.746866 0.961832
vt 0.747137 0.941903
vt 0.729091 0.930304
vt 0.747137 0.922942
vt 0.733327 0.916110
vt 0.589449 0.540408
vt 0.605095 0.550777
vt 0.397142 0.359221
vt 0.703060 0.827612
vt 0.711420 0.819807
vt 0.711420 0.840656
vt 0.393826 0.768275
vt 0.367319 0.757814
vt 0.949498 0.423178
vt 0.676265 0.812464
vt 0.640573 0.948657
vt 0.623066 0.975186
vt 0.618680 0.942454
vt 0.640583 0.977520
vt 0.942083 0.763684
vt 0.957741 0.766133
vt 0.456970 0.885146
vt 0.450004 0.880981
vt 0.389766 0.784616
vt 0.352472 0.866777
vt 0.374780 0.793960
vt 0.952138 0.460051
vt 0.970725 0.501948
vt 0.958043 0.498448
vt 0.970397 0.493687
vt 0.367252 0.869127
vt 0.379537 0.868561
vt 0.624140 0.655129
vt 0.708755 0.781016
vt 0.705313 0.790955
vt 0.706765 0.774230
vt 0.709216 0.772744
vt 0.709960 0.778167
vt 0.293075 0.909369
vt 0.289927 0.930860
vt 0.284263 0.935433
vt 0.295119 0.930907
vt 0.301355 0.908283
vt 0.300568 0.938990
vt 0.661195 0.616114
vt 0.655833 0.614061
vt 0.634073 0.614732
vt 0.628269 0.602779
vt 0.610286 0.594862
vt 0.607579 0.613717
vt 0.273796 0.963875
vt 0.267091 0.954525
vt 0.283522 0.963277
vt 0.292278 0.962620
vt 0.301195 0.967543
vt 0.339879 0.988277
vt 0.335748 0.982225
vt 0.339879 0.977970
vt 0.910451 0.555429
vt 0.911908 0.560712
vt 0.908898 0.560712
vt 0.516767 0.951187
vt 0.515405 0.945250
vt 0.518186 0.941212
vt 0.640580 0.602883
vt 0.644608 0.594541
vt 0.654724 0.571860
vt 0.922207 0.528398
vt 0.922115 0.542370
vt 0.919315 0.546857
vt 0.917479 0.539000
vt 0.916027 0.546659
vt 0.916442 0.534571
vt 0.791567 0.954188
vt 0.794809 0.959508
vt 0.790331 0.960791
vt 0.794408 0.966568
vt 0.175575 0.903024
vt 0.179379 0.906407
vt 0.178221 0.909282
vt 0.647028 0.604846
vt 0.647648 0.596885
vt 0.651715 0.598898
vt 0.652318 0.605357
vt 0.182200 0.905695
vt 0.517328 0.954411
vt 0.513798 0.953947
vt 0.072927 0.951216
vt 0.076811 0.950248
vt 0.954391 0.761115
vt 0.951823 0.759581
vt 0.954391 0.758217
vt 0.829152 0.924693
vt 0.829018 0.928280
vt 0.826425 0.924492
vt 0.129276 0.976886
vt 0.830192 0.921285
vt 0.828451 0.918534
vt 0.288551 0.902896
vt 0.297690 0.915300
vt 0.476755 0.990109
vt 0.469579 0.991919
vt 0.466554 0.983210
vt 0.471890 0.996249
vt 0.477324 0.996747
vt 0.282104 0.907897
vt 0.276803 0.910736
vt 0.297984 0.918243
vt 0.661104 0.595250
vt 0.659433 0.600639
vt 0.666466 0.605090
vt 0.678248 0.603495
vt 0.155140 0.926746
vt 0.143910 0.923552
vt 0.513307 0.949855
vt 0.511362 0.945819
vt 0.514863 0.947228
vt 0.509756 0.949017
vt 0.160471 0.980990
vt 0.161283 0.984930
vt 0.158647 0.981624
vt 0.158734 0.978482
vt 0.309945 0.947819
vt 0.310520 0.945239
vt 0.311722 0.946571
vt 0.709267 0.740674
vt 0.705520 0.742529
vt 0.706412 0.734212
vt 0.702084 0.735587
vt 0.922207 0.554550
vt 0.919456 0.552780
vt 0.705310 0.718950
vt 0.776801 0.932365
vt 0.782875 0.917666
vt 0.782970 0.945120
vt 0.782136 0.942106
vt 0.789147 0.939758
vt 0.783732 0.934803
vt 0.775988 0.938472
vt 0.777945 0.932688
vt 0.784108 0.924484
vt 0.790341 0.934212
vt 0.635858 0.984304
vt 0.638308 0.985941
vt 0.636281 0.989527
vt 0.639288 0.990688
vt 0.553073 0.986261
vt 0.550512 0.983270
vt 0.554000 0.978598
vt 0.639288 0.977520
vt 0.913361 0.542467
vt 0.778677 0.943649
vt 0.710408 0.714898
vt 0.707768 0.719396
vt 0.710706 0.706481
vt 0.783319 0.918395
vt 0.786747 0.915109
vt 0.777252 0.931801
vt 0.712172 0.719335
vt 0.710706 0.718001
vt 0.712172 0.706481
vt 0.792629 0.934965
vt 0.611598 0.579846
vt 0.244697 0.713726
vt 0.237516 0.703273
vt 0.267227 0.973640
vt 0.280266 0.974541
vt 0.271076 0.980796
vt 0.281068 0.970687
vt 0.290870 0.969485
vt 0.173223 0.840963
vt 0.180379 0.845391
vt 0.178537 0.853098
vt 0.182200 0.850340
vt 0.618430 0.660108
vt 0.605076 0.652391
vt 0.671014 0.858985
vt 0.672679 0.856141
vt 0.675644 0.856487
vt 0.711534 0.679992
vt 0.712008 0.676726
vt 0.712008 0.682761
vt 0.614555 0.655035
vt 0.608963 0.652949
vt 0.602949 0.644121
vt 0.602630 0.652217
vt 0.290754 0.896253
vt 0.285820 0.901338
vt 0.297452 0.894707
vt 0.294038 0.894996
vt 0.205614 0.862532
vt 0.205614 0.866802
vt 0.204532 0.863097
vt 0.180694 0.839785
vt 0.177795 0.836185
vt 0.180408 0.830363
vt 0.119293 0.989981
vt 0.123998 0.985212
vt 0.914805 0.558773
vt 0.914475 0.556374
vt 0.916010 0.555483
vt 0.589121 0.972127
vt 0.590991 0.970943
vt 0.589232 0.975262
vt 0.069631 0.957831
vt 0.069719 0.963246
vt 0.067555 0.962097
vt 0.704912 0.842696
vt 0.703060 0.841105
vt 0.704912 0.840656
vt 0.070273 0.977930
vt 0.067568 0.975777
vt 0.070258 0.974607
vt 0.075834 0.962983
vt 0.073890 0.962315
vt 0.917371 0.558605
vt 0.477324 0.978881
vt 0.927916 0.349041
vt 0.925247 0.378834
vt 0.939614 0.363153
vt 0.940266 0.380843
vt 0.314042 0.993399
vt 0.311921 0.984829
vt 0.318223 0.987873
vt 0.312545 0.977995
vt 0.317790 0.977970
vt 0.323297 0.988877
vt 0.323297 0.978866
vt 0.917208 0.701381
vt 0.911701 0.701914
vt 0.917469 0.692611
vt 0.905853 0.694357
vt 0.916329 0.585579
vt 0.907103 0.584049
vt 0.920622 0.570311
vt 0.912662 0.561254
vt 0.918363 0.625118
vt 0.912227 0.622193
vt 0.904495 0.625382
vt 0.897077 0.560856
vt 0.810284 0.972738
vt 0.810284 0.987826
vt 0.807104 0.975342
vt 0.943863 0.361464
vt 0.723597 0.901854
vt 0.728206 0.916154
vt 0.720200 0.934795
vt 0.725577 0.926078
vt 0.719394 0.897787
vt 0.713153 0.932753
vt 0.945979 0.366091
vt 0.309945 0.947881
vt 0.301328 0.942936
vt 0.309945 0.932608
vt 0.771939 0.949123
vt 0.771939 0.960241
vt 0.768922 0.952470
vt 0.728206 0.973372
vt 0.734859 0.978136
vt 0.735263 0.990748
vt 0.743450 0.991257
vt 0.743450 0.978423
vt 0.812031 0.938936
vt 0.819418 0.939846
vt 0.810284 0.962742
vt 0.818416 0.963858
vt 0.824749 0.940077
vt 0.825184 0.972227
vt 0.595775 0.968064
vt 0.595775 0.982689
vt 0.590991 0.973393
vt 0.920412 0.667914
vt 0.912573 0.647360
vt 0.725720 0.953071
vt 0.713453 0.968484
vt 0.171794 0.902722
vt 0.172506 0.909086
vt 0.176547 0.890555
vt 0.172925 0.896065
vt 0.461658 0.964872
vt 0.450619 0.968685
vt 0.463505 0.970119
vt 0.440601 0.960331
vt 0.439169 0.953930
vt 0.606942 0.996740
vt 0.597579 0.997860
vt 0.607006 0.992420
vt 0.596867 0.991930
vt 0.102952 0.975682
vt 0.103000 0.971383
vt 0.112294 0.976753
vt 0.113521 0.970641
vt 0.656957 0.673392
vt 0.649298 0.682210
vt 0.645023 0.672492
vt 0.641370 0.677390
vt 0.477324 0.989239
vt 0.480195 0.976549
vt 0.480889 0.990820
vt 0.352829 0.989013
vt 0.349198 0.983199
vt 0.352829 0.977970
vt 0.711589 0.819807
vt 0.703060 0.818444
vt 0.711539 0.809486
vt 0.969083 0.392236
vt 0.969169 0.401459
vt 0.962732 0.396839
vt 0.960345 0.401850
vt 0.962191 0.391873
vt 0.370599 0.971601
vt 0.376954 0.972437
vt 0.369557 0.976520
vt 0.377025 0.966982
vt 0.449936 0.979501
vt 0.464520 0.980064
vt 0.437582 0.972498
vt 0.595800 0.977707
vt 0.607007 0.977587
vt 0.114564 0.956595
vt 0.102947 0.956529
vt 0.660361 0.663006
vt 0.646781 0.660156
vt 0.671969 0.666876
vt 0.674724 0.660947
vt 0.962206 0.380846
vt 0.969253 0.381232
vt 0.368753 0.987516
vt 0.376118 0.987526
vt 0.376523 0.980537
vt 0.313142 0.705284
vt 0.320715 0.703305
vt 0.329206 0.703317
vt 0.690574 0.860286
vt 0.685568 0.859494
vt 0.680674 0.858628
vt 0.528032 0.669267
vt 0.535147 0.674031
vt 0.153512 0.979226
vt 0.158647 0.978482
vt 0.158647 0.985484
vt 0.949284 0.559413
vt 0.654810 0.986215
vt 0.657942 0.977932
vt 0.660038 0.986215
vt 0.952363 0.561260
vt 0.945683 0.562759
vt 0.946258 0.571664
vt 0.962137 0.560888
vt 0.960967 0.575524
vt 0.695895 0.733480
vt 0.472458 0.768164
vt 0.956452 0.687016
vt 0.956712 0.699167
vt 0.948372 0.686004
vt 0.947625 0.698118
vt 0.962139 0.687673
vt 0.796233 0.897787
vt 0.801580 0.892100
vt 0.336473 0.811990
vt 0.329156 0.824728
vt 0.433803 0.945483
vt 0.546986 0.981140
vt 0.550512 0.978598
vt 0.550512 0.986744
vt 0.710942 0.915195
vt 0.705511 0.928248
vt 0.704647 0.922418
vt 0.308497 0.962792
vt 0.308497 0.973621
vt 0.301815 0.969576
vt 0.958390 0.758217
vt 0.951823 0.758217
vt 0.954442 0.749616
vt 0.710835 0.904334
vt 0.711151 0.914942
vt 0.705549 0.903954
vt 0.704450 0.909950
vt 0.633034 0.683020
vt 0.703870 0.807053
vt 0.711437 0.798558
vt 0.577733 0.524003
vt 0.563882 0.508877
vt 0.584717 0.511345
vt 0.572059 0.491716
vt 0.875890 0.990210
vt 0.860129 0.981967
vt 0.875227 0.974745
vt 0.861555 0.965243
vt 0.736971 0.897787
vt 0.875890 0.957617
vt 0.572523 0.537203
vt 0.569865 0.561554
vt 0.228377 0.730312
vt 0.815221 0.898213
vt 0.821134 0.899188
vt 0.824532 0.907471
vt 0.723285 0.986648
vt 0.728194 0.979545
vt 0.714711 0.985977
vt 0.915772 0.671540
vt 0.903980 0.672767
vt 0.968003 0.969695
vt 0.963720 0.971194
vt 0.967365 0.995911
vt 0.960138 0.997590
vt 0.425286 0.865239
vt 0.397142 0.862471
vt 0.427147 0.860694
vt 0.397754 0.852917
vt 0.411970 0.836466
vt 0.422699 0.823155
vt 0.440852 0.830417
vt 0.430177 0.815942
vt 0.434579 0.809539
vt 0.446785 0.812582
vt 0.456906 0.775070
vt 0.448092 0.798460
vt 0.458160 0.758788
vt 0.468696 0.734586
vt 0.484297 0.687879
vt 0.501937 0.677166
vt 0.507332 0.674766
vt 0.507917 0.677683
vt 0.679859 0.845193
vt 0.683484 0.836048
vt 0.513328 0.671576
vt 0.676776 0.855223
vt 0.522648 0.664419
vt 0.041318 0.952777
vt 0.046525 0.952822
vt 0.618680 0.973814
vt 0.615222 0.975618
vt 0.605939 0.976370
vt 0.342602 0.717133
vt 0.336380 0.704780
vt 0.896490 0.000042
vt 0.900832 0.000107
vt 0.897824 0.014086
vt 0.902858 0.013011
vt 0.345809 0.726895
vt 0.903572 0.022644
vt 0.899853 0.024467
vt 0.906540 0.031662
vt 0.359088 0.790906
vt 0.360528 0.747230
vt 0.360218 0.826616
vt 0.345951 0.854225
vt 0.364932 0.846426
vt 0.359792 0.862258
vt 0.506787 0.019671
vt 0.523130 0.023436
vt 0.767518 0.895949
vt 0.746570 0.892840
vt 0.483515 0.039291
vt 0.505045 0.000953
vt 0.518036 0.000000
vt 0.494499 0.017254
vt 0.535677 0.002147
vt 0.572237 0.045250
vt 0.544870 0.032253
vt 0.558534 0.011163
vt 0.608663 0.032986
vt 0.606842 0.058617
vt 0.635097 0.038672
vt 0.675735 0.064855
vt 0.658108 0.042066
vt 0.669391 0.036410
vt 0.680005 0.043229
vt 0.844042 0.554464
vt 0.855487 0.512242
vt 0.856173 0.552745
vt 0.700616 0.562885
vt 0.684600 0.561913
vt 0.710656 0.564028
vt 0.231991 0.892802
vt 0.226169 0.853424
vt 0.247317 0.895212
vt 0.244415 0.856557
vt 0.263922 0.857425
vt 0.264389 0.896152
vt 0.081698 0.724964
vt 0.112327 0.713380
vt 0.055617 0.740130
vt 0.080310 0.711464
vt 0.052535 0.723348
vt 0.110337 0.703273
vt 0.579374 0.473938
vt 0.593973 0.493491
vt 0.531619 0.443422
vt 0.501636 0.430357
vt 0.459040 0.415083
vt 0.453147 0.434887
vt 0.438386 0.428536
vt 0.440298 0.408047
vt 0.423026 0.399128
vt 0.314297 0.959255
vt 0.336863 0.959780
vt 0.312163 0.973269
vt 0.337387 0.977970
vt 0.336005 0.928015
vt 0.318108 0.931228
vt 0.357275 0.937810
vt 0.337166 0.900298
vt 0.338506 0.889147
vt 0.798752 0.783512
vt 0.548102 0.966698
vt 0.566574 0.966731
vt 0.549278 0.976937
vt 0.570311 0.978598
vt 0.535177 0.972909
vt 0.538882 0.957175
vt 0.523095 0.848716
vt 0.533806 0.863962
vt 0.563805 0.952819
vt 0.550220 0.948644
vt 0.562776 0.937129
vt 0.507146 0.815855
vt 0.563894 0.919260
vt 0.554095 0.915665
vt 0.564077 0.880879
vt 0.567273 0.900502
vt 0.485055 0.786286
vt 0.570311 0.883984
vt 0.966415 0.014060
vt 0.967621 0.001987
vt 0.973149 0.011998
vt 0.975533 0.000000
vt 0.482959 0.769615
vt 0.488131 0.749224
vt 0.964392 0.051125
vt 0.970183 0.046268
vt 0.974260 0.056834
vt 0.972582 0.080493
vt 0.963313 0.081422
vt 0.930947 0.541781
vt 0.932984 0.536606
vt 0.936210 0.545661
vt 0.938026 0.540182
vt 0.826770 0.986502
vt 0.827780 0.978019
vt 0.831211 0.986502
vt 0.922705 0.557904
vt 0.929950 0.552488
vt 0.930404 0.558973
vt 0.255430 0.974673
vt 0.250935 0.989957
vt 0.245646 0.971706
vt 0.243017 0.986100
vt 0.922520 0.544148
vt 0.930402 0.544507
vt 0.948774 0.604013
vt 0.953781 0.603819
vt 0.336123 0.743273
vt 0.339229 0.755278
vt 0.972603 0.095138
vt 0.969660 0.110352
vt 0.962903 0.095970
vt 0.962593 0.111492
vt 0.975047 0.107819
vt 0.506490 0.694564
vt 0.516448 0.687587
vt 0.691393 0.813739
vt 0.694145 0.813050
vt 0.354156 0.734641
vt 0.905112 0.040764
vt 0.908557 0.046407
vt 0.659736 0.965080
vt 0.660898 0.970836
vt 0.659336 0.970836
vt 0.494925 0.679148
vt 0.701800 0.680858
vt 0.691347 0.687394
vt 0.365587 0.857346
vt 0.711114 0.926959
vt 0.710786 0.933704
vt 0.430829 0.938251
vt 0.434463 0.931844
vt 0.711179 0.900686
vt 0.711103 0.897276
vt 0.540769 0.978598
vt 0.543538 0.986759
vt 0.539434 0.986759
vt 0.305733 0.975934
vt 0.702084 0.924647
vt 0.628178 0.685657
vt 0.702084 0.908331
vt 0.632758 0.680342
vt 0.888739 0.274407
vt 0.889266 0.243803
vt 0.893197 0.218969
vt 0.910518 0.186323
vt 0.902108 0.185337
vt 0.920331 0.190184
vt 0.919298 0.184735
vt 0.365796 0.866777
vt 0.905997 0.165398
vt 0.911538 0.172127
vt 0.906255 0.176893
vt 0.917404 0.173043
vt 0.904738 0.140975
vt 0.909578 0.133505
vt 0.915010 0.145676
vt 0.913842 0.127121
vt 0.905266 0.097786
vt 0.912993 0.104975
vt 0.912702 0.079095
vt 0.908747 0.060615
vt 0.905066 0.053437
vt 0.912389 0.050325
vt 0.911976 0.046679
vt 0.910902 0.032897
vt 0.909852 0.023329
vt 0.909990 0.015489
vt 0.905645 0.000285
vt 0.910700 0.000550
vt 0.601247 0.972259
vt 0.597611 0.965455
vt 0.610481 0.977574
vt 0.050145 0.951358
vt 0.045772 0.950539
vt 0.037102 0.957894
vt 0.034170 0.965417
vt 0.044515 0.986172
vt 0.050110 0.977010
vt 0.050415 0.978786
vt 0.205614 0.842174
vt 0.205614 0.849840
vt 0.204245 0.843350
vt 0.779002 0.983449
vt 0.664457 0.972722
vt 0.671362 0.660567
vt 0.788106 0.950002
vt 0.790331 0.952936
vt 0.782701 0.955889
vt 0.629415 0.911182
vt 0.630986 0.942454
vt 0.611611 0.940531
vt 0.655196 0.906968
vt 0.653419 0.939901
vt 0.974356 0.744557
vt 0.971670 0.732789
vt 0.968367 0.711235
vt 0.962139 0.706819
vt 0.962682 0.725302
vt 0.974356 0.682237
vt 0.969881 0.683441
vt 0.613975 0.800604
vt 0.611875 0.813464
vt 0.596353 0.808434
vt 0.617315 0.779122
vt 0.607203 0.776768
vt 0.621227 0.766860
vt 0.615214 0.763548
vt 0.623155 0.743389
vt 0.627241 0.742593
vt 0.945762 0.495321
vt 0.332338 0.874091
vt 0.337288 0.874365
vt 0.464521 0.887600
vt 0.460358 0.903103
vt 0.205941 0.145328
vt 0.237050 0.119836
vt 0.222952 0.156348
vt 0.252694 0.134741
vt 0.235858 0.173956
vt 0.268558 0.153379
vt 0.186121 0.186446
vt 0.199117 0.197637
vt 0.173414 0.178367
vt 0.770218 0.318518
vt 0.763705 0.272450
vt 0.812444 0.309372
vt 0.808219 0.246888
vt 0.761013 0.238706
vt 0.778141 0.209805
vt 0.808683 0.186807
vt 0.829677 0.190906
vt 0.823917 0.167936
vt 0.846992 0.306520
vt 0.894042 0.617243
vt 0.902601 0.616429
vt 0.884519 0.644817
vt 0.908538 0.675791
vt 0.885202 0.609697
vt 0.178656 0.399500
vt 0.206499 0.386969
vt 0.188549 0.434933
vt 0.222295 0.425351
vt 0.265990 0.814823
vt 0.306203 0.809482
vt 0.274285 0.850423
vt 0.308583 0.850960
vt 0.311921 0.894686
vt 0.291960 0.894115
vt 0.165772 0.355456
vt 0.181604 0.351915
vt 0.828578 0.494427
vt 0.787137 0.530908
vt 0.789485 0.488163
vt 0.788189 0.466796
vt 0.828479 0.466702
vt 0.148596 0.728455
vt 0.152044 0.733015
vt 0.136502 0.762702
vt 0.140190 0.765835
vt 0.132373 0.762015
vt 0.144010 0.728115
vt 0.153873 0.703273
vt 0.163302 0.704018
vt 0.169137 0.705161
vt 0.075279 0.920073
vt 0.077025 0.950248
vt 0.060400 0.918135
vt 0.056290 0.948830
vt 0.077003 0.863874
vt 0.338644 0.252391
vt 0.300927 0.240728
vt 0.327363 0.225770
vt 0.320553 0.294632
vt 0.274902 0.253570
vt 0.288271 0.314186
vt 0.849113 0.021184
vt 0.847963 0.009602
vt 0.859246 0.020300
vt 0.875758 0.006239
vt 0.877873 0.018548
vt 0.880528 0.032448
vt 0.861956 0.034222
vt 0.850886 0.034387
vt 0.828169 0.139515
vt 0.594988 0.824542
vt 0.577263 0.817763
vt 0.595448 0.795070
vt 0.575702 0.794762
vt 0.561681 0.823640
vt 0.557050 0.796629
vt 0.575426 0.765387
vt 0.555336 0.767302
vt 0.595776 0.765714
vt 0.744601 0.424961
vt 0.784668 0.408325
vt 0.787720 0.441259
vt 0.743644 0.463587
vt 0.344935 0.519976
vt 0.339101 0.499404
vt 0.391875 0.515176
vt 0.388007 0.476374
vt 0.334944 0.474211
vt 0.474699 0.976353
vt 0.481678 0.966153
vt 0.481682 0.968087
vt 0.487690 0.974848
vt 0.465947 0.971245
vt 0.464519 0.963246
vt 0.483324 0.950035
vt 0.658825 0.969067
vt 0.640586 0.955638
vt 0.658825 0.952858
vt 0.642799 0.947616
vt 0.651964 0.944877
vt 0.833521 0.622441
vt 0.842765 0.625718
vt 0.848882 0.675900
vt 0.851768 0.617898
vt 0.842926 0.595795
vt 0.873583 0.688177
vt 0.353611 0.544766
vt 0.749118 0.509183
vt 0.397142 0.561003
vt 0.363456 0.572738
vt 0.755041 0.181468
vt 0.764789 0.136371
vt 0.800706 0.153443
vt 0.786265 0.124443
vt 0.742373 0.229018
vt 0.725072 0.190908
vt 0.712206 0.167383
vt 0.740398 0.150934
vt 0.295092 0.185265
vt 0.269329 0.199640
vt 0.281080 0.169109
vt 0.248745 0.186468
vt 0.244138 0.212625
vt 0.218187 0.204568
vt 0.919618 0.987525
vt 0.912686 0.991503
vt 0.905487 0.977613
vt 0.919605 0.957668
vt 0.905145 0.990609
vt 0.890917 0.972383
vt 0.904924 0.960754
vt 0.897994 0.957618
vt 0.052586 0.908460
vt 0.055117 0.917158
vt 0.043650 0.925875
vt 0.047698 0.936247
vt 0.055353 0.887210
vt 0.240345 0.957995
vt 0.242452 0.980304
vt 0.233438 0.956787
vt 0.705672 0.678803
vt 0.710967 0.706481
vt 0.702084 0.677666
vt 0.710967 0.660144
vt 0.102946 0.983536
vt 0.082178 0.968853
vt 0.096266 0.961292
vt 0.077091 0.954949
vt 0.204157 0.993178
vt 0.187563 0.983184
vt 0.202338 0.964882
vt 0.182200 0.960555
vt 0.233444 0.332852
vt 0.216607 0.352281
vt 0.208393 0.335845
vt 0.196272 0.345513
vt 0.174320 0.343019
vt 0.181860 0.338970
vt 0.170622 0.323337
vt 0.213512 0.312536
vt 0.196416 0.290257
vt 0.238324 0.304684
vt 0.246486 0.268113
vt 0.682885 0.933573
vt 0.682452 0.915877
vt 0.702006 0.935487
vt 0.702084 0.900172
vt 0.024783 0.934239
vt 0.015509 0.967511
vt 0.033193 0.950248
vt 0.024763 0.982343
vt 0.033193 0.985500
vt 0.970467 0.541820
vt 0.957216 0.507700
vt 0.970467 0.501948
vt 0.676857 0.908575
vt 0.699164 0.878308
vt 0.167769 0.721293
vt 0.170279 0.740660
vt 0.159123 0.759991
vt 0.951506 0.980502
vt 0.933232 0.965914
vt 0.953174 0.941509
vt 0.925638 0.935800
vt 0.898259 0.756329
vt 0.886862 0.756036
vt 0.898839 0.738586
vt 0.886232 0.738145
vt 0.873181 0.756984
vt 0.856861 0.738333
vt 0.852954 0.714631
vt 0.883284 0.715714
vt 0.898205 0.715687
vt 0.287130 0.609350
vt 0.252657 0.629372
vt 0.286058 0.576875
vt 0.245558 0.601632
vt 0.233548 0.587548
vt 0.266678 0.557268
vt 0.310060 0.598890
vt 0.227938 0.575841
vt 0.246229 0.553406
vt 0.974560 0.186226
vt 0.972006 0.199000
vt 0.963462 0.172625
vt 0.231515 0.551138
vt 0.237926 0.539680
vt 0.261214 0.538242
vt 0.478242 0.908151
vt 0.486602 0.934709
vt 0.474007 0.937894
vt 0.831784 0.126093
vt 0.349168 0.984669
vt 0.346478 0.983793
vt 0.349198 0.978244
vt 0.346150 0.977970
vt 0.919758 0.558028
vt 0.921694 0.555429
vt 0.921694 0.560519
vt 0.377476 0.097845
vt 0.389443 0.114260
vt 0.364978 0.106105
vt 0.364087 0.139436
vt 0.397142 0.131694
vt 0.384925 0.148498
vt 0.773875 0.091833
vt 0.797593 0.104894
vt 0.351337 0.117468
vt 0.583430 0.864340
vt 0.572590 0.866155
vt 0.578597 0.837650
vt 0.566631 0.849457
vt 0.594766 0.863802
vt 0.331277 0.090630
vt 0.334445 0.082357
vt 0.353754 0.075085
vt 0.358244 0.081799
vt 0.137322 0.877170
vt 0.143023 0.884232
vt 0.123291 0.901386
vt 0.314451 0.030894
vt 0.308532 0.021156
vt 0.318053 0.022641
vt 0.328756 0.035638
vt 0.760396 0.946699
vt 0.755825 0.945314
vt 0.753870 0.905962
vt 0.162878 0.853760
vt 0.154964 0.867755
vt 0.269418 0.774272
vt 0.306818 0.766267
vt 0.201529 0.474071
vt 0.234200 0.469186
vt 0.213517 0.513752
vt 0.240017 0.514390
vt 0.309487 0.720055
vt 0.285320 0.722037
vt 0.735128 0.369627
vt 0.778186 0.365759
vt 0.327732 0.436971
vt 0.372719 0.423066
vt 0.316806 0.394123
vt 0.357152 0.378867
vt 0.725512 0.323048
vt 0.818441 0.362319
vt 0.853092 0.359371
vt 0.824418 0.405981
vt 0.129600 0.328524
vt 0.141176 0.329611
vt 0.133879 0.337258
vt 0.127401 0.318931
vt 0.149403 0.310866
vt 0.146275 0.340176
vt 0.097551 0.913049
vt 0.097317 0.917819
vt 0.087288 0.908577
vt 0.081798 0.921189
vt 0.201338 0.927277
vt 0.184804 0.924223
vt 0.199133 0.915699
vt 0.186204 0.913487
vt 0.096734 0.924862
vt 0.033353 0.899583
vt 0.026232 0.886426
vt 0.039330 0.887182
vt 0.031798 0.879784
vt 0.040718 0.872483
vt 0.031056 0.869576
vt 0.621238 0.978554
vt 0.632423 0.977520
vt 0.626299 0.992550
vt 0.632423 0.990519
vt 0.016021 0.892590
vt 0.018261 0.907072
vt 0.618680 0.995073
vt 0.105937 0.329692
vt 0.063431 0.338944
vt 0.076836 0.332572
vt 0.104271 0.319285
vt 0.202048 0.840627
vt 0.202081 0.870748
vt 0.197931 0.897292
vt 0.096096 0.861315
vt 0.102903 0.838945
vt 0.100748 0.884427
vt 0.195958 0.839348
vt 0.192991 0.869753
vt 0.190597 0.888777
vt 0.093188 0.888484
vt 0.971103 0.843714
vt 0.967567 0.837815
vt 0.969582 0.807933
vt 0.410933 0.936313
vt 0.423166 0.909835
vt 0.417850 0.931150
vt 0.410682 0.920601
vt 0.424098 0.897859
vt 0.972000 0.630202
vt 0.965197 0.622789
vt 0.972180 0.592599
vt 0.964558 0.603532
vt 0.967318 0.799839
vt 0.960346 0.807479
vt 0.959336 0.838346
vt 0.963679 0.584739
vt 0.044070 0.326742
vt 0.061479 0.331668
vt 0.055481 0.341286
vt 0.064216 0.324927
vt 0.045573 0.320210
vt 0.096940 0.837854
vt 0.102946 0.831140
vt 0.095559 0.828966
vt 0.196502 0.831074
vt 0.204157 0.830098
vt 0.420538 0.949106
vt 0.404612 0.930394
vt 0.401694 0.938174
vt 0.406451 0.919658
vt 0.973127 0.657962
vt 0.965434 0.635579
vt 0.965316 0.644954
vt 0.961016 0.794705
vt 0.969550 0.780978
vt 0.962870 0.776248
vt 0.237821 0.645544
vt 0.224226 0.646695
vt 0.234887 0.622468
vt 0.218970 0.641102
vt 0.223884 0.613552
vt 0.926203 0.615551
vt 0.926677 0.588281
vt 0.931197 0.588088
vt 0.921333 0.616320
vt 0.921062 0.600664
vt 0.921034 0.588879
vt 0.181141 0.815828
vt 0.169228 0.785965
vt 0.186017 0.810460
vt 0.178974 0.823635
vt 0.165405 0.805810
vt 0.177526 0.772942
vt 0.212956 0.635538
vt 0.966314 0.114011
vt 0.973827 0.116307
vt 0.974338 0.133451
vt 0.964627 0.149195
vt 0.973726 0.152711
vt 0.216851 0.600158
vt 0.935036 0.732867
vt 0.934603 0.738309
vt 0.928733 0.739340
vt 0.933060 0.729020
vt 0.929307 0.728637
vt 0.533981 0.881688
vt 0.533532 0.885248
vt 0.527636 0.883563
vt 0.144971 0.683762
vt 0.141040 0.680249
vt 0.178914 0.667637
vt 0.203326 0.661637
vt 0.151773 0.691361
vt 0.201086 0.671843
vt 0.935238 0.713665
vt 0.932553 0.703465
vt 0.931638 0.661694
vt 0.928600 0.665718
vt 0.928667 0.703488
vt 0.923348 0.652041
vt 0.910628 0.475700
vt 0.906585 0.481390
vt 0.912951 0.456671
vt 0.898887 0.483580
vt 0.907387 0.445580
vt 0.917822 0.437071
vt 0.147470 0.675689
vt 0.521124 0.947588
vt 0.526776 0.912715
vt 0.525781 0.947237
vt 0.532137 0.913019
vt 0.531846 0.936329
vt 0.531977 0.961233
vt 0.223881 0.529005
vt 0.302540 0.704510
vt 0.296604 0.704606
vt 0.280770 0.715412
vt 0.311921 0.703273
vt 0.827279 0.440031
vt 0.150869 0.208283
vt 0.166432 0.217994
vt 0.138097 0.237779
vt 0.673881 0.896250
vt 0.694122 0.860333
vt 0.175450 0.229469
vt 0.661081 0.913739
vt 0.185598 0.220592
vt 0.223481 0.222333
vt 0.258948 0.295334
vt 0.258419 0.330285
vt 0.250187 0.372242
vt 0.299807 0.353244
vt 0.267776 0.411016
vt 0.276901 0.454842
vt 0.285737 0.492878
vt 0.247548 0.527925
vt 0.290384 0.515851
vt 0.305875 0.532568
vt 0.334750 0.586020
vt 0.320817 0.556464
vt 0.885800 0.681362
vt 0.911397 0.709109
vt 0.903911 0.708517
vt 0.721104 0.275930
vt 0.341234 0.334375
vt 0.357591 0.282222
vt 0.937441 0.576951
vt 0.930166 0.575800
vt 0.942626 0.570427
vt 0.921175 0.576823
vt 0.921583 0.571496
vt 0.934278 0.560856
vt 0.920622 0.562138
vt 0.945678 0.560869
vt 0.150119 0.785693
vt 0.974560 0.170854
vt 0.911982 0.502052
vt 0.916710 0.500992
vt 0.918350 0.514173
vt 0.926115 0.514289
vt 0.910218 0.512942
vt 0.907097 0.501791
vt 0.929929 0.748179
vt 0.937107 0.747225
vt 0.681917 0.987689
vt 0.676110 0.975485
vt 0.684177 0.982295
vt 0.679777 0.968602
vt 0.117081 0.676443
vt 0.128337 0.682887
vt 0.116521 0.684325
vt 0.128187 0.687478
vt 0.311677 0.976290
vt 0.308497 0.973695
vt 0.311677 0.967128
vt 0.693024 0.971174
vt 0.692757 0.976408
vt 0.686633 0.970132
vt 0.687626 0.977925
vt 0.857203 0.103326
vt 0.847600 0.100942
vt 0.864133 0.087057
vt 0.853660 0.085954
vt 0.488871 0.908010
vt 0.805992 0.064495
vt 0.812448 0.083868
vt 0.797001 0.072926
vt 0.801890 0.039766
vt 0.791399 0.054076
vt 0.817018 0.056260
vt 0.812026 0.045533
vt 0.818335 0.069868
vt 0.712154 0.860333
vt 0.702084 0.849833
vt 0.712153 0.843007
vt 0.347645 0.057789
vt 0.370483 0.057006
vt 0.367696 0.074556
vt 0.379650 0.064243
vt 0.324671 0.024175
vt 0.589420 0.923669
vt 0.589032 0.915615
vt 0.590944 0.924118
vt 0.306708 0.897456
vt 0.301993 0.897111
vt 0.306289 0.894792
vt 0.303763 0.020775
vt 0.307599 0.017961
vt 0.856416 0.078321
vt 0.856901 0.058955
vt 0.867141 0.077018
vt 0.868502 0.058175
vt 0.881984 0.075773
vt 0.885999 0.056508
vt 0.477360 0.884208
vt 0.478775 0.894023
vt 0.595772 0.910141
vt 0.591608 0.921554
vt 0.590944 0.913028
vt 0.069722 0.950248
vt 0.069722 0.957679
vt 0.067708 0.955795
vt 0.952913 0.708423
vt 0.950569 0.701748
vt 0.956272 0.706392
vt 0.954244 0.699167
vt 0.161718 0.931078
vt 0.156405 0.930689
vt 0.161055 0.926746
vt 0.386608 0.058292
vt 0.382669 0.053186
vt 0.389454 0.050558
vt 0.386495 0.046453
vt 0.822714 0.009346
vt 0.825834 0.018687
vt 0.818044 0.017604
vt 0.344152 0.021037
vt 0.317122 0.011339
vt 0.321985 0.004817
vt 0.125004 0.975463
vt 0.131850 0.972128
vt 0.122842 0.972102
vt 0.547653 0.823808
vt 0.538663 0.799030
vt 0.288989 0.113596
vt 0.301117 0.126647
vt 0.272313 0.123333
vt 0.288380 0.138975
vt 0.535177 0.773349
vt 0.321866 0.081640
vt 0.323251 0.100802
vt 0.307679 0.095462
vt 0.299890 0.084529
vt 0.310872 0.075426
vt 0.303539 0.015251
vt 0.298387 0.008990
vt 0.299409 0.006846
vt 0.296647 0.011700
vt 0.293045 0.007326
vt 0.294846 0.004155
vt 0.297073 0.003504
vt 0.516806 0.958209
vt 0.513197 0.954876
vt 0.516651 0.954472
vt 0.509660 0.958675
vt 0.765369 0.946380
vt 0.769882 0.921975
vt 0.770795 0.944586
vt 0.764217 0.909064
vt 0.122484 0.887428
vt 0.831162 0.029472
vt 0.832116 0.018522
vt 0.841167 0.027528
vt 0.838373 0.011726
vt 0.826868 0.064920
vt 0.840641 0.071832
vt 0.464521 0.893119
vt 0.827174 0.100699
vt 0.809882 0.131729
vt 0.704901 0.796720
vt 0.702656 0.789744
vt 0.704901 0.785481
vt 0.561473 0.985822
vt 0.561270 0.981276
vt 0.564780 0.985805
vt 0.564780 0.978598
vt 0.710465 0.977878
vt 0.705855 0.970619
vt 0.710465 0.961751
vt 0.818319 0.045102
vt 0.077025 0.964033
vt 0.075437 0.970077
vt 0.072395 0.964653
vt 0.070266 0.969534
vt 0.077025 0.977207
vt 0.073900 0.976391
vt 0.827763 0.052772
vt 0.823060 0.059592
vt 0.768922 0.966392
vt 0.771878 0.960241
vt 0.771878 0.970777
vt 0.819624 0.060157
vt 0.945678 0.740896
vt 0.948861 0.741787
vt 0.951173 0.747253
vt 0.952744 0.745419
vt 0.956706 0.746728
vt 0.958884 0.749616
vt 0.674545 0.838525
vt 0.673092 0.853440
vt 0.669811 0.844410
vt 0.829431 0.044387
vt 0.589903 0.890231
vt 0.590034 0.879764
vt 0.591290 0.889070
vt 0.591383 0.879818
vt 0.070266 0.980329
vt 0.075181 0.977484
vt 0.075535 0.984075
vt 0.070636 0.982165
vt 0.154009 0.967963
vt 0.147150 0.967562
vt 0.153339 0.957155
vt 0.140280 0.965439
vt 0.159787 0.969130
vt 0.161718 0.957472
vt 0.954010 0.733350
vt 0.958545 0.735866
vt 0.102980 0.868379
vt 0.105186 0.855605
vt 0.106868 0.870119
vt 0.111833 0.858234
vt 0.113029 0.869963
vt 0.660723 0.951755
vt 0.660723 0.959546
vt 0.658825 0.953351
vt 0.113873 0.865938
vt 0.114699 0.870639
vt 0.109698 0.829079
vt 0.113236 0.844473
vt 0.107815 0.976753
vt 0.111935 0.980301
vt 0.102968 0.998235
vt 0.113656 0.998325
vt 0.176232 0.973804
vt 0.176206 0.959812
vt 0.177489 0.959042
vt 0.146706 0.943128
vt 0.138251 0.956540
vt 0.177720 0.945479
vt 0.111658 0.830516
vt 0.114699 0.857500
vt 0.379517 0.077266
vt 0.373970 0.083011
vt 0.810773 0.034069
vt 0.792807 0.041635
vt 0.254026 0.911031
vt 0.260485 0.896152
vt 0.262907 0.907827
vt 0.337132 0.107423
vt 0.351165 0.095783
vt 0.262864 0.927818
vt 0.262907 0.946887
vt 0.243769 0.938622
vt 0.248170 0.953075
vt 0.366446 0.088021
vt 0.095170 0.941394
vt 0.182273 0.940624
vt 0.207353 0.958044
vt 0.212222 0.971932
vt 0.701287 0.962698
vt 0.685078 0.964708
vt 0.768829 0.949123
vt 0.768817 0.977891
vt 0.751589 0.950279
vt 0.747137 0.982590
vt 0.115229 0.333937
vt 0.098571 0.904553
vt 0.187829 0.904070
vt 0.015509 0.877288
vt 0.018890 0.873017
vt 0.423091 0.884647
vt 0.430829 0.886667
vt 0.974789 0.563810
vt 0.962238 0.563295
vt 0.971446 0.865697
vt 0.959172 0.860527
vt 0.959053 0.868785
vt 0.305239 0.019647
vt 0.180961 0.958755
vt 0.181992 0.965730
vt 0.180779 0.961261
vt 0.307099 0.036929
vt 0.294083 0.012352
vt 0.300631 0.033181
vt 0.175719 0.956678
vt 0.174152 0.987390
vt 0.170006 0.965079
vt 0.167098 0.987029
vt 0.165844 0.965382
vt 0.147710 0.876308
vt 0.755617 0.897787
vt 0.761695 0.898615
vt 0.352134 0.033933
vt 0.355995 0.029626
vt 0.771939 0.902807
vt 0.350201 0.046194
vt 0.331729 0.055845
vt 0.320510 0.063757
vt 0.310678 0.064486
vt 0.168256 0.933522
vt 0.163566 0.942447
vt 0.175879 0.928157
vt 0.484451 0.979945
vt 0.487410 0.976443
vt 0.487410 0.983977
vt 0.378830 0.053792
vt 0.363989 0.044736
vt 0.373144 0.051544
vt 0.660226 0.836675
vt 0.795012 0.989234
vt 0.800092 0.989626
vt 0.795770 0.992704
vt 0.807091 0.997203
vt 0.804009 0.985821
vt 0.807091 0.981928
vt 0.803704 0.978030
vt 0.705040 0.766165
vt 0.705040 0.781440
vt 0.702084 0.779876
vt 0.703968 0.785482
vt 0.389831 0.086119
vt 0.390183 0.072071
vt 0.819746 0.031541
vt 0.670886 0.827222
vt 0.350129 0.034885
vt 0.827953 0.913735
vt 0.826879 0.907894
vt 0.831749 0.910057
vt 0.831283 0.903168
vt 0.830712 0.917649
vt 0.825245 0.905612
vt 0.828441 0.898396
vt 0.709028 0.986122
vt 0.706382 0.985101
vt 0.710966 0.978417
vt 0.705855 0.980557
vt 0.708848 0.944545
vt 0.705994 0.947011
vt 0.704686 0.944048
vt 0.710209 0.949164
vt 0.514252 0.965742
vt 0.516806 0.963886
vt 0.511794 0.967411
vt 0.132392 0.975806
vt 0.831583 0.917872
vt 0.302439 0.910666
vt 0.311649 0.897627
vt 0.704498 0.865374
vt 0.711865 0.866999
vt 0.702570 0.874372
vt 0.705881 0.861176
vt 0.710831 0.860436
vt 0.307780 0.009189
vt 0.302227 0.006107
vt 0.311387 0.894686
vt 0.821905 0.005313
vt 0.827073 0.009153
vt 0.827597 0.003412
vt 0.834179 0.000000
vt 0.115576 0.895024
vt 0.844369 0.002918
vt 0.116621 0.906766
vt 0.706393 0.936243
vt 0.706995 0.940706
vt 0.704210 0.939544
vt 0.709516 0.937860
vt 0.702727 0.936707
vt 0.661855 0.854398
vt 0.664465 0.859886
vt 0.662226 0.858904
vt 0.660226 0.856583
vt 0.852816 0.959221
vt 0.851117 0.966304
vt 0.848798 0.958224
vt 0.846599 0.965898
vt 0.311156 0.944354
vt 0.309945 0.936408
vt 0.311520 0.932608
vt 0.590944 0.924118
vt 0.590944 0.934623
vt 0.588861 0.925997
vt 0.711903 0.933704
vt 0.711903 0.943329
vt 0.710209 0.941296
vt 0.850394 0.981412
vt 0.854990 0.980859
vt 0.858534 0.996003
vt 0.945678 0.760696
vt 0.951143 0.749616
vt 0.951823 0.760696
vt 0.875890 0.966180
vt 0.880660 0.966706
vt 0.876636 0.971714
vt 0.857723 0.965883
vt 0.854378 0.971898
vt 0.878953 0.958501
vt 0.881586 0.957617
vt 0.884962 0.959830
vt 0.879329 0.975361
vt 0.887438 0.965954
vt 0.632423 0.983917
vt 0.632822 0.978479
vt 0.634896 0.982432
vt 0.635858 0.977520
vt 0.890832 0.964478
vt 0.635858 0.990819
vt 0.799093 0.979608
vt 0.800088 0.982157
vt 0.805513 0.972801
vt 0.156210 0.976547
vt 0.156525 0.972689
vt 0.160413 0.978482
vt 0.858382 0.984682
vt 0.860129 0.992958
vt 0.881981 0.984291
vt 0.890839 0.976638
vt 0.884659 0.990155
vt 0.330976 0.071706
vt 0.574818 0.869610
vt 0.566966 0.879764
vt 0.312493 0.071617
vt 0.165805 0.926746
vt 0.161718 0.932457
vt 0.304851 0.071582
vt 0.166920 0.847209
vt 0.162963 0.844835
vt 0.168152 0.838794
vt 0.162971 0.840138
vt 0.162834 0.836516
vt 0.543538 0.983752
vt 0.543823 0.980947
vt 0.544287 0.987015
vt 0.546986 0.980774
vt 0.670780 0.853440
vt 0.670780 0.859550
vt 0.668295 0.856162
vt 0.309016 0.002039
vt 0.312523 0.001191
vt 0.303657 0.003158
vt 0.301474 0.000880
vt 0.311651 0.918227
vt 0.304743 0.917150
vt 0.308100 0.918178
vt 0.173676 0.835063
vt 0.168201 0.838931
vt 0.792477 0.970901
vt 0.793883 0.977939
vt 0.790626 0.968324
vt 0.116737 0.974430
vt 0.122700 0.977935
vt 0.793028 0.984006
vt 0.791064 0.976116
vt 0.125458 0.979576
vt 0.118637 0.971621
vt 0.794073 0.967280
vt 0.117385 0.970746
vt 0.114953 0.971986
vt 0.174281 0.992479
vt 0.169486 0.992105
vt 0.311677 0.979817
vt 0.309210 0.978313
vt 0.707690 0.878554
vt 0.712091 0.878254
vt 0.866792 0.607535
vt 0.877171 0.592382
vt 0.860604 0.578209
vt 0.876035 0.574728
vt 0.132684 0.980753
vt 0.132392 0.970746
vt 0.137897 0.980919
vt 0.137897 0.971105
vt 0.585538 0.895937
vt 0.580143 0.889052
vt 0.588501 0.886764
vt 0.581192 0.879764
vt 0.574272 0.891888
vt 0.572605 0.885370
vt 0.906166 0.702475
vt 0.896188 0.623784
vt 0.885066 0.588271
vt 0.890530 0.627875
vt 0.881806 0.564311
vt 0.579333 0.992791
vt 0.571925 0.952577
vt 0.582689 0.990261
vt 0.578277 0.951810
vt 0.587394 0.970974
vt 0.584169 0.960627
vt 0.592963 0.886503
vt 0.595776 0.890998
vt 0.591383 0.906337
vt 0.595776 0.910115
vt 0.881978 0.593621
vt 0.809909 0.930738
vt 0.804353 0.930855
vt 0.810224 0.898669
vt 0.803162 0.906878
vt 0.796956 0.931584
vt 0.795012 0.907795
vt 0.964835 0.542212
vt 0.964835 0.555046
vt 0.956639 0.542357
vt 0.956245 0.554951
vt 0.595475 0.879764
vt 0.588501 0.951404
vt 0.899580 0.648623
vt 0.897183 0.670213
vt 0.570997 0.910949
vt 0.583689 0.928056
vt 0.131468 0.866636
vt 0.119113 0.880755
vt 0.124740 0.877754
vt 0.129360 0.872948
vt 0.134701 0.858187
vt 0.139096 0.854071
vt 0.480889 0.989111
vt 0.483752 0.976541
vt 0.484451 0.990726
vt 0.343606 0.988984
vt 0.339879 0.983174
vt 0.343606 0.977970
vt 0.702321 0.959111
vt 0.710330 0.952507
vt 0.032214 0.321544
vt 0.035176 0.333645
vt 0.040710 0.335807
vt 0.102952 0.955440
vt 0.103000 0.951124
vt 0.112494 0.956516
vt 0.113476 0.950580
vt 0.618174 0.996740
vt 0.609012 0.997855
vt 0.618238 0.992437
vt 0.608054 0.991749
vt 0.416869 0.969895
vt 0.427848 0.965930
vt 0.429732 0.971166
vt 0.406741 0.961638
vt 0.413975 0.955310
vt 0.405352 0.954979
vt 0.424446 0.961834
vt 0.964601 0.667148
vt 0.971057 0.666290
vt 0.971855 0.671214
vt 0.970645 0.764021
vt 0.964232 0.759240
vt 0.971622 0.759090
vt 0.963792 0.768422
vt 0.972335 0.769092
vt 0.964545 0.661674
vt 0.021695 0.321337
vt 0.023251 0.335706
vt 0.021761 0.308605
vt 0.015516 0.307682
vt 0.607032 0.977707
vt 0.618238 0.977587
vt 0.114563 0.936353
vt 0.102947 0.936287
vt 0.416282 0.980558
vt 0.430827 0.981108
vt 0.403872 0.973663
vt 0.972374 0.682228
vt 0.965096 0.682117
vt 0.964886 0.675241
vt 0.972239 0.748076
vt 0.964653 0.748321
vt 0.103545 0.680812
vt 0.102123 0.672122
vt 0.099594 0.664426
vt 0.112278 0.667950
vt 0.936651 0.760324
vt 0.941398 0.759458
vt 0.931650 0.761132
vt 0.930936 0.528164
vt 0.923158 0.528359
vt 0.914828 0.526664
vt 0.114768 0.914276
vt 0.110862 0.930201
vt 0.105017 0.911968
vt 0.103107 0.926462
vt 0.922453 0.528402
vt 0.930059 0.529072
vt 0.922674 0.542473
vt 0.929651 0.537321
vt 0.930060 0.544144
vt 0.926792 0.634251
vt 0.920247 0.412799
vt 0.922521 0.421647
vt 0.930015 0.411703
vt 0.190232 0.825960
vt 0.518294 0.981878
vt 0.524410 0.981374
vt 0.532670 0.980549
vt 0.524692 0.993576
vt 0.533981 0.992737
vt 0.207732 0.652826
vt 0.203864 0.648171
vt 0.048698 0.342051
vt 0.511755 0.967372
vt 0.516936 0.976542
vt 0.509238 0.976542
vt 0.262112 0.980381
vt 0.255431 0.980381
vt 0.258304 0.971672
vt 0.327346 0.985301
vt 0.335970 0.977788
vt 0.330647 0.990387
vt 0.335363 0.987072
vt 0.554000 0.980873
vt 0.557563 0.986222
vt 0.711322 0.879680
vt 0.705389 0.890904
vt 0.704359 0.884998
vt 0.399782 0.946197
vt 0.252038 0.971672
vt 0.311900 0.114125
vt 0.326182 0.125008
vt 0.339982 0.135679
vt 0.314335 0.141222
vt 0.327884 0.156673
vt 0.281357 0.100877
vt 0.553536 0.841600
vt 0.800084 0.972311
vt 0.805996 0.971483
vt 0.809603 0.963281
vt 0.901223 0.689995
vt 0.127559 0.799591
vt 0.131858 0.801273
vt 0.121364 0.824041
vt 0.128840 0.830098
vt 0.123486 0.798610
vt 0.114952 0.823274
vt 0.937550 0.879904
vt 0.949558 0.902814
vt 0.926153 0.887421
vt 0.925817 0.908886
vt 0.952920 0.869219
vt 0.160945 0.829213
vt 0.153504 0.828238
vt 0.159935 0.817135
vt 0.145783 0.809783
vt 0.146345 0.829339
vt 0.937373 0.594152
vt 0.301328 0.962792
vt 0.304536 0.947881
vt 0.169194 0.825591
vt 0.913345 0.408902
vt 0.918165 0.393050
vt 0.930947 0.401837
vt 0.907447 0.401579
vt 0.906629 0.381918
vt 0.901799 0.438223
vt 0.906083 0.415784
vt 0.889673 0.478642
vt 0.938690 0.736484
vt 0.942182 0.746020
vt 0.903473 0.501230
vt 0.904427 0.511190
vt 0.945666 0.758567
vt 0.908049 0.523980
vt 0.475014 0.942881
vt 0.484250 0.942618
vt 0.487690 0.944028
vt 0.655094 0.975524
vt 0.649077 0.976199
vt 0.103918 0.688171
vt 0.116525 0.690545
vt 0.103323 0.693376
vt 0.869802 0.957593
vt 0.865628 0.943950
vt 0.871091 0.944512
vt 0.870993 0.934849
vt 0.125103 0.690916
vt 0.866958 0.933748
vt 0.126067 0.694635
vt 0.130795 0.697613
vt 0.187336 0.683767
vt 0.143939 0.699997
vt 0.223868 0.672748
vt 0.243881 0.671000
vt 0.258079 0.646820
vt 0.261965 0.659684
vt 0.295148 0.656163
vt 0.294789 0.634827
vt 0.317353 0.628074
vt 0.318016 0.651153
vt 0.343146 0.639335
vt 0.341922 0.616442
vt 0.368405 0.600864
vt 0.391531 0.612846
vt 0.753294 0.532614
vt 0.714786 0.512827
vt 0.396863 0.585402
vt 0.780639 0.555420
vt 0.759196 0.557188
vt 0.726594 0.540996
vt 0.829895 0.555351
vt 0.819595 0.534367
vt 0.819512 0.560856
vt 0.804886 0.554464
vt 0.841255 0.045595
vt 0.855676 0.046592
vt 0.867569 0.046347
vt 0.886234 0.044540
vt 0.576116 0.726790
vt 0.595776 0.726700
vt 0.557173 0.729183
vt 0.562267 0.690017
vt 0.578227 0.688230
vt 0.595472 0.687971
vt 0.594928 0.660144
vt 0.581499 0.661311
vt 0.569608 0.662017
vt 0.499557 0.943032
vt 0.509238 0.949942
vt 0.498090 0.975949
vt 0.509238 0.978971
vt 0.489111 0.973579
vt 0.487690 0.941212
vt 0.353681 0.151938
vt 0.372798 0.171583
vt 0.765383 0.101074
vt 0.752752 0.118439
vt 0.363101 0.185818
vt 0.344033 0.172058
vt 0.313251 0.203748
vt 0.348726 0.203939
vt 0.247296 0.237877
vt 0.288008 0.218781
vt 0.208215 0.230281
vt 0.226214 0.247303
vt 0.164045 0.280693
vt 0.158352 0.264145
vt 0.201891 0.259556
vt 0.189309 0.241858
vt 0.135694 0.300337
vt 0.133388 0.287833
vt 0.126230 0.308840
vt 0.122335 0.302520
vt 0.226298 0.532030
vt 0.280720 0.707132
vt 0.264625 0.705881
vt 0.182998 0.733824
vt 0.182394 0.715521
vt 0.185183 0.705999
vt 0.198118 0.721185
vt 0.200715 0.710581
vt 0.196329 0.734100
vt 0.188112 0.767710
vt 0.197243 0.749442
vt 0.199156 0.767497
vt 0.192756 0.804632
vt 0.199690 0.786758
vt 0.201220 0.803837
vt 0.390986 0.957350
vt 0.396797 0.971750
vt 0.396917 0.991303
vt 0.198450 0.817125
vt 0.202336 0.830098
vt 0.205614 0.815353
vt 0.384997 0.953052
vt 0.390288 0.989704
vt 0.393816 0.946567
vt 0.390465 0.923091
vt 0.381539 0.922792
vt 0.926296 0.505097
vt 0.922087 0.500695
vt 0.380083 0.887167
vt 0.386625 0.882171
vt 0.379538 0.892807
vt 0.386509 0.893463
vt 0.357937 0.977970
vt 0.357937 0.985812
vt 0.352829 0.983504
vt 0.387273 0.866168
vt 0.396912 0.866387
vt 0.394860 0.880986
vt 0.380460 0.875810
vt 0.380332 0.882707
vt 0.380382 0.866869
vt 0.129191 0.678666
vt 0.688802 0.990571
vt 0.693024 0.987673
vt 0.690232 0.982289
vt 0.527549 0.898178
vt 0.532721 0.898493
vt 0.309102 0.976327
vt 0.309102 0.989562
vt 0.305171 0.978043
vt 0.389704 0.908474
vt 0.380350 0.908306
vt 0.391634 0.895630
vt 0.911402 0.488116
vt 0.896146 0.492342
vt 0.932364 0.714386
vt 0.929610 0.713682
vt 0.873794 0.925530
vt 0.872371 0.916399
vt 0.875300 0.910585
vt 0.921053 0.581611
vt 0.254497 0.668103
vt 0.710497 0.890228
vt 0.711073 0.893855
vt 0.323297 0.990632
vt 0.366506 0.986070
vt 0.362801 0.979671
vt 0.366506 0.977970
vt 0.711378 0.897276
vt 0.397142 0.938760
vt 0.400959 0.931561
vt 0.335748 0.990528
vt 0.046063 0.343490
vt 0.052796 0.346356
vt 0.702084 0.886743
vt 0.399214 0.946244
vt 0.838114 0.715920
vt 0.834485 0.685537
vt 0.864361 0.771145
vt 0.855553 0.772966
vt 0.844132 0.740284
vt 0.873931 0.766363
vt 0.873394 0.771882
vt 0.861730 0.792402
vt 0.860986 0.780936
vt 0.867088 0.785128
vt 0.872992 0.783753
vt 0.862293 0.816864
vt 0.868141 0.823831
vt 0.872674 0.811168
vt 0.866688 0.859707
vt 0.873037 0.829763
vt 0.874132 0.851896
vt 0.870811 0.903953
vt 0.873950 0.896455
vt 0.876173 0.877688
vt 0.878736 0.906349
vt 0.878740 0.909990
vt 0.878120 0.923961
vt 0.877261 0.933577
vt 0.878056 0.941374
vt 0.874724 0.956949
vt 0.879737 0.956210
vt 0.470169 0.947446
vt 0.466407 0.954563
vt 0.479804 0.941212
vt 0.653633 0.977932
vt 0.658642 0.976587
vt 0.644668 0.971565
vt 0.641612 0.964377
vt 0.652052 0.942454
vt 0.658625 0.950935
vt 0.658374 0.949157
vt 0.481751 0.969884
vt 0.894473 0.986542
vt 0.908965 0.963031
vt 0.055035 0.860430
vt 0.904877 0.528398
vt 0.904877 0.559667
vt 0.888739 0.529776
vt 0.076897 0.830182
vt 0.056962 0.828966
vt 0.229004 0.932801
vt 0.227462 0.915795
vt 0.236226 0.928643
vt 0.239998 0.907574
vt 0.242814 0.896152
vt 0.206537 0.942543
vt 0.206737 0.930325
vt 0.218271 0.937558
vt 0.031064 0.860080
vt 0.026128 0.853593
vt 0.040225 0.858238
vt 0.034934 0.847841
vt 0.090195 0.885669
vt 0.085140 0.903949
vt 0.414636 0.894394
vt 0.415879 0.880981
vt 0.097179 0.316962
vt 0.122177 0.874691
vt 0.115477 0.875989
s 1
usemtl Material.097
f 994/1/1 101/2/2 1404/3/3
f 1404/3/3 101/2/2 800/4/4
f 800/4/5 31/5/5 1404/3/5
f 1404/3/6 31/5/6 836/6/6
f 995/7/7 1404/3/8 132/8/9
f 132/8/9 1404/3/8 836/6/10
f 306/9/11 994/1/11 995/7/11
f 995/7/12 994/1/12 1404/3/12
f 7/10/13 690/11/13 694/12/13
f 694/13/14 690/14/14 1405/15/14
f 1405/15/15 690/14/15 850/16/15
f 850/16/16 690/14/16 142/17/16
f 850/16/17 8/18/17 1405/15/17
f 93/19/18 789/20/18 8/18/18
f 8/18/19 789/20/19 1405/15/19
f 67/21/20 761/22/20 789/20/20
f 789/20/21 761/22/21 1405/15/21
f 68/23/22 694/13/23 761/22/24
f 761/22/24 694/13/23 1405/15/25
f 243/24/26 920/25/26 246/26/26
f 920/25/27 243/24/27 245/27/27
f 245/27/28 243/24/28 110/28/28
f 3/29/29 755/30/29 689/31/29
f 689/31/30 755/30/30 1406/32/30
f 757/33/31 1406/32/31 64/34/31
f 64/34/32 1406/32/32 755/30/32
f 1406/32/33 757/33/33 756/35/33
f 756/35/34 757/33/34 66/36/34
f 689/31/35 1406/32/35 6/37/35
f 6/37/36 1406/32/36 756/35/36
f 10/38/37 697/39/37 691/40/37
f 691/40/38 697/39/38 990/41/38
f 302/42/39 990/41/39 697/39/39
f 990/41/40 303/43/40 696/44/40
f 691/45/41 990/46/41 9/47/41
f 9/47/42 990/46/42 696/48/42
f 701/49/43 1407/50/43 11/51/43
f 11/51/44 1407/50/44 692/52/44
f 974/53/45 1407/50/45 284/54/45
f 284/54/46 1407/50/46 701/49/46
f 1407/55/47 974/56/47 699/57/47
f 699/57/48 974/56/48 286/58/48
f 699/57/49 16/59/49 1407/55/49
f 1407/50/50 16/60/50 692/52/50
f 1060/61/51 29/62/52 25/63/53
f 25/63/53 375/64/54 1060/61/51
f 40/65/55 1000/66/56 804/67/57
f 40/65/55 308/68/58 1000/66/56
f 1000/66/59 309/69/60 804/67/60
f 804/67/60 309/69/60 103/70/61
f 137/71/62 844/72/62 53/73/62
f 53/73/63 844/72/63 993/74/63
f 844/72/64 304/75/64 993/74/64
f 993/74/65 304/75/65 305/76/65
f 712/77/66 714/78/66 7/10/66
f 7/10/67 714/78/67 690/11/67
f 34/79/68 714/78/68 712/77/68
f 141/80/69 142/17/69 714/81/69
f 690/14/70 714/81/70 142/17/70
f 1408/82/71 709/83/71 838/84/71
f 838/84/72 709/83/72 132/85/72
f 968/86/73 1408/82/73 276/87/73
f 276/87/74 1408/82/74 838/84/74
f 277/88/75 715/89/75 968/86/75
f 968/86/76 715/89/76 1408/82/76
f 715/89/77 32/90/77 1408/82/77
f 1408/82/78 32/90/78 709/83/78
f 106/91/79 722/92/79 811/93/79
f 811/93/80 722/92/80 808/94/80
f 722/92/81 10/38/81 808/94/81
f 808/94/82 10/38/82 794/95/82
f 97/96/83 808/94/83 794/95/83
f 105/97/84 811/93/84 808/94/84
f 293/98/85 981/99/86 1409/100/87
f 982/101/88 294/102/88 1410/103/88
f 118/104/89 1027/105/90 294/102/91
f 294/102/91 1027/105/90 1410/103/92
f 1027/105/93 331/106/93 1410/103/93
f 1410/103/94 331/106/94 824/107/94
f 115/108/95 293/98/95 823/109/95
f 823/109/96 293/98/85 1409/100/87
f 1411/110/97 700/111/97 107/112/97
f 107/112/98 700/111/98 18/113/98
f 1411/110/99 107/114/99 815/115/99
f 700/111/100 1411/110/100 108/116/100
f 108/116/101 1411/110/101 815/115/101
f 302/42/102 697/39/102 989/117/102
f 989/117/103 697/39/103 722/92/103
f 10/38/104 722/92/104 697/39/104
f 813/118/105 722/92/105 106/91/105
f 989/117/106 722/92/106 301/119/106
f 301/119/107 722/92/107 813/118/107
f 308/68/108 40/65/109 307/120/110
f 307/120/110 40/65/109 1412/121/111
f 40/65/112 816/122/112 1412/121/112
f 93/19/113 8/18/113 816/122/113
f 816/122/114 8/18/114 1412/121/114
f 713/123/115 1412/121/115 8/18/115
f 1412/121/116 713/123/116 998/124/116
f 998/124/117 713/123/117 35/125/117
f 998/124/118 307/120/118 1412/121/118
f 101/2/2 803/126/119 800/4/4
f 800/4/120 803/126/120 1413/127/120
f 802/128/121 1413/129/121 102/130/121
f 102/131/122 1413/127/122 803/126/122
f 41/132/123 727/133/123 802/128/123
f 802/128/124 727/133/124 1413/129/124
f 800/134/125 1413/129/125 31/135/125
f 31/135/126 1413/129/126 727/133/126
f 736/136/127 739/137/128 43/138/129
f 737/139/130 46/140/130 740/141/130
f 47/142/131 740/141/131 46/140/131
f 739/137/132 44/143/132 43/138/132
f 377/144/133 1414/145/133 1060/61/133
f 1414/146/134 377/147/134 1061/148/134
f 1061/148/135 377/147/135 378/149/135
f 1061/150/136 164/151/136 1414/152/136
f 1414/153/137 164/154/137 734/155/137
f 1414/145/138 734/156/138 1060/61/138
f 1060/61/139 734/156/139 29/62/139
f 39/157/140 735/158/141 725/159/142
f 725/160/143 735/161/143 1415/162/143
f 735/163/144 162/164/144 1415/165/144
f 1415/165/145 162/164/145 880/166/145
f 1416/167/146 879/168/146 733/169/146
f 733/169/147 879/168/147 163/170/147
f 732/171/148 6/37/148 1415/162/148
f 1415/162/149 6/37/149 725/160/149
f 1417/172/150 731/173/150 311/174/150
f 311/174/151 731/173/151 310/175/151
f 1002/176/152 1417/172/152 311/174/152
f 162/164/153 735/163/153 1002/177/153
f 1002/176/154 735/158/154 1417/172/154
f 731/173/155 1417/172/155 39/157/155
f 39/157/140 1417/172/156 735/158/141
f 1418/178/157 728/179/157 734/180/157
f 734/156/158 728/181/158 29/62/158
f 164/182/159 882/183/159 734/184/159
f 734/180/160 882/185/160 1418/178/160
f 883/186/161 161/187/162 1419/188/163
f 1419/188/164 161/187/164 738/189/164
f 1419/188/165 738/189/165 729/190/165
f 729/190/166 738/189/166 42/191/166
f 699/57/167 286/58/167 975/192/167
f 975/192/168 286/58/168 287/193/168
f 741/194/169 699/57/169 113/195/169
f 113/195/170 699/57/170 975/192/170
f 16/59/171 699/57/171 741/194/171
f 345/196/172 1040/197/172 723/198/172
f 723/198/173 1040/197/173 1420/199/173
f 1038/200/174 1420/199/174 346/201/174
f 346/201/175 1420/199/175 1040/197/175
f 111/202/176 742/203/176 1038/200/176
f 1038/200/177 742/203/178 1420/199/179
f 742/203/178 20/204/180 1420/199/179
f 1420/199/181 20/204/181 723/198/181
f 114/205/182 820/206/182 37/207/182
f 37/207/183 820/206/183 724/208/183
f 986/209/184 724/208/184 299/210/184
f 299/210/185 724/208/185 820/206/185
f 300/211/186 724/212/186 986/213/186
f 1008/214/187 1421/215/187 314/216/187
f 314/216/188 1421/215/188 1005/217/188
f 316/218/189 1007/219/189 1008/214/189
f 1008/214/190 1007/219/190 1421/215/190
f 1007/219/191 114/205/191 1421/215/191
f 1421/215/192 114/205/192 37/207/192
f 1421/215/193 37/207/193 1005/217/193
f 714/78/194 34/79/195 119/220/196
f 119/220/196 34/79/195 747/221/197
f 140/222/198 849/223/198 119/224/198
f 849/225/199 141/80/199 119/226/199
f 119/226/200 141/80/200 714/81/200
f 135/227/201 124/228/201 840/229/201
f 840/229/202 124/228/202 59/230/202
f 840/231/203 59/232/203 134/233/203
f 748/234/204 719/235/204 35/125/204
f 827/236/205 719/235/205 120/237/205
f 120/237/206 719/235/206 748/234/206
f 158/238/207 876/239/207 827/236/207
f 827/236/208 876/239/208 719/235/208
f 159/240/209 719/235/209 876/239/209
f 914/241/210 718/242/210 222/243/210
f 222/243/211 718/242/211 133/244/211
f 224/245/212 277/88/212 914/241/212
f 914/241/213 277/88/213 718/242/213
f 750/246/214 121/247/214 220/248/214
f 750/246/215 220/248/215 221/249/215
f 174/250/216 175/251/216 208/252/216
f 208/252/217 175/251/217 752/253/217
f 175/251/218 176/254/218 752/253/218
f 752/253/219 176/254/219 207/255/219
f 828/256/220 56/257/220 122/258/220
f 172/259/221 56/257/221 828/256/221
f 169/260/222 136/261/222 174/250/222
f 170/262/223 136/261/223 169/260/223
f 793/263/224 96/264/224 1422/265/224
f 1422/265/225 96/264/225 792/266/225
f 1422/265/226 792/266/226 757/33/226
f 757/33/227 792/266/227 66/36/227
f 757/33/228 64/34/228 1422/265/228
f 1422/265/229 64/34/229 790/267/229
f 95/268/230 793/263/230 790/267/230
f 790/267/231 793/263/231 1422/265/231
f 104/269/232 809/270/232 806/271/232
f 806/271/233 809/270/233 1423/272/233
f 809/270/234 105/97/234 1423/272/234
f 1423/272/235 105/97/235 808/94/235
f 1423/272/236 808/94/236 758/273/236
f 758/273/237 808/94/237 97/96/237
f 806/271/238 1423/272/238 67/21/238
f 67/21/239 1423/272/239 758/273/239
f 1424/274/240 761/22/240 758/273/240
f 758/273/241 761/22/241 67/21/241
f 797/275/242 1424/274/243 97/96/244
f 97/96/244 1424/274/243 758/273/245
f 1424/274/246 797/275/246 760/276/246
f 760/276/247 797/275/247 98/277/247
f 761/22/248 1424/274/248 68/23/248
f 68/23/249 1424/274/249 760/276/249
f 312/278/250 313/279/250 1003/280/250
f 313/279/251 1004/281/251 1003/280/251
f 1004/281/252 166/282/252 1003/280/252
f 166/282/253 70/283/253 1003/280/253
f 70/284/254 166/285/254 764/286/254
f 764/286/255 166/285/255 885/287/255
f 886/288/256 167/289/256 1425/290/256
f 1425/290/257 167/289/257 71/291/257
f 71/291/258 763/292/258 1425/290/258
f 1062/293/259 379/294/259 1063/295/259
f 1063/295/260 379/294/260 380/296/260
f 72/297/261 1062/293/261 168/298/261
f 168/298/262 1062/293/262 1063/295/262
f 72/299/263 889/300/264 767/301/265
f 889/300/264 72/299/263 168/302/266
f 69/303/267 1426/304/267 165/305/267
f 165/305/268 1426/304/268 888/306/268
f 69/303/269 766/307/269 1426/304/269
f 384/308/270 1064/309/271 383/310/272
f 78/311/273 1064/309/273 384/308/273
f 78/312/274 74/313/274 1064/314/274
f 78/312/275 1427/315/275 74/313/275
f 74/313/276 1427/315/276 769/316/276
f 78/312/277 776/317/277 1427/315/277
f 775/318/278 79/319/278 768/320/278
f 79/319/279 75/321/279 768/320/279
f 962/322/280 381/323/281 382/324/282
f 381/325/283 962/326/283 76/327/283
f 76/328/284 962/322/284 80/329/284
f 80/330/285 777/331/285 76/332/285
f 76/332/286 777/331/286 771/333/286
f 77/334/287 73/335/287 778/336/287
f 778/336/288 73/335/288 1428/337/288
f 1428/337/289 73/335/289 772/338/289
f 773/339/290 77/340/290 935/341/290
f 935/341/291 77/340/291 255/342/291
f 935/341/292 271/343/292 773/339/292
f 773/339/293 271/343/293 78/311/293
f 78/311/294 384/308/294 773/339/294
f 776/317/295 78/312/295 961/344/295
f 961/344/296 78/312/296 271/345/296
f 775/318/297 960/346/297 774/347/297
f 774/347/298 960/346/298 272/348/298
f 79/319/299 775/318/299 774/347/299
f 79/349/300 774/350/300 382/324/300
f 382/324/301 774/350/301 962/322/301
f 774/350/302 272/351/302 962/322/302
f 80/329/303 962/322/303 273/352/303
f 1429/353/304 777/331/304 80/330/304
f 80/330/305 273/354/305 1429/353/305
f 1429/353/306 273/354/306 963/355/306
f 77/334/307 1430/356/307 255/357/307
f 255/357/308 1430/356/308 964/358/308
f 77/334/309 778/336/309 1430/356/309
f 957/359/310 779/360/310 270/361/310
f 270/361/311 779/360/311 81/362/311
f 957/363/312 298/364/313 779/365/314
f 299/366/315 779/365/316 298/364/317
f 1046/367/318 1044/368/318 351/369/318
f 352/370/319 268/371/319 1046/367/319
f 1046/367/320 268/371/320 1044/368/320
f 1044/372/321 268/373/321 342/374/321
f 289/375/322 977/376/322 288/377/322
f 288/377/323 977/376/323 976/378/323
f 977/376/324 269/379/324 976/378/324
f 976/378/325 269/379/325 84/380/325
f 1013/381/326 1010/382/326 1014/383/326
f 1014/383/327 1010/382/327 318/384/327
f 321/385/328 1013/381/328 1014/383/328
f 270/361/329 81/362/329 1013/381/329
f 1013/381/330 81/362/330 1010/382/330
f 340/386/331 361/387/331 336/388/331
f 336/388/332 361/387/332 363/389/332
f 336/388/333 363/389/333 49/390/333
f 327/391/334 1021/392/334 334/393/334
f 783/394/335 786/395/335 89/396/335
f 85/397/336 783/394/336 89/396/336
f 296/398/337 297/399/338 783/394/339
f 783/394/339 297/399/338 786/395/340
f 357/400/341 1047/401/341 355/402/341
f 357/400/342 1049/403/342 1047/401/342
f 87/404/343 91/405/343 1049/403/343
f 1049/403/344 91/405/344 1047/401/344
f 290/406/345 787/407/345 92/408/345
f 291/409/346 978/410/346 290/406/346
f 290/406/347 978/410/347 787/407/347
f 88/411/348 787/407/348 978/410/348
f 1020/412/349 1016/413/349 323/414/349
f 1019/415/350 1016/413/350 325/416/350
f 325/416/351 1016/413/351 1020/412/351
f 85/417/352 89/418/352 1019/415/352
f 1019/415/353 89/418/353 1016/413/353
f 693/419/354 15/420/354 793/263/354
f 793/263/355 15/420/355 695/421/355
f 793/263/356 695/421/356 96/264/356
f 13/422/357 693/419/357 95/268/357
f 95/268/358 693/419/358 793/263/358
f 97/96/359 794/95/359 797/275/359
f 797/275/360 794/95/360 1431/423/360
f 10/38/361 691/40/361 794/95/361
f 794/95/362 691/40/362 1431/423/362
f 1431/424/363 691/45/364 796/425/365
f 796/425/365 691/45/364 9/47/366
f 796/425/367 98/426/367 1431/424/367
f 1431/423/368 98/277/368 797/275/368
f 708/427/369 996/428/369 30/429/369
f 996/428/370 708/427/370 994/1/370
f 994/1/371 708/427/371 101/2/371
f 306/9/372 996/428/372 994/1/372
f 708/427/373 1432/430/373 101/2/373
f 101/2/374 1432/430/374 803/126/374
f 30/429/375 729/431/375 708/427/375
f 708/432/376 729/190/376 1432/433/376
f 729/190/377 42/191/377 1432/433/377
f 1432/433/378 42/191/378 730/434/378
f 1432/430/379 730/435/379 803/126/379
f 803/436/380 730/437/380 102/438/380
f 309/69/381 1433/439/381 103/70/381
f 103/70/382 1433/439/382 726/440/382
f 309/69/383 310/175/383 1433/439/383
f 1433/439/384 310/175/384 731/173/384
f 1433/439/385 731/173/385 726/440/385
f 726/441/386 731/442/386 39/443/386
f 39/443/387 725/160/387 726/441/387
f 726/441/388 725/160/388 1434/444/388
f 1434/444/389 725/160/389 756/35/389
f 756/35/390 725/160/390 6/37/390
f 756/35/391 66/36/391 1434/444/391
f 1434/444/392 66/36/392 759/445/392
f 1434/446/393 759/447/393 807/448/393
f 807/448/394 759/447/394 104/269/394
f 103/70/395 726/440/395 807/448/395
f 807/448/396 726/440/396 1434/446/396
f 104/269/397 759/447/397 809/270/397
f 809/270/398 759/447/398 1435/449/398
f 759/445/399 66/36/399 1435/450/399
f 1435/450/400 66/36/400 792/266/400
f 1435/450/401 792/266/401 795/451/401
f 795/451/402 792/266/402 96/264/402
f 809/270/403 1435/449/403 105/97/403
f 105/97/404 1435/449/404 795/452/404
f 1005/217/405 37/207/405 1436/453/405
f 1436/453/406 37/207/406 810/454/406
f 106/91/407 811/93/407 810/455/407
f 810/455/408 811/93/408 1436/456/408
f 1436/456/409 811/93/410 795/452/411
f 795/452/411 811/93/410 105/97/412
f 96/264/413 1006/457/413 795/451/413
f 795/451/414 1006/457/414 1436/453/414
f 1436/453/415 1006/457/415 1005/217/415
f 1005/217/416 1006/457/416 314/216/416
f 813/118/417 106/91/417 1437/458/417
f 1437/458/418 106/91/418 810/455/418
f 37/207/419 724/208/419 810/454/419
f 810/455/420 724/212/420 1437/458/420
f 988/459/421 1437/458/421 300/211/421
f 300/211/422 1437/458/422 724/212/422
f 301/119/423 813/118/423 988/459/423
f 988/459/424 813/118/424 1437/458/424
f 108/116/425 345/196/425 723/198/425
f 814/460/426 108/116/426 20/204/426
f 20/204/427 108/116/427 723/198/427
f 814/460/428 243/24/429 108/116/430
f 20/204/431 703/461/431 814/460/431
f 23/462/432 110/28/432 703/461/432
f 703/461/433 110/28/433 814/460/433
f 243/24/429 814/460/428 110/28/434
f 40/65/435 804/67/435 816/122/435
f 816/122/436 804/67/436 1438/463/436
f 103/70/437 807/448/437 804/67/437
f 804/67/438 807/448/439 1438/463/440
f 104/269/441 806/271/441 807/448/441
f 807/448/439 806/271/442 1438/463/440
f 67/21/443 789/20/443 806/271/443
f 806/271/444 789/20/444 1438/463/444
f 93/19/445 816/122/445 789/20/445
f 789/20/446 816/122/446 1438/463/446
f 1039/464/447 347/465/447 1041/466/447
f 1041/466/448 347/465/448 1042/467/448
f 349/468/449 1041/466/449 1042/467/449
f 1041/466/450 83/469/450 817/470/450
f 1039/464/451 1041/466/451 112/471/451
f 112/471/452 1041/466/452 817/470/452
f 288/377/453 976/378/454 287/193/455
f 287/193/456 976/378/456 975/192/456
f 976/378/457 84/380/457 975/192/457
f 975/192/458 84/380/458 113/195/458
f 1011/472/459 1007/219/459 316/218/459
f 1010/382/460 1007/219/460 318/384/460
f 318/384/461 1007/219/461 1011/472/461
f 81/362/462 114/205/462 1010/382/462
f 1010/382/463 114/205/463 1007/219/463
f 779/360/464 820/206/464 81/362/464
f 81/362/465 820/206/465 114/205/465
f 779/360/316 299/210/315 820/206/466
f 292/473/467 744/474/467 335/475/467
f 980/476/468 744/474/468 292/473/468
f 744/477/469 980/478/469 48/479/469
f 48/479/470 980/478/470 266/480/470
f 363/389/471 364/481/471 49/390/471
f 49/390/472 364/481/472 265/482/472
f 1030/483/473 333/484/474 948/485/475
f 948/485/475 333/484/474 263/486/476
f 948/485/477 295/487/478 1030/483/479
f 1030/483/479 295/487/478 332/488/480
f 1025/489/481 1024/490/481 327/391/481
f 327/391/482 1024/490/482 1021/392/482
f 328/491/483 1024/492/483 1025/493/483
f 333/484/484 1021/494/484 263/486/484
f 263/486/485 1021/494/485 1024/495/485
f 126/496/486 831/497/486 825/498/486
f 825/498/487 831/497/487 140/222/487
f 140/222/488 831/497/488 139/499/488
f 825/498/489 140/222/489 119/224/489
f 1439/500/490 832/501/490 874/502/490
f 874/502/491 832/501/491 144/503/491
f 874/502/492 158/238/492 1439/500/492
f 1439/500/493 158/238/493 827/236/493
f 1439/500/494 827/236/494 120/237/494
f 832/501/495 1439/500/495 127/504/495
f 127/504/496 1439/500/496 120/237/496
f 121/505/497 826/506/497 220/507/497
f 826/506/498 128/508/498 236/509/498
f 236/509/499 178/510/499 826/506/499
f 220/507/500 826/506/500 178/510/500
f 828/511/501 122/512/501 171/513/501
f 198/514/502 203/515/502 205/516/502
f 205/516/503 203/515/503 172/259/503
f 203/517/504 204/518/504 172/519/504
f 126/496/505 830/520/505 831/497/505
f 846/521/506 830/522/506 138/523/506
f 138/523/507 830/522/507 51/524/507
f 830/520/508 846/525/508 831/497/508
f 831/497/509 846/525/509 139/499/509
f 150/526/510 867/527/510 1441/528/510
f 152/529/511 153/530/511 867/531/511
f 867/531/512 153/530/512 1441/532/512
f 1440/533/513 153/534/513 213/535/513
f 213/536/514 151/537/514 1440/538/514
f 896/539/515 181/540/515 182/541/515
f 181/540/516 896/539/516 185/542/516
f 185/542/517 896/539/517 184/543/517
f 57/544/518 227/545/518 171/513/518
f 57/544/519 226/546/519 227/545/519
f 841/547/520 193/548/521 917/549/522
f 917/549/522 193/548/521 233/550/523
f 841/547/524 917/549/524 131/551/524
f 717/552/525 1442/553/525 31/135/525
f 31/135/526 1442/553/526 836/554/526
f 967/555/527 1442/553/528 275/556/529
f 275/556/529 1442/553/528 717/552/530
f 276/87/531 838/84/531 967/557/531
f 967/557/532 838/84/532 1442/558/532
f 838/84/533 132/85/534 1442/558/535
f 1442/558/535 132/85/534 836/559/536
f 133/560/537 837/561/537 222/562/537
f 222/562/538 837/561/538 913/563/538
f 750/564/539 913/563/539 36/565/539
f 36/565/540 913/563/540 837/561/540
f 913/563/541 750/564/541 221/566/541
f 60/567/542 753/568/542 134/233/542
f 134/233/543 753/568/543 840/231/543
f 753/569/544 123/570/544 829/571/544
f 829/571/545 135/572/545 753/569/545
f 753/569/546 135/572/546 840/573/546
f 129/574/547 834/575/547 231/576/547
f 233/577/548 129/574/548 231/576/548
f 890/578/549 842/579/549 170/580/549
f 170/580/550 842/579/550 136/581/550
f 57/544/551 890/578/551 226/546/551
f 842/579/552 890/578/552 57/544/552
f 207/255/553 176/254/553 206/582/553
f 844/72/554 992/583/555 304/75/556
f 992/583/557 844/72/558 843/584/559
f 843/584/559 844/72/558 137/71/560
f 143/585/561 992/583/561 182/541/561
f 182/541/562 992/583/562 843/584/562
f 845/586/563 139/587/563 846/521/563
f 138/523/564 845/586/564 846/521/564
f 138/523/565 52/588/565 845/586/565
f 127/504/566 845/586/566 52/588/566
f 845/586/567 847/589/567 139/587/567
f 139/587/568 847/589/568 140/590/568
f 127/504/569 120/237/569 845/586/569
f 845/586/570 120/237/570 847/589/570
f 141/80/571 849/225/571 848/591/571
f 140/590/572 847/589/573 849/225/574
f 849/225/574 847/589/573 848/591/575
f 848/591/576 847/589/576 748/234/576
f 748/234/577 847/589/577 120/237/577
f 848/591/578 748/234/578 35/125/578
f 850/16/579 142/17/579 713/123/579
f 848/591/580 713/123/580 141/80/580
f 141/80/581 713/123/581 142/17/581
f 713/123/582 848/591/582 35/125/582
f 850/16/583 713/123/583 8/18/583
f 852/592/584 832/501/584 127/504/584
f 857/593/585 1443/594/585 145/595/585
f 145/595/586 1443/594/586 853/596/586
f 854/597/587 1443/598/587 146/599/587
f 146/600/588 1443/601/588 857/602/588
f 144/503/589 832/501/589 855/603/589
f 860/604/590 1444/605/590 52/588/590
f 148/606/591 861/607/591 859/608/591
f 859/608/592 861/607/592 1445/609/592
f 145/610/593 853/611/593 861/612/593
f 861/607/594 853/613/594 1445/609/594
f 1444/605/595 852/592/595 52/588/595
f 52/588/596 852/592/596 127/504/596
f 751/614/597 143/585/597 862/615/597
f 864/616/598 1446/617/598 149/618/598
f 149/618/599 1446/617/599 863/619/599
f 859/608/600 1446/617/600 148/606/600
f 148/606/601 1446/617/601 864/616/601
f 751/614/602 860/604/602 52/588/602
f 156/620/603 857/621/603 145/622/603
f 872/623/604 157/624/604 1447/625/604
f 1447/625/605 157/624/605 866/626/605
f 1447/625/606 866/626/606 858/627/606
f 858/627/607 866/626/607 147/628/607
f 861/629/608 148/630/608 869/631/608
f 869/631/609 148/630/609 155/632/609
f 861/629/610 869/631/610 145/633/610
f 145/633/611 869/631/611 156/634/611
f 864/635/612 149/636/612 868/637/612
f 868/637/613 149/636/613 154/638/613
f 148/639/614 864/640/614 155/641/614
f 155/641/615 864/640/616 868/642/617
f 905/643/618 865/644/618 211/645/618
f 212/646/619 154/647/619 905/648/619
f 905/643/620 154/638/620 865/644/620
f 865/644/621 154/638/621 149/636/621
f 906/649/622 868/637/623 154/638/624
f 153/650/625 868/637/623 906/649/622
f 153/651/626 152/652/626 868/642/626
f 152/652/627 155/641/615 868/642/617
f 152/652/628 869/653/628 155/641/628
f 867/654/629 869/653/629 152/652/629
f 867/527/630 150/526/630 869/631/630
f 869/631/631 150/526/631 156/634/631
f 150/526/632 1448/655/632 156/634/632
f 156/634/633 1448/655/633 871/656/633
f 872/657/634 151/537/634 870/658/634
f 157/659/635 872/657/635 870/658/635
f 154/647/636 212/646/636 906/660/636
f 213/661/637 153/650/637 906/649/637
f 874/502/638 873/662/638 158/238/638
f 874/502/639 144/503/639 851/663/639
f 128/508/640 826/506/640 851/663/640
f 851/663/641 826/506/641 874/502/641
f 826/506/642 121/505/642 874/502/642
f 874/664/643 121/665/643 873/666/643
f 873/666/644 121/665/644 1449/667/644
f 1449/667/645 121/665/645 750/668/645
f 1449/667/646 750/668/646 875/669/646
f 875/669/647 750/668/647 36/670/647
f 875/671/648 159/240/648 1449/672/648
f 1449/672/649 159/240/649 876/239/649
f 158/238/650 873/662/650 876/239/650
f 876/239/651 873/662/651 1449/672/651
f 312/673/652 1002/176/653 311/174/654
f 1003/674/655 1002/675/653 312/676/652
f 1003/677/656 70/284/656 1002/177/656
f 70/284/657 162/164/657 1002/177/657
f 1450/678/658 880/166/658 70/284/658
f 70/284/659 880/166/659 162/164/659
f 70/284/660 764/286/660 1450/678/660
f 163/170/661 1451/679/661 71/291/661
f 71/291/662 1451/679/662 763/292/662
f 1451/679/663 163/170/663 879/168/663
f 379/294/664 1062/293/664 378/149/664
f 378/149/665 1062/293/665 1061/148/665
f 1062/293/666 72/297/666 1061/148/666
f 1061/148/667 72/297/667 164/680/667
f 164/681/668 767/682/668 882/683/668
f 72/684/669 767/682/669 164/681/669
f 766/685/670 69/686/670 161/187/670
f 766/685/670 161/187/162 883/186/161
f 383/310/671 1064/309/672 313/687/673
f 313/687/673 1064/309/672 1004/688/674
f 1064/314/675 74/313/675 1004/689/675
f 1004/281/676 74/690/676 166/282/676
f 885/287/677 166/285/677 1452/691/677
f 1452/691/678 166/285/678 74/313/678
f 74/313/679 769/316/679 1452/691/679
f 768/320/680 75/321/680 1453/692/680
f 1453/692/681 75/321/681 167/289/681
f 1453/692/682 167/289/682 886/288/682
f 380/296/683 381/323/683 1063/295/683
f 76/328/684 168/298/684 381/323/684
f 381/323/685 168/298/685 1063/295/685
f 889/693/686 168/694/686 1454/695/686
f 76/332/687 771/333/688 168/694/689
f 168/694/689 771/333/688 1454/695/690
f 73/335/691 165/696/691 772/338/691
f 772/338/692 165/696/692 888/697/692
f 225/698/693 890/578/693 170/580/693
f 204/699/694 753/569/694 60/700/694
f 60/700/695 56/701/695 204/699/695
f 204/699/696 56/702/696 172/703/696
f 204/699/697 123/570/697 753/569/697
f 237/704/698 173/705/698 60/567/698
f 60/567/699 173/705/699 839/706/699
f 60/567/700 839/706/700 56/257/700
f 237/704/701 891/707/701 173/705/701
f 238/708/702 891/707/702 237/704/702
f 238/708/703 54/709/703 891/707/703
f 136/261/704 175/251/704 174/250/704
f 175/710/705 136/581/705 176/711/705
f 176/711/706 136/581/706 842/579/706
f 176/711/707 842/579/707 892/712/707
f 57/544/708 892/712/708 842/579/708
f 171/513/709 892/712/709 57/544/709
f 177/713/710 122/512/710 178/510/710
f 122/512/711 177/713/711 892/712/711
f 171/513/712 122/512/712 892/712/712
f 122/512/713 179/714/713 178/510/713
f 56/715/714 179/714/714 122/512/714
f 839/706/715 893/716/715 56/257/715
f 56/257/716 893/716/716 179/717/716
f 173/705/717 180/718/717 839/706/717
f 839/706/718 180/718/718 893/716/718
f 891/707/719 894/719/719 173/705/719
f 173/705/720 894/719/720 180/718/720
f 891/707/721 54/709/721 894/719/721
f 54/709/722 224/720/722 894/719/722
f 181/540/723 185/542/723 128/508/723
f 128/721/724 185/722/724 236/723/724
f 236/724/725 185/725/725 190/726/725
f 190/727/726 899/728/726 236/729/726
f 186/730/727 236/509/727 899/731/727
f 182/541/728 181/540/728 1455/732/728
f 181/540/729 128/508/729 1455/732/729
f 128/508/730 851/663/730 1455/732/730
f 144/503/731 855/603/731 851/663/731
f 851/663/732 855/603/732 1455/732/732
f 1456/733/733 856/734/733 147/735/733
f 1456/733/734 147/735/734 211/736/734
f 211/736/735 147/735/735 215/737/735
f 1456/733/736 211/736/736 865/738/736
f 149/618/737 863/619/737 865/738/737
f 865/738/738 863/619/738 1456/733/738
f 1455/732/739 862/615/739 143/585/739
f 1455/732/740 143/585/740 182/541/740
f 186/730/741 892/712/741 236/509/741
f 177/713/742 236/509/742 892/712/742
f 188/739/743 897/740/743 187/741/743
f 187/741/744 897/740/744 183/742/744
f 897/743/745 188/744/745 184/745/745
f 898/746/746 186/730/746 899/731/746
f 899/731/747 189/747/747 898/746/747
f 187/748/748 183/749/749 189/747/750
f 189/747/750 183/749/749 898/746/751
f 185/750/752 184/745/752 188/744/752
f 185/751/753 188/752/753 190/727/753
f 900/753/754 191/754/755 233/577/756
f 233/577/756 191/754/755 129/574/757
f 233/755/758 193/756/758 900/757/758
f 903/758/759 193/759/759 841/760/759
f 901/761/760 841/547/760 131/551/760
f 903/758/761 841/760/761 196/762/761
f 196/762/762 841/760/762 901/763/762
f 229/764/763 199/765/763 198/514/763
f 240/766/764 829/767/764 123/768/764
f 135/769/765 829/767/765 124/770/765
f 124/770/766 829/767/766 240/766/766
f 205/516/767 172/259/767 228/771/767
f 228/771/768 172/259/768 828/256/768
f 228/771/769 828/256/769 227/772/769
f 227/545/770 828/511/770 171/513/770
f 229/764/771 198/514/771 205/516/771
f 228/771/772 229/764/772 205/516/772
f 199/765/773 202/773/773 198/514/773
f 198/514/774 202/773/774 203/515/774
f 895/774/775 896/539/775 182/541/775
f 896/539/776 895/774/776 184/543/776
f 184/543/777 895/774/777 274/775/777
f 206/776/778 274/775/778 895/774/778
f 843/584/779 137/71/779 207/777/779
f 207/777/780 206/776/780 843/584/780
f 843/584/781 206/776/781 895/774/781
f 843/584/782 895/774/782 182/541/782
f 137/778/783 53/779/784 207/255/785
f 207/255/785 53/779/784 752/253/786
f 210/780/787 189/781/787 209/782/787
f 189/781/788 210/780/788 187/783/788
f 209/784/789 189/785/789 899/786/789
f 190/787/790 209/784/790 899/786/790
f 188/752/791 210/780/791 190/727/791
f 210/788/792 209/789/792 190/790/792
f 187/783/793 210/780/793 188/752/793
f 908/791/794 866/792/794 214/793/794
f 214/793/795 866/792/795 157/794/795
f 866/795/796 908/796/796 147/735/796
f 147/735/797 908/796/797 215/737/797
f 157/794/798 870/797/798 214/793/798
f 214/798/799 870/658/799 907/799/799
f 870/658/800 151/537/800 907/799/800
f 907/799/801 151/537/801 213/536/801
f 216/800/802 218/801/802 909/802/802
f 909/802/803 218/801/803 1457/803/803
f 218/801/804 908/804/804 1457/803/804
f 908/804/805 214/805/805 1457/803/805
f 1457/803/806 214/805/806 219/806/806
f 219/806/807 217/807/807 1457/803/807
f 1457/803/808 217/807/808 909/802/808
f 909/808/809 905/809/809 216/810/809
f 216/810/810 905/809/810 211/811/810
f 217/812/811 212/813/811 909/814/811
f 909/808/812 212/815/812 905/809/812
f 215/737/813 216/816/813 211/736/813
f 215/817/814 218/801/814 216/800/814
f 215/817/815 908/804/815 218/801/815
f 910/818/816 907/819/816 213/820/816
f 219/806/817 907/821/817 910/822/817
f 907/821/818 219/806/818 214/823/818
f 212/824/819 217/825/819 906/826/819
f 906/660/820 217/827/820 910/822/820
f 217/827/821 219/806/821 910/822/821
f 906/660/822 910/822/822 213/536/822
f 221/566/823 220/507/823 911/828/823
f 911/828/824 220/507/824 178/510/824
f 178/510/825 179/714/825 911/828/825
f 912/829/826 222/243/826 911/830/826
f 911/831/827 222/832/827 913/833/827
f 911/828/828 913/563/828 221/566/828
f 911/831/829 179/717/829 893/716/829
f 180/718/830 912/834/830 893/716/830
f 893/716/831 912/834/831 911/831/831
f 912/829/832 914/241/832 222/243/832
f 894/719/833 914/835/833 180/718/833
f 180/718/834 914/835/834 912/834/834
f 894/719/835 224/720/835 914/835/835
f 63/836/836 61/837/836 169/260/836
f 169/260/837 61/837/837 225/838/837
f 169/260/838 225/838/838 170/262/838
f 225/838/839 61/837/839 890/839/839
f 890/578/840 61/840/840 226/546/840
f 227/545/841 226/546/841 130/841/841
f 61/842/842 915/843/842 226/844/842
f 232/845/843 833/846/843 915/847/843
f 915/848/844 833/849/844 226/546/844
f 226/546/845 833/849/845 130/841/845
f 130/841/846 228/850/846 227/545/846
f 192/851/847 228/850/847 130/841/847
f 194/852/848 229/764/848 192/853/848
f 192/853/849 229/764/849 228/771/849
f 229/764/850 195/854/850 199/765/850
f 229/764/851 194/852/851 195/854/851
f 195/854/852 194/852/852 902/855/852
f 61/856/853 230/857/853 62/858/853
f 230/859/854 835/860/854 131/861/854
f 835/860/855 230/859/855 63/836/855
f 63/836/856 230/859/856 61/837/856
f 233/550/857 235/862/857 234/863/857
f 234/864/858 235/865/858 62/866/858
f 234/867/859 230/868/859 131/869/859
f 917/549/860 233/550/860 234/863/860
f 131/870/861 917/871/861 234/872/861
f 231/873/862 235/874/862 233/875/862
f 62/876/863 235/877/863 916/878/863
f 231/576/864 916/879/864 235/880/864
f 62/866/865 230/881/865 234/864/865
f 236/509/866 177/713/866 178/510/866
f 237/704/867 60/567/867 134/233/867
f 237/704/868 134/233/868 238/708/868
f 59/232/869 238/708/869 134/233/869
f 203/517/870 123/768/870 204/518/870
f 240/766/871 123/768/871 203/517/871
f 202/882/872 240/766/872 203/517/872
f 700/111/873 1458/883/873 18/113/873
f 18/113/874 1458/883/874 918/884/874
f 108/116/875 243/24/875 700/111/875
f 700/111/876 243/24/876 1458/883/876
f 243/24/877 246/26/877 1458/883/877
f 1458/883/878 246/26/878 919/885/878
f 1458/883/879 919/885/879 918/884/879
f 918/884/880 919/885/880 242/886/880
f 251/887/881 927/888/881 1459/889/881
f 252/890/882 932/891/882 927/888/882
f 927/888/883 932/891/883 1459/889/883
f 933/892/884 1459/889/884 253/893/884
f 253/893/885 1459/889/885 932/891/885
f 1459/894/886 933/895/887 251/896/888
f 251/896/888 933/895/887 250/897/889
f 922/898/890 921/899/890 242/900/890
f 242/900/891 921/899/891 698/901/891
f 248/902/892 923/903/892 922/898/892
f 922/898/893 923/903/893 921/899/893
f 247/904/894 921/899/894 923/903/894
f 921/899/895 17/905/895 698/901/895
f 924/906/896 1460/907/896 246/908/896
f 246/26/897 1460/909/897 919/885/897
f 1460/910/898 925/911/898 926/912/898
f 926/912/899 925/911/899 249/913/899
f 922/914/900 1460/910/900 248/915/900
f 248/915/901 1460/910/901 926/912/901
f 1460/909/902 922/916/902 919/885/902
f 919/917/903 922/918/903 242/919/903
f 246/920/904 920/921/904 924/922/904
f 924/923/905 920/924/905 1461/925/905
f 929/926/906 1461/925/906 245/927/906
f 245/927/907 1461/925/907 920/924/907
f 279/928/908 969/929/909 930/930/910
f 930/930/910 969/929/909 1462/931/911
f 281/932/912 249/933/912 969/929/912
f 969/929/913 249/933/913 1462/931/913
f 925/934/914 1462/935/914 249/936/914
f 282/937/915 283/938/915 248/902/915
f 248/902/916 283/938/916 923/903/916
f 283/938/917 247/904/917 923/903/917
f 249/913/918 281/939/918 926/912/918
f 248/915/919 926/912/919 282/940/919
f 206/582/920 904/941/920 274/942/920
f 898/943/921 206/582/921 176/254/921
f 904/941/922 206/582/922 183/944/922
f 183/944/923 206/582/923 898/943/923
f 892/712/924 898/746/924 176/711/924
f 186/730/925 898/746/925 892/712/925
f 934/945/926 942/946/926 255/342/926
f 255/342/927 942/946/927 935/341/927
f 942/946/928 934/945/928 259/947/928
f 942/946/929 260/948/929 935/341/929
f 935/341/930 260/948/930 256/949/930
f 936/950/931 256/951/931 944/952/931
f 944/952/932 256/951/932 260/953/932
f 937/954/933 943/955/933 257/956/933
f 257/956/934 943/955/934 261/957/934
f 945/958/935 939/959/935 261/960/935
f 261/960/936 939/959/936 257/961/936
f 938/962/937 945/963/937 262/964/937
f 938/965/938 258/966/938 945/967/938
f 945/968/939 258/969/939 939/970/939
f 947/971/940 940/972/940 938/973/940
f 938/973/941 940/972/941 258/974/941
f 947/971/942 938/973/942 262/975/942
f 934/976/943 946/977/943 259/978/943
f 946/977/944 934/976/944 941/979/944
f 941/979/945 934/976/945 255/357/945
f 942/946/946 259/947/946 46/980/946
f 46/980/947 259/947/947 47/981/947
f 46/980/948 372/982/948 942/946/948
f 942/946/949 372/982/949 260/948/949
f 372/983/950 737/984/950 260/953/950
f 260/953/951 737/984/951 944/952/951
f 373/985/952 261/957/952 736/986/952
f 736/986/953 261/957/953 943/955/953
f 43/987/954 945/958/954 373/988/954
f 373/988/955 945/958/955 261/960/955
f 945/958/956 43/987/956 262/989/956
f 262/989/957 43/987/957 374/990/957
f 374/991/958 1058/992/959 262/975/960
f 262/975/960 1058/992/959 947/971/961
f 47/993/962 259/978/962 1057/994/962
f 1057/994/963 259/978/963 1463/995/963
f 946/977/964 1463/995/964 259/978/964
f 118/996/965 294/997/965 263/486/965
f 263/486/966 294/997/966 948/485/966
f 295/487/967 948/485/968 368/998/969
f 368/998/969 948/485/968 294/997/970
f 364/481/971 367/999/971 265/482/971
f 265/482/972 367/999/972 1053/1000/972
f 265/482/973 1053/1000/973 116/1001/973
f 292/473/974 369/1002/975 980/476/976
f 980/476/976 369/1002/975 293/1003/977
f 115/1004/978 266/1005/978 293/1006/978
f 293/1007/979 266/480/979 980/478/979
f 1029/1008/980 1024/1009/980 328/1010/980
f 1027/1011/981 1024/490/981 371/1012/981
f 371/1012/982 1024/490/982 1029/1013/982
f 1027/1011/983 118/1014/983 1024/490/983
f 1024/490/984 118/1014/984 263/1015/984
f 355/402/985 951/1016/985 352/370/985
f 352/370/986 951/1016/986 268/371/986
f 355/402/987 1047/401/987 951/1016/987
f 1047/401/988 91/405/988 951/1016/988
f 289/375/989 953/1017/989 977/376/989
f 290/406/990 92/408/991 289/375/992
f 289/375/992 92/408/991 953/1017/993
f 977/376/994 953/1017/994 269/379/994
f 1464/1018/995 1013/1019/995 1017/1020/995
f 1017/1020/996 1013/1019/996 321/1021/996
f 1016/413/997 1464/1018/997 323/414/997
f 323/414/998 1464/1018/998 1017/1020/998
f 89/418/999 955/1022/999 1016/413/999
f 1016/413/1000 955/1022/1000 1464/1018/1000
f 955/1023/1001 270/361/1001 1464/1024/1001
f 1464/1024/1002 270/361/1002 1013/381/1002
f 786/395/1003 957/363/1004 955/1025/1005
f 955/1025/1005 957/363/1004 270/1026/1006
f 89/396/1007 786/395/1007 955/1025/1007
f 297/399/1008 298/364/1008 786/395/1008
f 786/395/1009 298/364/313 957/363/312
f 935/341/1010 256/949/1010 958/1027/1010
f 271/343/1011 935/341/1011 958/1027/1011
f 1034/1028/1012 343/1029/1012 936/1030/1012
f 936/1031/1013 343/1032/1013 1036/1033/1013
f 936/1034/1014 1036/1035/1014 256/1036/1014
f 1037/1037/1015 937/1038/1015 257/1039/1015
f 1035/1040/1016 937/1041/1016 344/1042/1016
f 344/1042/1017 937/1041/1017 1037/1043/1017
f 272/351/1018 959/1044/1018 962/322/1018
f 962/322/1019 959/1044/1019 939/959/1019
f 959/1044/1020 257/961/1020 939/959/1020
f 258/969/1021 273/1045/1021 939/970/1021
f 962/1046/1022 939/970/1022 273/1045/1022
f 273/354/1023 258/974/1023 963/355/1023
f 963/355/1024 258/974/1024 940/972/1024
f 255/357/1025 964/358/1025 941/979/1025
f 1465/1047/1026 966/1048/1026 877/1049/1026
f 877/1049/1027 966/1048/1027 160/1050/1027
f 877/1051/1028 159/1052/1028 1465/1053/1028
f 1465/1053/1029 159/1052/1029 875/1054/1029
f 36/670/1030 965/1055/1030 875/669/1030
f 875/1054/1031 965/1056/1031 1465/1053/1031
f 965/1057/1032 275/556/1032 1465/1047/1032
f 1465/1047/1033 275/556/1033 966/1048/1033
f 837/561/1034 967/555/1035 965/1057/1036
f 965/1057/1036 967/555/1035 275/556/1037
f 36/565/1038 837/561/1038 965/1057/1038
f 133/560/1039 276/1058/1039 837/561/1039
f 837/1059/1040 276/87/1040 967/557/1040
f 718/242/1041 968/86/1041 276/87/1041
f 133/244/1042 718/242/1042 276/87/1042
f 718/242/1043 277/88/1043 968/86/1043
f 160/1050/1044 717/552/1044 41/132/1044
f 41/132/1045 717/552/1045 727/133/1045
f 966/1048/1046 717/552/1046 160/1050/1046
f 966/1048/1047 275/556/1047 717/552/1047
f 31/135/1048 727/133/1048 717/552/1048
f 253/1060/1049 932/1061/1049 279/928/1049
f 279/928/1050 932/1061/1050 969/929/1050
f 252/1062/1051 281/932/1051 932/1061/1051
f 932/1061/1052 281/932/1052 969/929/1052
f 926/912/1053 281/939/1053 927/1063/1053
f 927/1063/1054 281/939/1054 252/1064/1054
f 927/1063/1055 251/1065/1055 282/940/1055
f 282/940/1056 926/912/1056 927/1063/1056
f 282/937/1057 1466/1066/1057 283/938/1057
f 251/896/1058 1466/1066/1058 282/937/1058
f 250/897/1059 970/1067/1059 251/896/1059
f 251/896/1060 970/1067/1060 1466/1066/1060
f 970/1067/1061 283/938/1061 1466/1066/1061
f 284/54/1062 971/1068/1062 974/53/1062
f 974/53/1063 971/1068/1063 1467/1069/1063
f 971/1068/1064 22/1070/1064 1467/1069/1064
f 1467/1069/1065 22/1070/1065 704/1071/1065
f 1467/1072/1066 704/1073/1067 973/1074/1068
f 973/1074/1068 704/1073/1067 19/1075/1069
f 974/56/1070 1467/1072/1070 286/58/1070
f 286/58/1071 1467/1072/1071 973/1074/1071
f 743/1076/1072 973/1074/1072 19/1075/1072
f 743/1076/1073 112/1077/1073 973/1074/1073
f 973/1074/1074 112/1077/1074 818/1078/1074
f 286/58/1075 973/1074/1075 287/193/1075
f 287/193/1076 973/1074/1076 818/1078/1076
f 112/1077/1077 817/1079/1078 818/1078/1079
f 83/1080/1080 781/1081/1080 817/1079/1080
f 817/1079/1078 781/1081/1081 818/1078/1079
f 781/1081/1082 288/377/1082 818/1078/1082
f 818/1078/1083 288/377/453 287/193/455
f 954/1082/1084 289/375/1084 1468/1083/1084
f 1468/1083/1085 289/375/1085 288/377/1085
f 288/377/1086 781/1081/1086 1468/1083/1086
f 342/374/1087 1468/1083/1087 83/1080/1087
f 83/1080/1088 1468/1083/1088 781/1081/1088
f 268/373/1089 954/1082/1089 342/374/1089
f 342/374/1090 954/1082/1090 1468/1083/1090
f 951/1084/1091 954/1082/1091 268/373/1091
f 91/1085/1092 290/406/1092 951/1084/1092
f 951/1084/1093 290/406/1093 954/1082/1093
f 954/1082/1094 290/406/1094 289/375/1094
f 290/406/1095 91/1085/1095 291/409/1095
f 291/409/1096 91/1085/1096 87/1086/1096
f 336/1087/1097 49/1088/1097 979/1089/1097
f 292/473/1098 335/475/1098 979/1089/1098
f 949/1090/1099 979/1091/1099 265/482/1099
f 265/482/1100 979/1091/1100 49/390/1100
f 979/1089/1101 949/1092/1101 292/473/1101
f 1054/1093/1102 949/1090/1102 116/1001/1102
f 116/1001/1103 949/1090/1103 265/482/1103
f 949/1092/1104 1054/1094/1105 292/473/1106
f 292/473/1106 1054/1094/1105 369/1002/1107
f 116/1095/1108 981/99/1108 293/98/1108
f 116/1095/1109 821/1096/1109 981/99/1109
f 822/1097/1110 366/1098/1110 982/101/1110
f 366/1098/1111 117/1099/1111 982/101/1111
f 982/101/1112 117/1099/1112 294/102/1112
f 983/1100/1113 295/487/1114 1051/1101/1115
f 1051/1101/1115 295/487/1114 368/998/1116
f 1051/1102/1117 117/1103/1117 983/1104/1117
f 983/1104/1118 117/1103/1118 264/1105/1118
f 295/487/1119 983/1100/1119 332/488/1119
f 332/488/1120 983/1100/1120 1031/1106/1120
f 983/1104/1121 264/1105/1121 50/1107/1121
f 50/1107/1122 1031/1108/1122 983/1104/1122
f 1031/1108/1123 50/1107/1123 337/1109/1123
f 90/1110/1124 296/398/1124 86/1111/1124
f 296/398/1125 90/1110/1125 297/399/1125
f 90/1110/1126 267/1112/1126 297/399/1126
f 298/364/1127 984/1113/1127 299/366/1127
f 297/399/1128 984/1113/1128 298/364/1128
f 267/1112/1129 341/1114/1129 297/399/1129
f 297/399/1130 341/1114/1130 984/1113/1130
f 984/1113/1131 341/1114/1131 82/1115/1131
f 1469/1116/1132 985/1117/1132 986/213/1132
f 986/213/1133 985/1117/1133 300/211/1133
f 984/1118/1134 1469/1119/1134 299/210/1134
f 299/1120/1135 1469/1116/1135 986/213/1135
f 82/1121/1136 745/1122/1136 984/1123/1136
f 984/1123/1137 745/1122/1137 1469/1116/1137
f 985/1117/1138 1469/1116/1139 38/1124/1140
f 38/1124/1140 1469/1116/1139 745/1122/1141
f 301/119/1142 988/459/1142 987/1125/1142
f 987/1125/1143 988/459/1143 1470/1126/1143
f 988/459/1144 300/211/1144 1470/1126/1144
f 1470/1126/1145 300/211/1145 985/1117/1145
f 38/1124/1146 812/1127/1146 985/1117/1146
f 985/1117/1147 812/1127/1147 1470/1126/1147
f 987/1125/1148 1470/1126/1148 107/1128/1148
f 107/1128/1149 1470/1126/1149 812/1127/1149
f 302/42/1150 1471/1129/1150 18/1130/1150
f 18/1130/1151 1471/1129/1151 107/1128/1151
f 1471/1129/1152 302/42/1152 989/117/1152
f 989/117/1153 301/119/1153 1471/1129/1153
f 1471/1129/1154 301/119/1154 987/1125/1154
f 1471/1129/1155 987/1125/1155 107/1128/1155
f 302/42/1156 1472/1131/1156 990/41/1156
f 18/1130/1157 918/1132/1157 302/42/1157
f 302/42/1158 918/1132/1158 1472/1131/1158
f 242/1133/1159 698/1134/1159 918/1132/1159
f 918/1132/1160 698/1134/1160 1472/1131/1160
f 17/1135/1161 303/1136/1161 698/1137/1161
f 698/1134/1162 303/43/1162 1472/1131/1162
f 303/43/1163 990/41/1163 1472/1131/1163
f 138/523/1164 991/1138/1164 1473/1139/1164
f 992/583/555 1473/1139/1165 304/75/556
f 304/75/1166 1473/1139/1166 991/1138/1166
f 1473/1139/1167 992/583/1167 751/614/1167
f 751/614/1168 992/583/1168 143/585/1168
f 751/614/1169 52/588/1169 1473/1139/1169
f 1473/1139/1170 52/588/1170 138/523/1170
f 304/75/1171 991/1138/1171 305/76/1171
f 305/76/1172 991/1138/1172 749/1140/1172
f 51/524/1173 749/1140/1173 138/523/1173
f 138/523/1174 749/1140/1174 991/1138/1174
f 306/1141/1175 995/1142/1175 801/1143/1175
f 801/1143/1176 995/1142/1176 1474/1144/1176
f 995/1142/1177 132/85/1177 1474/1144/1177
f 1474/1144/1178 132/85/1178 709/83/1178
f 1474/1144/1179 709/83/1179 798/1145/1179
f 798/1145/1180 709/83/1180 32/90/1180
f 801/1143/1181 1474/1144/1181 100/1146/1181
f 100/1146/1182 1474/1144/1182 798/1145/1182
f 1475/1147/1183 707/1148/1183 996/428/1183
f 996/428/1184 707/1148/1184 30/429/1184
f 996/428/1185 306/9/1185 1475/1147/1185
f 1475/1147/1186 306/9/1186 801/1149/1186
f 710/1150/1187 1475/1147/1188 100/1151/1189
f 100/1151/1189 1475/1147/1188 801/1149/1190
f 27/1152/1191 707/1148/1191 710/1150/1191
f 710/1150/1192 707/1148/1192 1475/1147/1192
f 307/120/1193 998/124/1193 997/1153/1193
f 997/1153/1194 998/124/1194 1476/1154/1194
f 719/235/1195 1476/1154/1195 35/125/1195
f 35/125/1196 1476/1154/1196 998/124/1196
f 1476/1154/1197 719/235/1197 877/1049/1197
f 877/1049/1198 719/235/1198 159/240/1198
f 877/1049/1199 160/1050/1199 1476/1154/1199
f 1476/1154/1200 160/1050/1200 997/1153/1200
f 997/1153/1201 999/1155/1201 307/120/1201
f 997/1153/1202 160/1050/1202 999/1155/1202
f 160/1050/1203 41/132/1203 999/1155/1203
f 307/120/1204 999/1155/1204 308/68/1204
f 308/68/1205 999/1155/1206 1000/66/1207
f 1000/66/1207 999/1155/1206 1477/1156/1208
f 999/1155/1209 41/132/1209 1477/1156/1209
f 1477/1156/1210 41/132/1210 802/128/1210
f 102/130/1211 805/1157/1212 802/128/1213
f 802/128/1214 805/1157/1214 1477/1156/1214
f 1000/66/1215 1477/1156/1216 309/69/1217
f 309/69/1217 1477/1156/1216 805/1157/1218
f 309/69/1219 805/1157/1219 310/175/1219
f 805/1157/1212 102/130/1211 730/1158/1220
f 42/1159/1221 1001/1160/1221 730/1158/1221
f 730/1158/1220 1001/1160/1222 805/1157/1212
f 805/1157/1223 1001/1160/1223 310/175/1223
f 311/174/1224 310/175/1224 1478/1161/1224
f 1478/1161/1225 310/175/1225 1001/1160/1225
f 738/1162/1226 1478/1163/1226 42/1164/1226
f 42/1164/1227 1478/1163/1227 1001/1165/1227
f 878/1166/1228 1478/1163/1229 161/1167/1230
f 161/1167/1230 1478/1163/1229 738/1162/1231
f 878/1166/1232 311/1168/1232 1478/1163/1232
f 312/278/1233 311/1168/1233 878/1166/1233
f 762/1169/1234 878/1166/1234 69/303/1234
f 69/303/1235 878/1166/1235 161/1167/1235
f 762/1169/1236 312/278/1236 878/1166/1236
f 312/278/1237 762/1169/1237 313/279/1237
f 884/1170/1238 762/1169/1238 165/305/1238
f 165/305/1239 762/1169/1239 69/303/1239
f 884/1170/1240 313/279/1240 762/1169/1240
f 720/1171/1241 314/216/1241 695/421/1241
f 695/421/1242 314/216/1242 1006/457/1242
f 96/264/1243 695/421/1243 1006/457/1243
f 15/420/1244 720/1171/1244 695/421/1244
f 1479/1172/1245 1009/1173/1245 721/1174/1245
f 721/1174/1246 1009/1173/1246 315/1175/1246
f 721/1174/1247 16/1176/1247 1479/1172/1247
f 1479/1172/1248 16/1176/1248 741/1177/1248
f 113/195/1249 819/1178/1249 741/194/1249
f 741/194/1250 819/1178/1250 1479/1179/1250
f 317/1180/1251 1009/1173/1251 819/1181/1251
f 819/1181/1252 1009/1173/1252 1479/1172/1252
f 1012/1182/1253 317/1180/1253 819/1181/1253
f 84/380/1254 782/1183/1254 113/195/1254
f 113/195/1255 782/1183/1255 819/1178/1255
f 319/1184/1256 1012/1182/1256 782/1185/1256
f 782/1185/1257 1012/1182/1257 819/1181/1257
f 956/1186/1258 1015/1187/1258 782/1185/1258
f 782/1185/1259 1015/1187/1259 319/1184/1259
f 269/379/1260 956/1188/1260 84/380/1260
f 84/380/1261 956/1188/1261 782/1183/1261
f 956/1186/1262 320/1189/1262 1015/1187/1262
f 1018/1190/1263 320/1191/1263 1480/1192/1263
f 1480/1192/1264 320/1191/1264 956/1193/1264
f 953/1017/1265 1480/1194/1265 269/379/1265
f 269/379/1266 1480/1194/1266 956/1188/1266
f 788/1195/1267 1480/1194/1267 92/408/1267
f 92/408/1268 1480/1194/1268 953/1017/1268
f 322/1196/1269 1018/1190/1269 788/1197/1269
f 788/1197/1270 1018/1190/1270 1480/1192/1270
f 787/407/1271 788/1195/1271 92/408/1271
f 787/1198/1272 88/1199/1272 788/1197/1272
f 322/1196/1273 788/1197/1273 324/1200/1273
f 324/1200/1274 788/1197/1274 88/1199/1274
f 1026/1201/1275 326/1202/1275 950/1203/1275
f 950/1203/1276 326/1202/1276 746/1204/1276
f 746/1204/1277 48/479/1278 950/1203/1279
f 266/480/1280 950/1203/1279 48/479/1278
f 1026/1205/1281 950/1206/1281 329/1207/1281
f 950/1208/1282 1028/1209/1282 329/1210/1282
f 1055/1211/1283 950/1212/1283 115/1213/1283
f 115/1213/1284 950/1212/1284 266/1214/1284
f 1055/1215/1285 370/1216/1286 950/1208/1287
f 950/1208/1287 370/1216/1286 1028/1209/1288
f 783/394/1289 85/397/1289 1030/483/1290
f 1030/483/1290 85/397/1289 333/484/1290
f 332/488/1291 783/394/1291 1030/483/1291
f 296/398/1292 783/394/1292 332/488/1292
f 1023/1217/1293 1481/1218/1293 325/416/1293
f 325/416/1294 1481/1218/1294 1019/415/1294
f 1481/1218/1295 1023/1217/1295 1021/392/1295
f 1021/392/1296 1023/1217/1296 334/393/1296
f 85/397/1297 1481/1219/1297 333/484/1297
f 333/484/1298 1481/1219/1298 1021/494/1298
f 1481/1219/1299 85/397/1299 1019/1220/1299
f 785/1221/1300 746/1222/1300 1022/1223/1300
f 1022/1223/1301 746/1222/1301 326/1224/1301
f 88/1199/1302 785/1221/1302 324/1200/1302
f 324/1200/1303 785/1221/1303 1022/1223/1303
f 785/1221/1304 48/1225/1304 746/1222/1304
f 291/409/1305 335/475/1305 978/410/1305
f 978/410/1306 335/475/1306 744/474/1306
f 978/410/1307 744/474/1307 785/1226/1307
f 785/1226/1308 744/474/1308 48/1227/1308
f 88/411/1309 978/410/1309 785/1226/1309
f 291/409/1310 979/1089/1310 335/475/1310
f 87/1086/1311 336/1087/1311 291/409/1311
f 291/409/1312 336/1087/1312 979/1089/1312
f 361/387/1313 339/1228/1313 358/1229/1313
f 339/1228/1314 361/387/1314 340/386/1314
f 1031/1106/1315 296/398/1315 332/488/1315
f 86/1111/1316 1031/1106/1316 337/1230/1316
f 1031/1106/1317 86/1111/1317 296/398/1317
f 358/1229/1318 339/1228/1318 357/400/1318
f 357/400/1319 339/1228/1319 1049/403/1319
f 339/1228/1320 87/404/1320 1049/403/1320
f 86/1231/1321 337/1109/1321 338/1232/1321
f 340/1233/1322 87/1234/1322 339/1235/1322
f 336/1087/1323 87/1086/1323 340/1236/1323
f 1041/466/1324 349/468/1324 1045/1237/1324
f 351/369/1325 1044/368/1326 1045/1237/1327
f 1045/1237/1327 1044/368/1326 1041/466/1328
f 1044/368/1329 342/1238/1329 1041/466/1329
f 1041/466/1330 342/1238/1330 83/469/1330
f 341/1114/1331 1032/1239/1331 82/1115/1331
f 1034/1240/1332 961/1241/1332 343/1032/1332
f 343/1242/1333 961/1243/1333 271/343/1333
f 1035/1040/1334 344/1042/1334 1482/1244/1334
f 1482/1244/1335 344/1042/1335 960/1245/1335
f 960/1246/1336 344/1247/1336 272/1248/1336
f 1036/1035/1337 958/1249/1337 256/1036/1337
f 343/1032/1338 958/1250/1338 1036/1033/1338
f 271/343/1339 958/1027/1339 343/1242/1339
f 959/1044/1340 272/351/1340 344/1251/1340
f 959/1252/1341 344/1042/1341 1037/1043/1341
f 959/1044/1342 1037/1253/1342 257/961/1342
f 107/114/1343 812/1254/1343 815/115/1343
f 345/196/1344 815/115/1345 38/1255/1346
f 38/1255/1346 815/115/1345 812/1254/1347
f 815/115/1348 345/196/1348 108/116/1348
f 1040/197/1349 345/196/1349 745/1256/1349
f 745/1256/1350 345/196/1350 38/1255/1350
f 780/1257/1351 1040/197/1351 82/1258/1351
f 82/1258/1352 1040/197/1352 745/1256/1352
f 346/201/1353 1040/197/1353 780/1257/1353
f 1043/1259/1354 346/201/1354 780/1257/1354
f 348/1260/1355 1043/1259/1355 780/1257/1355
f 1032/1239/1356 780/1261/1356 82/1115/1356
f 341/1262/1357 1033/1263/1357 1032/1264/1357
f 1032/1264/1358 1033/1263/1358 780/1257/1358
f 350/1265/1359 348/1260/1359 1033/1263/1359
f 1033/1263/1360 348/1260/1360 780/1257/1360
f 341/1262/1361 267/1266/1361 1033/1263/1361
f 1033/1263/1362 267/1266/1362 952/1267/1362
f 952/1267/1363 353/1268/1363 1033/1263/1364
f 1033/1263/1364 353/1268/1363 350/1265/1365
f 952/1267/1366 1048/1269/1366 353/1268/1366
f 90/1270/1367 952/1267/1367 267/1266/1367
f 354/1271/1368 1048/1269/1368 952/1267/1368
f 1050/1272/1369 354/1271/1369 784/1273/1369
f 784/1273/1370 354/1271/1370 952/1267/1370
f 90/1270/1371 784/1273/1371 952/1267/1371
f 86/1274/1372 784/1273/1372 90/1270/1372
f 356/1275/1373 1050/1272/1373 784/1273/1373
f 338/1232/1374 356/1275/1374 784/1273/1374
f 86/1274/1375 338/1232/1375 784/1273/1375
f 359/1276/1376 356/1275/1376 338/1232/1376
f 359/1276/1377 338/1232/1377 360/1277/1377
f 360/1277/1378 338/1232/1378 337/1109/1378
f 360/1277/1379 337/1109/1380 362/1278/1381
f 362/1278/1381 337/1109/1380 50/1107/1382
f 362/1278/1383 50/1107/1384 365/1279/1384
f 365/1279/1384 50/1107/1384 264/1105/1385
f 1052/1280/1386 264/1105/1386 117/1103/1386
f 365/1279/1387 264/1105/1387 366/1281/1387
f 366/1281/1388 264/1105/1388 1052/1280/1388
f 117/1099/1389 1051/1282/1390 294/102/1391
f 294/102/1391 1051/1282/1390 368/1283/1392
f 1052/1284/1393 117/1099/1393 366/1098/1393
f 367/1285/1394 821/1096/1394 1053/1286/1394
f 116/1095/1395 1053/1286/1395 821/1096/1395
f 116/1095/1396 293/98/1397 1054/1287/1398
f 1054/1287/1398 293/98/1397 369/1288/1399
f 823/109/1400 1055/1289/1400 115/108/1400
f 330/1290/1401 370/1291/1401 823/109/1401
f 823/109/1402 370/1291/1402 1055/1289/1402
f 331/1292/1403 1027/1293/1403 371/1294/1403
f 737/139/1404 372/1295/1404 46/140/1404
f 373/1296/1405 736/136/127 43/138/129
f 374/990/1406 43/987/1406 44/1297/1406
f 1056/1298/1407 45/1299/1407 1057/1300/1407
f 1057/1300/1408 45/1299/1408 740/141/1408
f 47/142/1409 1057/1300/1409 740/141/1409
f 706/1301/1410 688/1302/1410 5/1303/1410
f 1060/61/1411 706/1301/1411 377/144/1411
f 375/64/1412 705/1304/1412 1060/61/1412
f 1060/61/1413 705/1304/1413 706/1301/1413
f 705/1304/1414 2/1305/1414 706/1301/1414
f 706/1301/1415 2/1305/1415 688/1302/1415
f 5/1306/1416 733/1307/1416 706/1308/1416
f 881/1309/1417 706/1308/1417 163/1310/1417
f 163/1310/1418 706/1308/1418 733/1307/1418
f 377/1311/1419 706/1308/1419 378/1312/1419
f 378/1312/1420 706/1308/1420 881/1309/1420
f 1483/1313/1421 378/149/1421 881/1314/1421
f 1483/1313/1422 881/1314/1422 163/1315/1422
f 765/1316/1423 1483/1313/1423 71/1317/1423
f 71/1317/1424 1483/1313/1424 163/1315/1424
f 379/294/1425 378/149/1425 765/1316/1425
f 765/1316/1426 378/149/1426 1483/1313/1426
f 887/1318/1427 765/1316/1427 167/1319/1427
f 167/1319/1428 765/1316/1428 71/1317/1428
f 380/296/1429 379/294/1429 887/1318/1429
f 887/1318/1430 379/294/1430 765/1316/1430
f 75/1320/1431 770/1321/1431 167/1319/1431
f 167/1319/1432 770/1321/1432 887/1318/1432
f 381/323/1433 380/296/1433 770/1321/1433
f 770/1321/1434 380/296/1434 887/1318/1434
f 382/324/282 381/323/281 770/1321/1435
f 79/319/1436 770/1322/1436 75/321/1436
f 770/1321/1437 79/349/1437 382/324/1437
f 73/1323/1438 383/1324/1438 165/305/1438
f 165/305/1439 383/1324/1439 884/1170/1439
f 383/310/1440 313/687/1440 884/1325/1440
f 383/310/1441 73/1326/1441 773/339/1441
f 773/339/1442 73/1326/1442 77/340/1442
f 773/339/1443 384/308/270 383/310/272
f 904/941/1444 897/743/1444 274/942/1444
f 274/942/1445 897/743/1445 184/745/1445
f 183/944/1446 897/743/1446 904/941/1446
f 1338/1327/1447 471/1328/1448 1484/1329/1449
f 1484/1329/1449 471/1328/1448 1188/1330/1450
f 1156/1331/1451 1484/1329/1451 396/1332/1451
f 396/1332/1452 1484/1329/1452 1188/1330/1452
f 1337/1333/1453 1484/1329/1454 447/1334/1455
f 447/1334/1455 1484/1329/1454 1156/1331/1456
f 612/1335/1457 1338/1327/1457 1337/1333/1457
f 1337/1333/1458 1338/1327/1458 1484/1329/1458
f 419/1336/1459 1150/1337/1459 1122/1338/1459
f 1122/1338/1460 1150/1337/1460 1485/1339/1460
f 444/1340/1461 387/1341/1461 1150/1337/1461
f 1150/1337/1462 387/1341/1462 1485/1339/1462
f 387/1341/1463 1201/1342/1463 1485/1339/1463
f 1485/1339/1464 1201/1342/1464 1067/1343/1464
f 1067/1343/1465 1201/1342/1465 481/1344/1465
f 7/10/1466 694/12/1466 1067/1343/1466
f 1067/1343/1467 694/12/1467 1485/1339/1467
f 68/1345/1468 1122/1338/1469 694/12/1470
f 694/12/1470 1122/1338/1469 1485/1339/1471
f 1271/1346/1472 244/1347/1472 564/1348/1472
f 564/1348/1473 244/1347/1473 109/1349/1473
f 1271/1346/1474 564/1348/1474 565/1350/1474
f 1486/1351/1475 1118/1352/1475 1119/1353/1475
f 1119/1353/1476 1118/1352/1476 418/1354/1476
f 1119/1355/1477 65/1356/1478 1486/1357/1479
f 1486/1357/1479 65/1356/1478 754/1358/1480
f 1/1359/1481 1065/1360/1481 754/1358/1481
f 754/1358/1482 1065/1360/1482 1486/1357/1482
f 1065/1361/1483 386/1362/1483 1486/1351/1483
f 1486/1351/1484 386/1362/1484 1118/1352/1484
f 303/1136/1485 1333/1363/1485 696/48/1485
f 610/1364/1486 1072/1365/1486 1333/1363/1486
f 388/1366/1487 1068/1367/1487 1072/1365/1487
f 1072/1365/1488 1068/1367/1488 1333/1363/1488
f 1068/1367/1489 9/47/1489 1333/1363/1489
f 1333/1363/1490 9/47/1490 696/48/1490
f 1487/1368/1491 1074/1369/1491 1317/1370/1491
f 1317/1370/1492 1074/1369/1492 594/1371/1492
f 1317/1370/1493 285/1372/1493 1487/1368/1493
f 1487/1368/1494 285/1372/1494 702/1373/1494
f 702/1373/1495 14/1374/1495 1487/1368/1495
f 1487/1368/1496 14/1374/1496 1069/1375/1496
f 1074/1369/1497 1487/1368/1497 390/1376/1497
f 390/1376/1498 1487/1368/1498 1069/1375/1498
f 1059/1377/1499 26/1378/1500 1399/1379/1501
f 395/1380/1502 1399/1379/1501 26/1378/1500
f 1059/1377/1503 1399/1379/1503 376/1381/1503
f 402/1382/1504 1343/1383/1505 614/1384/1506
f 1343/1383/1505 402/1382/1504 1160/1385/1507
f 1343/1383/1508 1160/1385/1509 615/1386/1510
f 615/1386/1510 1160/1385/1509 449/1387/1511
f 1195/1388/1512 476/1389/1512 1488/1390/1512
f 476/1389/1513 53/1391/1513 1488/1390/1513
f 1488/1390/1514 53/1391/1514 993/1392/1514
f 305/1393/1515 1336/1394/1516 993/1392/1517
f 993/1392/1517 1336/1394/1516 1488/1390/1518
f 1195/1388/1519 1488/1390/1519 611/1395/1519
f 611/1395/1520 1488/1390/1520 1336/1394/1520
f 480/1396/1521 34/79/1521 481/1344/1521
f 481/1344/1522 34/79/1522 712/77/1522
f 712/77/1523 7/10/1523 1067/1343/1523
f 1067/1343/1524 481/1344/1524 712/77/1524
f 278/1397/1525 1313/1398/1525 716/1399/1525
f 716/1399/1526 1313/1398/1526 1489/1400/1526
f 1313/1398/1527 591/1401/1527 1489/1400/1527
f 1489/1400/1528 591/1401/1528 1190/1402/1528
f 1489/1400/1529 1190/1402/1529 1081/1403/1529
f 1081/1403/1530 1190/1402/1530 471/1404/1530
f 716/1399/1531 1489/1400/1531 33/1405/1531
f 33/1405/1532 1489/1400/1532 1081/1403/1532
f 1164/1406/1533 446/1407/1533 1153/1408/1533
f 1088/1409/1534 1164/1406/1534 388/1366/1534
f 388/1366/1535 1164/1406/1535 1153/1408/1535
f 452/1410/1536 1167/1411/1536 1088/1412/1536
f 1088/1412/1537 1167/1411/1537 1164/1413/1537
f 451/1414/1538 1164/1413/1538 1167/1411/1538
f 1370/1415/1539 1490/1416/1539 637/1417/1539
f 637/1417/1540 1490/1416/1540 1179/1418/1540
f 462/1419/1541 602/1420/1542 1370/1415/1543
f 1370/1415/1543 602/1420/1542 1490/1416/1544
f 602/1420/1545 1324/1421/1545 1490/1416/1545
f 1325/1422/1546 601/1423/1547 1491/1424/1548
f 459/1425/1549 1180/1426/1549 601/1423/1549
f 601/1423/1547 1180/1426/1550 1491/1424/1548
f 453/1427/1551 1492/1428/1551 1171/1429/1551
f 1492/1428/1552 453/1427/1552 1075/1430/1552
f 1075/1430/1553 453/1427/1553 391/1431/1553
f 1075/1430/1554 454/1432/1554 1492/1428/1554
f 1492/1428/1555 454/1432/1555 1171/1429/1555
f 1088/1412/1556 1169/1433/1556 452/1410/1556
f 388/1366/1557 1072/1365/1557 1088/1409/1557
f 610/1364/1558 1332/1434/1558 1072/1365/1558
f 1072/1365/1559 1332/1434/1559 1088/1409/1559
f 1332/1435/1560 609/1436/1560 1088/1412/1560
f 1088/1412/1561 609/1436/1561 1169/1433/1561
f 1493/1437/1562 1341/1438/1562 1082/1439/1562
f 1082/1439/1563 1341/1438/1563 397/1440/1563
f 1082/1439/1564 387/1341/1564 1493/1437/1564
f 444/1340/1565 1172/1441/1565 387/1341/1565
f 387/1341/1566 1172/1441/1566 1493/1437/1566
f 1172/1441/1567 402/1442/1567 1493/1437/1567
f 614/1443/1568 613/1444/1569 402/1442/1570
f 402/1442/1570 613/1444/1569 1493/1437/1571
f 613/1444/1572 1341/1438/1572 1493/1437/1572
f 403/1445/1573 1158/1446/1573 1093/1447/1573
f 1093/1447/1574 1158/1446/1574 1494/1448/1574
f 1158/1446/1575 448/1449/1575 1494/1448/1575
f 1494/1448/1576 448/1449/1576 1159/1450/1576
f 447/1334/1455 1156/1331/1456 1159/1450/1577
f 1159/1450/1578 1156/1331/1578 1494/1448/1578
f 1156/1331/1579 396/1332/1579 1494/1448/1579
f 1494/1448/1580 396/1332/1580 1093/1447/1580
f 1105/1451/1581 408/1452/1581 407/1453/1581
f 1103/1454/1582 1105/1451/1582 407/1453/1582
f 1102/1455/1583 405/1456/1583 1106/1457/1583
f 406/1458/1584 1106/1457/1584 405/1456/1584
f 1400/1459/1585 1495/1460/1585 502/1461/1585
f 502/1461/1586 1495/1460/1586 1100/1462/1586
f 1495/1460/1587 1400/1459/1587 680/1463/1587
f 680/1464/1588 1400/1465/1588 681/1466/1588
f 1495/1467/1589 680/1468/1589 1399/1469/1589
f 1495/1467/1590 1399/1469/1590 1100/1470/1590
f 1100/1462/1591 1399/1379/1591 395/1380/1591
f 1496/1471/1592 1098/1472/1592 1228/1473/1592
f 1228/1473/1593 1098/1472/1593 501/1474/1593
f 1101/1475/1594 1497/1476/1594 500/1477/1594
f 500/1477/1595 1497/1476/1595 1229/1478/1595
f 401/1479/1596 1091/1480/1597 1101/1481/1598
f 1101/1481/1599 1091/1480/1599 1497/1482/1599
f 1099/1483/1600 1497/1482/1600 386/1362/1600
f 386/1362/1601 1497/1482/1601 1091/1480/1601
f 500/1484/1602 1345/1485/1602 1101/1481/1602
f 1101/1481/1603 1345/1485/1603 1498/1486/1603
f 1345/1485/1604 617/1487/1604 1498/1486/1604
f 1498/1486/1605 617/1487/1605 1097/1488/1605
f 1097/1488/1606 617/1487/1606 616/1489/1606
f 1097/1488/1607 401/1479/1607 1498/1486/1607
f 1498/1486/1608 401/1479/1596 1101/1481/1598
f 1232/1490/1609 1499/1491/1610 499/1492/1611
f 499/1492/1612 1499/1491/1612 1104/1493/1612
f 502/1461/1613 1100/1462/1613 1231/1494/1613
f 1231/1495/1614 1100/1496/1614 1500/1497/1614
f 1500/1497/1615 1100/1496/1615 1094/1498/1615
f 1094/1499/1616 1100/1500/1616 395/1501/1616
f 1499/1491/1617 1095/1502/1617 1104/1493/1617
f 1104/1493/1618 1095/1502/1618 404/1503/1618
f 1107/1504/1619 457/1505/1619 1074/1369/1619
f 1074/1369/1620 457/1505/1620 1318/1506/1620
f 1074/1507/1621 1318/1508/1621 594/1509/1621
f 594/1509/1622 1318/1508/1622 595/1510/1622
f 390/1376/1623 1107/1504/1623 1074/1369/1623
f 455/1511/1624 1381/1512/1624 1109/1513/1624
f 1109/1513/1625 1381/1512/1625 1501/1514/1625
f 1381/1512/1626 653/1515/1626 1501/1514/1626
f 1501/1514/1627 653/1515/1628 1383/1516/1629
f 651/1517/1630 1089/1518/1630 1383/1516/1630
f 1383/1516/1631 1089/1518/1631 1501/1514/1631
f 1109/1513/1632 1501/1514/1632 392/1519/1632
f 392/1519/1633 1501/1514/1633 1089/1518/1633
f 1329/1520/1634 607/1521/1634 1090/1522/1634
f 1090/1522/1635 607/1521/1635 1176/1523/1635
f 458/1524/1636 399/1525/1636 1176/1523/1636
f 1176/1523/1637 399/1525/1637 1090/1522/1637
f 1090/1522/1638 608/1526/1638 1329/1520/1638
f 1350/1527/1639 1502/1528/1639 458/1524/1639
f 458/1524/1640 1502/1528/1640 399/1525/1640
f 622/1529/1641 1351/1530/1641 1350/1531/1641
f 1350/1527/1642 1351/1532/1642 1502/1528/1642
f 1351/1532/1643 620/1533/1643 1502/1528/1643
f 1502/1528/1644 620/1533/1644 1348/1534/1644
f 1502/1528/1645 1348/1534/1645 399/1525/1645
f 479/1535/1646 747/1536/1646 1200/1537/1646
f 1200/1538/1647 747/221/1647 480/1396/1647
f 480/1396/1648 747/221/1648 34/79/1648
f 474/1539/1649 1192/1540/1649 125/1541/1649
f 125/1541/1650 1192/1540/1650 58/1542/1650
f 1192/1543/1651 473/1544/1651 58/1545/1651
f 496/1546/1652 1182/1547/1652 1225/1548/1652
f 1225/1548/1653 1182/1547/1653 1085/1549/1653
f 1182/1547/1654 463/1550/1654 1085/1549/1654
f 1085/1549/1655 463/1550/1655 1113/1551/1655
f 1085/1552/1656 1113/1553/1656 397/1440/1656
f 1085/1549/1657 497/1554/1657 1225/1548/1657
f 1265/1555/1658 550/1556/1658 1084/1557/1658
f 1084/1557/1659 550/1556/1659 472/1558/1659
f 223/1559/1660 1265/1555/1660 278/1397/1660
f 278/1397/1661 1265/1555/1661 1084/1557/1661
f 1115/1560/1662 549/1561/1662 548/1562/1662
f 464/1563/1663 1115/1560/1663 548/1562/1663
f 512/1564/1664 511/1565/1664 208/252/1664
f 174/250/1665 208/252/1665 511/1565/1665
f 512/1564/1666 208/252/1666 536/1566/1666
f 413/1567/1667 509/1568/1667 1183/1569/1667
f 413/1567/1668 1183/1569/1668 465/1570/1668
f 507/1571/1669 1239/1572/1669 475/1573/1669
f 1239/1574/1670 169/260/1670 475/1575/1670
f 475/1575/1671 169/260/1671 174/250/1671
f 1119/1355/1672 1503/1576/1672 65/1356/1672
f 65/1356/1673 1503/1576/1673 791/1577/1673
f 1503/1578/1674 1119/1353/1674 1151/1579/1674
f 1151/1579/1675 1119/1353/1675 418/1354/1675
f 1152/1580/1676 1503/1578/1676 445/1581/1676
f 445/1581/1677 1503/1578/1677 1151/1579/1677
f 94/1582/1678 791/1577/1678 1152/1583/1678
f 1152/1583/1679 791/1577/1679 1503/1576/1679
f 1504/1584/1680 1120/1585/1680 1164/1406/1680
f 1164/1406/1681 1120/1585/1681 446/1407/1681
f 1165/1586/1682 1504/1587/1682 451/1414/1682
f 451/1414/1683 1504/1587/1683 1164/1413/1683
f 450/1588/1684 1162/1589/1684 1165/1586/1684
f 1165/1586/1685 1162/1589/1685 1504/1587/1685
f 1162/1590/1686 419/1336/1686 1504/1584/1686
f 1504/1584/1687 419/1336/1687 1120/1585/1687
f 1505/1591/1688 760/1592/1688 1155/1593/1688
f 1155/1593/1689 760/1592/1689 98/426/1689
f 1155/1593/1690 446/1407/1691 1505/1591/1692
f 1505/1591/1692 446/1407/1691 1120/1585/1693
f 1505/1591/1694 1120/1585/1694 1122/1338/1694
f 1122/1338/1695 1120/1585/1695 419/1336/1695
f 1122/1338/1696 68/1345/1696 1505/1591/1696
f 1505/1591/1697 68/1345/1697 760/1592/1697
f 1347/1594/1698 1346/1595/1698 504/1596/1698
f 1347/1594/1699 619/1597/1699 1346/1595/1699
f 618/1598/1700 1346/1595/1700 619/1597/1700
f 504/1596/1701 1346/1595/1701 421/1599/1701
f 1234/1600/1702 1506/1601/1702 505/1602/1702
f 505/1602/1703 1506/1601/1703 422/1603/1703
f 421/1604/1704 1124/1605/1704 504/1606/1704
f 504/1606/1705 1124/1605/1705 1235/1607/1705
f 1125/1608/1706 422/1603/1706 1506/1601/1706
f 423/1609/1707 506/1610/1707 1401/1611/1707
f 1401/1611/1708 506/1610/1708 1402/1612/1708
f 1401/1611/1709 1402/1612/1709 682/1613/1709
f 682/1613/1710 1402/1612/1710 683/1614/1710
f 420/1615/1711 503/1616/1711 1507/1617/1711
f 1507/1617/1712 503/1616/1712 1237/1618/1712
f 423/1609/1713 1238/1619/1713 506/1610/1713
f 1238/1619/1714 423/1609/1714 1128/1620/1714
f 1127/1621/1715 420/1615/1715 1507/1617/1715
f 1403/1622/1716 429/1623/1716 687/1624/1716
f 687/1624/1717 686/1625/1718 1403/1622/1719
f 429/1626/1720 1403/1627/1720 425/1628/1720
f 430/1629/1721 1137/1630/1721 1130/1631/1721
f 1136/1632/1722 429/1626/1722 1508/1633/1722
f 429/1626/1723 425/1628/1723 1508/1633/1723
f 1508/1633/1724 425/1628/1724 1129/1634/1724
f 430/1629/1725 1130/1631/1725 426/1635/1725
f 684/1636/1726 427/1637/1726 1307/1638/1726
f 1307/1639/1727 427/1640/1727 431/1641/1727
f 1307/1639/1728 685/1642/1729 684/1643/1730
f 428/1644/1731 1139/1645/1731 424/1646/1731
f 424/1646/1732 1139/1645/1732 1509/1647/1732
f 431/1648/1733 427/1637/1733 1138/1649/1733
f 1138/1649/1734 427/1637/1734 1133/1650/1734
f 424/1646/1735 1509/1647/1735 1132/1651/1735
f 1280/1652/1736 1134/1653/1736 586/1654/1736
f 586/1654/1737 1134/1653/1737 429/1623/1737
f 1134/1653/1738 1280/1652/1738 428/1655/1738
f 428/1655/1739 1280/1652/1739 570/1656/1739
f 687/1624/1740 429/1623/1740 1134/1653/1740
f 1137/1630/1741 1135/1657/1741 1306/1658/1741
f 1306/1658/1742 1135/1657/1742 587/1659/1742
f 1136/1632/1743 1305/1660/1743 429/1626/1743
f 429/1626/1744 1305/1660/1744 586/1661/1744
f 1137/1630/1745 430/1629/1745 1135/1657/1745
f 1307/1639/1746 431/1641/1746 588/1662/1746
f 1135/1663/1747 1307/1639/1747 587/1664/1747
f 430/1665/1748 685/1642/1748 1135/1663/1748
f 1135/1663/1749 685/1642/1749 1307/1639/1749
f 428/1644/1750 570/1666/1750 1511/1667/1750
f 1511/1667/1751 570/1666/1751 1309/1668/1751
f 431/1648/1752 1510/1669/1752 588/1670/1752
f 588/1670/1753 1510/1669/1753 1308/1671/1753
f 1510/1669/1754 431/1648/1754 1138/1649/1754
f 1139/1645/1755 428/1644/1755 1511/1667/1755
f 606/1672/1756 1302/1673/1757 1140/1674/1758
f 1302/1673/1759 585/1675/1759 1140/1674/1759
f 1140/1674/1760 585/1675/1760 432/1676/1760
f 1140/1674/1761 607/1521/1762 606/1672/1763
f 583/1677/1764 1387/1678/1764 648/1679/1764
f 659/1680/1765 1389/1681/1765 583/1677/1765
f 583/1677/1766 1389/1681/1766 1387/1678/1766
f 1389/1681/1767 657/1682/1767 1387/1678/1767
f 1320/1683/1768 1319/1684/1768 584/1685/1768
f 597/1686/1769 596/1687/1769 1320/1683/1769
f 1320/1683/1770 596/1687/1770 1319/1684/1770
f 584/1685/1771 1319/1684/1771 435/1688/1771
f 585/1675/1772 1356/1689/1772 432/1676/1772
f 1356/1690/1773 626/1691/1773 1358/1692/1773
f 1356/1690/1774 1358/1692/1775 1353/1693/1776
f 1353/1693/1776 1358/1692/1775 624/1694/1777
f 432/1676/1778 1356/1689/1778 1353/1695/1778
f 642/1696/1779 410/1697/1779 669/1698/1779
f 646/1699/1780 642/1696/1780 666/1700/1780
f 666/1700/1781 642/1696/1781 669/1698/1781
f 633/1701/1782 640/1702/1782 1364/1703/1782
f 1144/1704/1783 436/1705/1783 440/1706/1783
f 1144/1704/1784 440/1706/1784 1147/1707/1784
f 604/1708/1785 1144/1704/1786 605/1709/1787
f 605/1709/1787 1144/1704/1786 1147/1707/1788
f 438/1710/1789 1392/1711/1789 442/1712/1789
f 442/1712/1790 1392/1711/1790 1390/1713/1790
f 1392/1711/1791 663/1714/1791 1390/1713/1791
f 663/1714/1792 661/1715/1792 1390/1713/1792
f 439/1716/1793 1321/1717/1793 1148/1718/1793
f 599/1719/1794 598/1720/1794 1321/1717/1794
f 1321/1717/1795 598/1720/1795 1148/1718/1795
f 1148/1718/1796 598/1720/1796 443/1721/1796
f 436/1705/1797 1362/1722/1797 440/1706/1797
f 440/1723/1798 1362/1724/1798 1359/1725/1798
f 1362/1724/1799 631/1726/1799 1359/1725/1799
f 1359/1725/1800 631/1726/1800 1363/1727/1800
f 1359/1725/1801 1363/1727/1801 628/1728/1801
f 1071/1729/1802 1152/1580/1802 445/1581/1802
f 1070/1730/1803 1152/1583/1803 389/1731/1803
f 389/1731/1804 1152/1583/1804 1071/1732/1804
f 12/1733/1805 94/1582/1805 1070/1730/1805
f 1070/1730/1806 94/1582/1806 1152/1583/1806
f 1512/1734/1807 796/425/1808 1068/1367/1809
f 1068/1367/1809 796/425/1808 9/47/1810
f 388/1366/1811 1153/1408/1811 1068/1367/1811
f 1068/1367/1812 1153/1408/1812 1512/1734/1812
f 446/1407/1813 1155/1593/1813 1153/1408/1813
f 1153/1408/1814 1155/1593/1814 1512/1734/1814
f 796/425/1815 1512/1734/1815 98/426/1815
f 98/426/1816 1512/1734/1816 1155/1593/1816
f 1339/1735/1817 1337/1333/1817 1080/1736/1817
f 1080/1736/1818 1337/1333/1818 447/1334/1818
f 1339/1735/1819 1080/1736/1819 394/1737/1819
f 1339/1735/1820 612/1335/1820 1337/1333/1820
f 1095/1502/1821 1513/1738/1821 404/1503/1821
f 404/1503/1822 1513/1738/1822 1096/1739/1822
f 394/1737/1823 1080/1736/1823 1095/1740/1823
f 1095/1502/1824 1080/1741/1824 1513/1738/1824
f 1080/1736/1825 447/1334/1825 1513/1742/1825
f 1513/1742/1826 447/1334/1826 1159/1450/1826
f 1513/1742/1827 1159/1450/1827 1096/1743/1827
f 1096/1743/1828 1159/1450/1828 448/1449/1828
f 616/1489/1829 1514/1744/1829 1097/1488/1829
f 616/1489/1830 615/1386/1830 1514/1744/1830
f 615/1386/1831 449/1387/1831 1514/1744/1831
f 1514/1744/1832 449/1387/1832 1092/1745/1832
f 1514/1744/1833 1092/1745/1833 1097/1488/1833
f 1097/1488/1834 1092/1745/1834 401/1479/1834
f 1515/1746/1835 1163/1747/1835 1121/1748/1835
f 1121/1748/1836 1163/1747/1836 450/1588/1836
f 1118/1352/1837 1515/1746/1837 418/1354/1837
f 418/1354/1838 1515/1746/1838 1121/1748/1838
f 1515/1746/1839 1118/1352/1839 1091/1480/1839
f 1091/1480/1840 1118/1352/1840 386/1362/1840
f 401/1479/1841 1092/1745/1841 1091/1480/1841
f 1091/1480/1842 1092/1745/1842 1515/1746/1842
f 449/1387/1843 1163/1747/1843 1092/1745/1843
f 1092/1745/1844 1163/1747/1844 1515/1746/1844
f 1516/1749/1845 1154/1750/1845 1151/1579/1845
f 1151/1579/1846 1154/1750/1846 445/1581/1846
f 1121/1748/1847 1516/1749/1847 418/1354/1847
f 418/1354/1848 1516/1749/1848 1151/1579/1848
f 450/1588/1849 1165/1586/1849 1121/1748/1849
f 1121/1748/1850 1165/1586/1850 1516/1749/1850
f 1165/1586/1851 451/1414/1851 1516/1749/1851
f 1516/1749/1852 451/1414/1852 1154/1750/1852
f 445/1581/1853 1154/1750/1853 1349/1751/1853
f 1349/1751/1854 1154/1750/1854 1517/1752/1854
f 1517/1752/1855 1154/1750/1856 1167/1411/1857
f 1167/1411/1857 1154/1750/1856 451/1414/1858
f 452/1410/1859 1166/1753/1859 1167/1411/1859
f 1167/1411/1860 1166/1753/1860 1517/1752/1860
f 1348/1534/1861 1517/1752/1861 399/1525/1861
f 399/1525/1862 1517/1752/1862 1166/1753/1862
f 1517/1752/1863 1348/1534/1863 1349/1751/1863
f 1349/1751/1864 1348/1534/1864 620/1533/1864
f 1331/1754/1865 608/1526/1865 1518/1755/1865
f 1518/1755/1866 608/1526/1866 1090/1522/1866
f 399/1525/1867 1166/1753/1867 1090/1522/1867
f 1090/1522/1868 1166/1753/1868 1518/1755/1868
f 1169/1433/1869 1518/1755/1869 452/1410/1869
f 452/1410/1870 1518/1755/1870 1166/1753/1870
f 609/1436/1871 1331/1754/1871 1169/1433/1871
f 1169/1433/1872 1331/1754/1872 1518/1755/1872
f 651/1517/1873 454/1432/1873 1089/1518/1873
f 1170/1756/1874 392/1519/1874 454/1432/1874
f 454/1432/1875 392/1519/1875 1089/1518/1875
f 24/1757/1876 1076/1758/1876 109/1349/1876
f 109/1349/1877 1076/1758/1877 1170/1756/1877
f 392/1519/1878 1170/1756/1878 1076/1758/1878
f 564/1348/1879 1170/1756/1880 454/1432/1881
f 564/1348/1879 109/1349/1882 1170/1756/1880
f 419/1336/1883 1162/1590/1883 1150/1337/1883
f 1150/1337/1884 1162/1590/1884 1519/1759/1884
f 450/1588/1885 1163/1747/1885 1162/1589/1885
f 1162/1589/1886 1163/1747/1887 1519/1760/1888
f 449/1387/1889 1160/1385/1889 1163/1747/1889
f 1163/1747/1887 1160/1385/1890 1519/1760/1888
f 402/1382/1891 1172/1761/1891 1160/1385/1891
f 1160/1385/1892 1172/1761/1892 1519/1760/1892
f 444/1340/1893 1150/1337/1893 1172/1441/1893
f 1172/1441/1894 1150/1337/1894 1519/1759/1894
f 434/1762/1895 1384/1763/1895 1173/1764/1895
f 654/1765/1896 1385/1766/1896 1384/1763/1896
f 1382/1767/1897 1384/1763/1897 652/1768/1897
f 652/1768/1898 1384/1763/1898 1385/1766/1898
f 1382/1767/1899 456/1769/1899 1384/1763/1899
f 1384/1763/1900 456/1769/1900 1173/1764/1900
f 1319/1684/1901 1318/1506/1901 435/1688/1901
f 435/1688/1902 1318/1506/1902 457/1505/1902
f 596/1687/1903 595/1770/1904 1319/1684/1905
f 1319/1684/1906 595/1770/1906 1318/1506/1906
f 432/1676/1907 1353/1695/1907 458/1524/1907
f 458/1524/1908 1353/1695/1908 1350/1527/1908
f 1353/1693/1909 624/1694/1909 1350/1531/1909
f 1350/1531/1910 624/1694/1910 1355/1771/1910
f 1355/1771/1911 622/1529/1911 1350/1531/1911
f 607/1521/1762 1140/1674/1761 1176/1523/1912
f 1140/1674/1913 432/1676/1913 1176/1523/1913
f 1176/1523/1914 432/1676/1914 458/1524/1914
f 1110/1772/1915 409/1773/1915 1323/1774/1915
f 1323/1774/1916 409/1773/1916 581/1775/1916
f 1323/1774/1917 600/1776/1917 1110/1772/1917
f 1110/1772/1918 600/1776/1918 641/1777/1918
f 669/1698/1919 410/1697/1919 671/1778/1919
f 671/1778/1920 410/1697/1920 580/1779/1920
f 1373/1780/1921 1293/1781/1922 639/1782/1923
f 639/1782/1923 1293/1781/1922 578/1783/1924
f 1293/1784/1925 1373/1785/1926 603/1786/1927
f 603/1786/1927 1373/1785/1926 638/1787/1928
f 635/1788/1929 1368/1789/1929 1367/1790/1929
f 1368/1791/1930 633/1792/1930 1367/1793/1930
f 1367/1793/1931 633/1792/1931 1364/1794/1931
f 639/1782/1932 578/1783/1932 1364/1794/1932
f 1364/1794/1933 578/1783/1933 1367/1793/1933
f 1520/1795/1934 479/1796/1934 126/1797/1934
f 126/1797/1935 479/1796/1935 478/1798/1935
f 126/496/1936 825/498/1936 1520/1799/1936
f 825/498/1937 119/224/1937 1520/1799/1937
f 1520/1799/1938 119/224/1938 747/1536/1938
f 479/1535/1939 1520/1799/1939 747/1536/1939
f 1521/1800/1940 463/1801/1940 1182/1802/1940
f 1223/1803/1941 1521/1800/1941 496/1804/1941
f 496/1804/1942 1521/1800/1942 1182/1802/1942
f 1521/1800/1943 1223/1803/1943 1185/1805/1943
f 1185/1805/1944 1223/1803/1944 483/1806/1944
f 1185/1805/1945 467/1807/1945 1521/1800/1945
f 1521/1808/1946 467/1809/1946 463/1810/1946
f 514/1811/1947 561/1812/1947 1181/1813/1947
f 468/1814/1948 1181/1813/1948 561/1812/1948
f 464/1563/1949 548/1562/1949 1181/1813/1949
f 1181/1813/1950 548/1562/1950 514/1811/1950
f 1183/1569/1951 508/1815/1951 465/1570/1951
f 533/1816/1952 532/1817/1952 509/1818/1952
f 531/1819/1953 534/1820/1953 532/1821/1953
f 532/1822/1954 534/1823/1954 509/1568/1954
f 1197/1824/1955 477/1825/1955 126/1826/1955
f 126/1826/1956 477/1825/1956 1114/1827/1956
f 830/1828/1957 126/1826/1958 51/1829/1958
f 51/1829/1958 126/1826/1958 1114/1827/1959
f 1197/1830/1960 126/496/1960 478/1831/1960
f 489/1832/1961 541/1833/1961 1522/1834/1961
f 1522/1835/1962 541/1836/1962 491/1837/1962
f 490/1838/1963 1216/1839/1963 491/1840/1963
f 491/1840/1964 1216/1839/1964 1523/1841/1964
f 1216/1842/1965 488/1843/1965 1523/1844/1965
f 517/1845/1966 521/1846/1966 1246/1847/1966
f 1246/1847/1967 521/1846/1967 520/1848/1967
f 1246/1849/1968 518/1850/1968 517/1851/1968
f 414/1852/1969 552/1853/1969 551/1854/1969
f 414/1852/1970 508/1815/1970 552/1853/1970
f 901/761/1971 1268/1855/1971 529/1856/1971
f 529/1856/1972 1268/1855/1972 558/1857/1972
f 1268/1855/1973 901/761/1973 131/551/1973
f 591/1401/1974 1312/1858/1974 1190/1402/1974
f 1190/1402/1975 1312/1858/1975 1524/1859/1975
f 1312/1860/1976 590/1861/1977 1524/1862/1978
f 1524/1862/1978 590/1861/1977 1083/1863/1979
f 1083/1863/1980 396/1332/1980 1524/1862/1980
f 1524/1862/1981 396/1332/1981 1188/1330/1981
f 1190/1402/1982 1524/1859/1983 471/1404/1984
f 471/1404/1984 1524/1859/1983 1188/1864/1985
f 1115/1560/1986 1264/1865/1986 549/1561/1986
f 1115/1560/1987 398/1866/1987 1264/1865/1987
f 1264/1865/1988 398/1866/1988 1189/1867/1988
f 472/1868/1989 550/1869/1989 1189/1867/1989
f 1189/1867/1990 550/1869/1990 1264/1865/1990
f 466/1870/1991 1117/1871/1991 1184/1872/1991
f 415/1873/1992 473/1874/1992 1117/1871/1992
f 1117/1871/1993 473/1874/1993 1192/1875/1993
f 1184/1872/1994 1117/1871/1994 474/1876/1994
f 474/1876/1995 1117/1871/1995 1192/1875/1995
f 469/1877/1996 556/1878/1996 1187/1879/1996
f 469/1877/1997 558/1880/1997 556/1878/1997
f 1240/1881/1998 414/1882/1998 551/1883/1998
f 1240/1881/1999 507/1571/1999 1193/1884/1999
f 1193/1884/2000 507/1571/2000 475/1573/2000
f 1193/1884/2001 414/1882/2001 1240/1881/2001
f 512/1564/2002 536/1566/2002 535/1885/2002
f 482/1886/2003 518/1887/2003 1335/1888/2003
f 1335/1888/2004 518/1887/2004 1194/1889/2004
f 1335/1888/2005 1194/1889/2005 1195/1388/2005
f 1195/1388/2006 1194/1889/2006 476/1389/2006
f 1195/1388/2007 611/1395/2008 1335/1888/2009
f 412/1890/2010 477/1825/2010 1196/1891/2010
f 1196/1891/2011 477/1825/2011 1197/1824/2011
f 478/1831/2012 1196/1892/2012 1197/1830/2012
f 467/1807/2013 412/1890/2013 1196/1891/2013
f 467/1807/2014 1196/1891/2014 463/1801/2014
f 463/1801/2015 1196/1891/2015 1198/1893/2015
f 1196/1891/2016 478/1798/2016 1198/1893/2016
f 1198/1893/2017 478/1798/2017 479/1796/2017
f 1199/1894/2018 1113/1553/2018 1198/1893/2018
f 1198/1893/2019 1113/1553/2019 463/1801/2019
f 479/1796/2020 1200/1538/2021 1198/1893/2022
f 1198/1893/2022 1200/1538/2021 1199/1894/2023
f 480/1396/2024 1199/1894/2024 1200/1538/2024
f 1113/1553/2025 1199/1894/2025 397/1440/2025
f 1199/1894/2026 1082/1439/2026 397/1440/2026
f 1199/1894/2027 480/1396/2027 1082/1439/2027
f 1082/1439/2028 480/1396/2028 481/1344/2028
f 1201/1342/2029 1082/1439/2029 481/1344/2029
f 1201/1342/2030 387/1341/2030 1082/1439/2030
f 1206/1895/2031 485/1896/2031 1525/1897/2031
f 485/1898/2032 484/1899/2032 1525/1900/2032
f 1525/1900/2033 484/1899/2033 1203/1901/2033
f 1185/1902/2034 1204/1903/2034 467/1904/2034
f 1185/1805/2035 483/1806/2035 1205/1905/2035
f 484/1906/2036 1209/1907/2036 1203/1908/2036
f 1203/1908/2037 1209/1907/2037 1527/1909/2037
f 486/1910/2038 1207/1911/2038 1209/1907/2038
f 1209/1907/2039 1207/1911/2039 1527/1909/2039
f 1208/1912/2040 412/1890/2040 1526/1913/2040
f 1526/1914/2041 412/1915/2041 1204/1916/2041
f 1204/1917/2042 412/1890/2042 467/1807/2042
f 1207/1918/2043 486/1919/2043 1528/1920/2043
f 1528/1920/2044 486/1919/2044 1212/1921/2044
f 1212/1921/2045 487/1922/2045 1528/1920/2045
f 1528/1920/2046 487/1922/2046 1210/1923/2046
f 482/1924/2047 1116/1925/2047 1211/1926/2047
f 1208/1912/2048 1116/1927/2048 412/1890/2048
f 1220/1928/2049 1529/1929/2049 495/1930/2049
f 495/1930/2050 1529/1929/2050 1215/1931/2050
f 494/1932/2051 484/1933/2051 485/1934/2051
f 494/1932/2052 485/1934/2052 1214/1935/2052
f 1209/1936/2053 484/1937/2053 1218/1938/2053
f 1218/1938/2054 484/1937/2054 494/1939/2054
f 1209/1936/2055 1218/1938/2055 486/1940/2055
f 486/1940/2056 1218/1938/2056 493/1941/2056
f 486/1919/2057 493/1942/2057 1212/1921/2057
f 1212/1921/2058 493/1942/2059 1217/1943/2060
f 1212/1944/2061 1217/1945/2061 487/1946/2061
f 487/1946/2062 1217/1945/2062 492/1947/2062
f 492/1947/2063 1213/1948/2063 487/1946/2063
f 540/1949/2064 1254/1950/2064 492/1951/2064
f 492/1947/2065 1254/1952/2065 1213/1948/2065
f 1254/1952/2066 539/1953/2066 1213/1948/2066
f 491/1840/2067 1217/1943/2067 490/1838/2067
f 1217/1945/2068 491/1954/2069 1255/1955/2070
f 1255/1955/2070 492/1947/2071 1217/1945/2068
f 490/1838/2072 1217/1943/2060 493/1942/2059
f 1216/1842/2073 1218/1938/2073 488/1843/2073
f 1216/1956/2074 490/1957/2074 1218/1958/2074
f 490/1957/2075 493/1959/2075 1218/1958/2075
f 488/1843/2076 1218/1938/2076 494/1939/2076
f 489/1960/2077 1220/1961/2077 1219/1962/2077
f 488/1843/2078 494/1939/2078 1530/1963/2078
f 1530/1963/2079 494/1939/2079 1221/1964/2079
f 1220/1961/2080 495/1965/2080 1219/1962/2080
f 541/1966/2081 1255/1955/2081 491/1954/2081
f 492/1947/2082 1255/1955/2082 540/1967/2082
f 468/1814/2083 1202/1968/2083 1181/1813/2083
f 1181/1813/2084 1202/1968/2084 1223/1969/2084
f 483/1806/2085 1223/1803/2085 1202/1970/2085
f 1222/1971/2086 1223/1803/2086 496/1804/2086
f 1181/1813/2087 1223/1969/2087 464/1563/2087
f 464/1972/2088 1223/1973/2088 1222/1974/2088
f 1224/1975/2089 1531/1976/2089 497/1554/2089
f 497/1554/2090 1531/1976/2090 1225/1548/2090
f 1531/1977/2091 1224/1978/2091 1115/1979/2091
f 1115/1979/2092 1224/1978/2092 398/1980/2092
f 1222/1974/2093 1531/1977/2093 464/1972/2093
f 464/1972/2094 1531/1977/2094 1115/1979/2094
f 496/1546/2095 1225/1548/2095 1222/1981/2095
f 1222/1981/2096 1225/1548/2096 1531/1976/2096
f 421/1599/2097 1346/1595/2097 1345/1485/2097
f 1346/1595/2098 618/1598/2099 1345/1485/2100
f 1345/1485/2100 618/1598/2099 617/1487/2101
f 421/1599/2102 1345/1485/2102 500/1484/2102
f 501/1474/2103 422/1603/2103 1533/1982/2103
f 1533/1982/2104 422/1603/2104 1125/1608/2104
f 1124/1605/2105 421/1604/2105 1532/1983/2105
f 1532/1983/2106 421/1604/2106 1229/1478/2106
f 1229/1478/2107 421/1604/2107 500/1477/2107
f 501/1474/2108 1533/1982/2108 1228/1473/2108
f 1401/1611/2109 1400/1459/2109 423/1609/2109
f 423/1609/2110 1400/1459/2110 502/1461/2110
f 682/1984/2111 681/1466/2111 1401/1985/2111
f 1401/1985/2112 681/1466/2112 1400/1465/2112
f 420/1986/2113 1127/1987/2113 499/1492/1611
f 423/1988/2114 502/1989/2114 1128/1990/2114
f 1128/1990/2115 502/1989/2115 1231/1991/2115
f 1127/1987/2113 1232/1490/1609 499/1492/1611
f 425/1992/2116 1403/1622/2116 1347/1594/2116
f 686/1625/2117 619/1597/2118 1403/1622/2119
f 1403/1622/2119 619/1597/2118 1347/1594/2120
f 425/1992/2121 1347/1594/2121 504/1596/2121
f 1130/1631/2122 1534/1993/2122 426/1635/2122
f 426/1635/2123 1534/1993/2123 505/1602/2123
f 1129/1634/2124 425/1628/2124 1535/1994/2124
f 1235/1607/2125 1535/1994/2125 504/1606/2125
f 504/1606/2126 1535/1994/2126 425/1628/2126
f 1534/1993/2127 1234/1600/2127 505/1602/2127
f 427/1995/2128 684/1996/2128 506/1610/2128
f 506/1610/2129 684/1996/2129 1402/1612/2129
f 684/1643/2130 683/1997/2130 1402/1998/2130
f 424/1646/2131 1132/1651/2131 503/1999/2131
f 503/1999/2132 1132/1651/2132 1237/2000/2132
f 427/1637/2133 506/2001/2133 1133/1650/2133
f 1133/1650/2134 506/2001/2134 1536/2002/2134
f 1238/2003/2135 1536/2002/2135 506/2001/2135
f 533/2004/2136 509/1568/2136 413/1567/2136
f 415/1873/2137 533/2004/2137 413/1567/2137
f 533/2004/2138 415/1873/2138 1117/1871/2138
f 533/2005/2139 1117/2006/2139 466/2007/2139
f 1191/2008/2140 415/1873/2140 413/1567/2140
f 562/2009/2141 415/1873/2141 510/2010/2141
f 510/2010/2142 415/1873/2142 1191/2008/2142
f 55/2011/2143 239/2012/2143 1241/2013/2143
f 239/2012/2144 562/2014/2144 1241/2013/2144
f 1241/2013/2145 562/2014/2145 510/2015/2145
f 475/2016/2146 174/250/2146 511/1565/2146
f 511/2017/2147 512/2018/2147 475/1573/2147
f 475/1573/2148 512/2018/2148 1193/1884/2148
f 1242/2019/2149 414/1852/2149 1193/2020/2149
f 512/2018/2150 1242/2021/2150 1193/1884/2150
f 508/1815/2151 414/1852/2151 1242/2019/2151
f 465/1570/2152 508/1815/2152 1242/2019/2152
f 513/2022/2153 465/1570/2153 1242/2019/2153
f 465/1570/2154 513/2022/2154 514/1811/2154
f 413/1567/2155 465/1570/2155 515/2023/2155
f 465/1570/2156 514/1811/2156 515/2023/2156
f 1191/2008/2157 413/1567/2157 1243/2024/2157
f 1243/2024/2158 413/1567/2158 515/2023/2158
f 510/2010/2159 1191/2008/2159 516/2025/2159
f 516/2025/2160 1191/2008/2160 1243/2024/2160
f 55/2011/2161 1241/2013/2161 1244/2026/2161
f 1241/2013/2162 510/2015/2162 1244/2026/2162
f 1244/2026/2163 510/2015/2163 516/2027/2163
f 55/2011/2164 1244/2026/2164 223/2028/2164
f 1249/2029/2165 526/2030/2165 561/2031/2165
f 561/1812/2166 526/2032/2166 521/1846/2166
f 517/1845/2167 468/1814/2167 521/1846/2167
f 521/1846/2168 468/1814/2168 561/1812/2168
f 522/2033/2169 1249/2034/2169 561/1812/2169
f 1539/2035/2170 482/1924/2170 1211/1926/2170
f 487/2036/2171 1213/2037/2171 1210/2038/2171
f 1210/2038/2172 1213/2037/2172 1537/2039/2172
f 1537/2039/2173 1213/2037/2173 539/2040/2173
f 1537/2039/2174 539/2040/2174 1257/2041/2174
f 1257/2041/2175 539/2040/2175 543/2042/2175
f 1538/2043/2176 1258/2044/2176 1206/2045/2176
f 1206/2045/2177 1258/2044/2177 485/2046/2177
f 483/1806/2178 1202/1970/2178 1205/1905/2178
f 1205/2047/2179 1202/1968/2179 1539/2048/2179
f 1202/1968/2180 468/1814/2180 1539/2048/2180
f 468/1814/2181 517/1845/2181 1539/2048/2181
f 517/1851/2182 518/1850/2182 1539/2049/2182
f 1539/2035/2183 518/2050/2183 482/1924/2183
f 561/1812/2184 513/2022/2184 1242/2051/2184
f 1242/2051/2185 522/2033/2185 561/1812/2185
f 524/2052/2186 523/2053/2186 1247/2054/2186
f 1247/2054/2187 523/2053/2187 519/2055/2187
f 524/2052/2188 1247/2054/2188 520/2056/2188
f 523/2053/2189 525/2057/2190 519/2055/2191
f 519/2055/2191 525/2057/2190 1248/2058/2192
f 525/2059/2193 1249/2060/2193 1248/2061/2193
f 522/2062/2194 1248/2061/2194 1249/2060/2194
f 524/2063/2195 521/2064/2195 526/2065/2195
f 520/2066/2196 521/2064/2196 524/2063/2196
f 1250/2067/2197 558/1880/2198 527/2068/2199
f 527/2068/2199 558/1880/2198 469/1877/2200
f 558/1880/2201 1250/2067/2201 529/2069/2201
f 529/1856/2202 1252/2070/2202 901/761/2202
f 1252/2071/2203 196/762/2203 901/763/2203
f 554/2072/2204 531/1819/2204 200/2073/2204
f 1184/2074/2205 241/2075/2205 466/2076/2205
f 474/2077/2206 125/2078/2206 1184/2074/2206
f 1184/2074/2207 125/2078/2207 241/2075/2207
f 553/2079/2208 552/1853/2208 1183/1569/2208
f 1183/1569/2209 552/1853/2209 508/1815/2209
f 553/2079/2210 1183/1569/2210 509/1568/2210
f 509/1568/2211 534/1823/2211 553/2079/2211
f 531/1819/2212 554/2072/2212 534/1820/2212
f 554/2080/2213 553/2079/2213 534/1823/2213
f 200/2073/2214 531/1819/2214 201/2081/2214
f 201/2081/2215 531/1819/2215 532/1821/2215
f 1246/1849/2216 520/2082/2216 1245/2083/2216
f 1245/2083/2217 520/2082/2217 589/2084/2217
f 1246/1849/2218 1245/2083/2218 518/1850/2218
f 535/2085/2219 1245/2083/2219 589/2084/2219
f 535/2085/2220 1194/1889/2220 1245/2083/2220
f 535/1885/2221 536/1566/2221 1194/2086/2221
f 476/1389/2222 1194/1889/2222 536/2087/2222
f 1245/2083/2223 1194/1889/2223 518/1887/2223
f 208/252/2224 752/253/2224 536/1566/2224
f 476/2088/2225 536/1566/2225 53/779/2225
f 53/779/2226 536/1566/2226 752/253/2226
f 525/2089/2227 538/2090/2227 537/2091/2227
f 538/2090/2228 525/2089/2228 523/2092/2228
f 525/2089/2229 537/2091/2229 1249/2093/2229
f 526/2094/2230 1249/2095/2230 537/2096/2230
f 537/2096/2231 538/2097/2231 526/2094/2231
f 524/2063/2232 526/2065/2232 538/2090/2232
f 523/2092/2233 524/2063/2233 538/2090/2233
f 1259/2098/2234 542/2099/2234 1215/2100/2234
f 1215/2100/2235 542/2099/2235 495/2101/2235
f 1214/2102/2236 485/2103/2236 1258/2104/2236
f 1215/2105/2237 1257/2106/2237 1259/2107/2237
f 1259/2108/2238 1257/2109/2238 543/2110/2238
f 495/2101/2239 542/2099/2239 1219/2111/2239
f 1219/2111/2240 542/2099/2240 1256/2112/2240
f 1219/2111/2241 1256/2112/2241 489/2113/2241
f 489/2114/2242 1256/2115/2242 541/2116/2242
f 1259/2117/2243 1540/2118/2243 542/2119/2243
f 542/2099/2244 1540/2120/2244 547/2121/2244
f 1259/2117/2245 546/2122/2245 1540/2118/2245
f 544/2123/2246 1260/2124/2246 546/2122/2246
f 546/2122/2247 1260/2124/2247 1540/2118/2247
f 547/2125/2248 1540/2118/2248 545/2126/2248
f 545/2126/2249 1540/2118/2249 1260/2124/2249
f 1260/2127/2250 544/2128/2250 1254/2129/2250
f 1254/2129/2251 544/2128/2251 539/2130/2251
f 545/2126/2252 1260/2124/2252 540/2131/2252
f 540/2132/2253 1260/2127/2253 1254/2129/2253
f 546/2133/2254 543/2042/2254 544/2134/2254
f 544/2134/2255 543/2042/2255 539/2040/2255
f 543/2042/2256 546/2133/2256 1259/2135/2256
f 1256/2112/2257 542/2099/2257 547/2121/2257
f 1256/2136/2258 547/2137/2258 1261/2138/2258
f 1256/2112/2259 1261/2139/2259 541/2140/2259
f 547/2125/2260 545/2126/2260 1261/2141/2260
f 540/2131/2261 1255/2142/2261 545/2126/2261
f 545/2126/2262 1255/2142/2262 1261/2141/2262
f 1261/2141/2263 1255/2142/2263 541/2143/2263
f 515/2023/2264 514/1811/2264 1262/2144/2264
f 549/1561/2265 1262/2144/2265 548/1562/2265
f 548/1562/2266 1262/2144/2266 514/1811/2266
f 515/2023/2267 1262/2144/2267 1243/2024/2267
f 1264/1865/2268 1262/2144/2268 549/1561/2268
f 1263/2145/2269 1262/2146/2269 550/1556/2269
f 550/1869/2270 1262/2144/2270 1264/1865/2270
f 516/2025/2271 1243/2024/2271 1263/2147/2271
f 1263/2147/2272 1243/2024/2272 1262/2144/2272
f 223/2028/2273 1244/2026/2273 1265/2148/2273
f 1244/2026/2274 516/2149/2274 1265/2148/2274
f 1265/2150/2275 516/2025/2275 1263/2147/2275
f 1265/1555/2276 1263/2145/2276 550/1556/2276
f 63/836/2277 1239/2151/2277 507/2152/2277
f 63/836/2278 169/260/2278 1239/2151/2278
f 416/2153/2279 1240/2154/2279 551/2155/2279
f 63/836/2280 507/2152/2280 416/2153/2280
f 416/2153/2281 507/2152/2281 1240/2154/2281
f 557/2156/2282 1267/2157/2282 1186/2158/2282
f 1186/2158/2283 1267/2157/2283 551/2159/2283
f 416/2160/2284 551/2161/2284 1267/2162/2284
f 552/1853/2285 470/2163/2285 551/1854/2285
f 551/1854/2286 470/2163/2286 1186/2164/2286
f 528/2165/2287 470/2163/2287 553/2079/2287
f 553/2079/2288 470/2163/2288 552/1853/2288
f 530/2166/2289 528/2165/2289 554/2080/2289
f 554/2080/2290 528/2165/2290 553/2079/2290
f 197/2167/2291 554/2072/2291 200/2073/2291
f 554/2072/2292 197/2167/2292 530/2168/2292
f 530/2168/2293 197/2167/2293 1251/2169/2293
f 555/2170/2294 63/836/2294 417/2171/2294
f 835/860/2295 63/836/2295 555/2170/2295
f 131/861/2296 835/860/2296 555/2170/2296
f 560/2172/2297 559/2173/2297 417/2174/2297
f 560/2175/2298 558/1857/2298 559/2176/2298
f 131/2177/2299 555/2178/2299 559/2173/2299
f 131/2179/2300 559/2176/2300 1268/1855/2300
f 558/1857/2301 1268/1855/2301 559/2176/2301
f 560/2175/2302 556/2180/2302 558/1857/2302
f 560/2172/2303 417/2174/2303 1266/2181/2303
f 556/2182/2304 560/2175/2304 1266/2183/2304
f 555/2178/2305 417/2174/2305 559/2173/2305
f 513/2022/2306 561/1812/2306 514/1811/2306
f 415/1873/2307 562/2009/2307 473/1874/2307
f 239/2012/2308 58/2184/2308 473/2185/2308
f 562/2014/2309 239/2012/2309 473/2185/2309
f 466/1788/2310 532/2186/2310 533/2187/2310
f 241/2075/2311 532/2188/2311 466/2076/2311
f 241/2075/2312 201/2189/2312 532/2188/2312
f 565/1350/2313 1541/2190/2313 1270/2191/2313
f 565/1350/2314 564/1348/2314 1541/2190/2314
f 454/1432/2315 1075/1430/2315 564/1348/2315
f 564/1348/2316 1075/1430/2316 1541/2190/2316
f 1075/1430/2317 391/1431/2317 1541/2190/2317
f 1541/2190/2318 391/1431/2318 1269/2192/2318
f 1541/2190/2319 1269/2192/2319 1270/2191/2319
f 1270/2191/2320 1269/2192/2320 563/2193/2320
f 933/2194/2321 254/2195/2321 1542/2196/2321
f 1542/2196/2322 254/2195/2322 1278/2197/2322
f 569/2198/2323 1277/2199/2323 1278/2200/2323
f 1278/2200/2324 1277/2199/2324 1542/2201/2324
f 568/2202/2325 250/2203/2325 1277/2199/2325
f 1277/2199/2326 250/2203/2326 1542/2201/2326
f 1542/2204/2327 250/897/2327 933/895/2327
f 247/904/2328 1273/2205/2328 921/899/2328
f 921/899/2329 1273/2205/2329 1272/2206/2329
f 566/2207/2330 1272/2206/2330 1273/2205/2330
f 1272/2206/2331 563/2193/2331 1073/2208/2331
f 921/899/2332 1272/2206/2332 17/905/2332
f 17/905/2333 1272/2206/2333 1073/2208/2333
f 1272/2209/2334 566/2210/2334 1543/2211/2334
f 1543/2211/2335 566/2210/2335 1276/2212/2335
f 1543/2211/2336 1276/2212/2336 1274/2213/2336
f 1274/2213/2337 1276/2212/2337 567/2214/2337
f 1275/2215/2338 565/2216/2338 1543/2217/2338
f 1543/2217/2339 565/2216/2339 1270/2218/2339
f 1543/2219/2340 1270/2191/2340 1272/2206/2340
f 1272/2206/2341 1270/2191/2341 563/2193/2341
f 592/2220/2342 1314/2221/2342 567/2222/2342
f 567/2222/2343 1314/2221/2343 1544/2223/2343
f 280/2224/2344 931/2225/2345 1314/2221/2346
f 1314/2221/2346 931/2225/2345 1544/2223/2347
f 928/2226/2348 244/2227/2348 1545/2228/2348
f 1545/2228/2349 244/2227/2349 1271/2229/2349
f 565/2216/2350 1275/2215/2350 1271/2230/2350
f 1271/2229/2351 1275/1007/2351 1545/2228/2351
f 1274/2213/2352 567/2214/2352 1544/2231/2352
f 283/938/2353 1315/2232/2353 247/904/2353
f 247/904/2354 1315/2232/2354 1273/2205/2354
f 593/2233/2355 566/2207/2355 1315/2232/2355
f 1315/2232/2356 566/2207/2356 1273/2205/2356
f 566/2210/2357 593/2234/2357 1276/2212/2357
f 567/2214/2358 1276/2212/2358 592/2235/2358
f 535/1885/2359 1248/2236/2359 512/1564/2359
f 535/1885/2360 589/2237/2360 1253/2238/2360
f 1253/2238/2361 519/2239/2361 535/1885/2361
f 535/1885/2362 519/2239/2362 1248/2236/2362
f 1248/2236/2363 522/2240/2363 1242/2241/2363
f 1242/2241/2364 512/1564/2364 1248/2236/2364
f 1279/2242/2365 1287/2243/2365 574/2244/2365
f 1279/2245/2366 570/2246/2366 1287/2247/2366
f 1287/1904/2367 570/2248/2367 1280/2249/2367
f 1287/2250/2368 1280/1652/2368 575/2251/2368
f 575/2251/2369 1280/1652/2369 571/2252/2369
f 1281/2253/2370 1289/2254/2370 571/2255/2370
f 571/2255/2371 1289/2254/2371 575/2256/2371
f 1282/2257/2372 572/2258/2372 1288/2259/2372
f 1288/2259/2373 572/2258/2373 576/2260/2373
f 1290/2261/2374 1283/2262/2374 577/2263/2374
f 1290/2261/2375 576/2264/2375 1284/2265/2375
f 1284/2265/2376 576/2264/2376 572/2266/2376
f 1283/2262/2377 1290/2261/2377 573/2267/2377
f 573/2267/2378 1290/2261/2378 1284/2265/2378
f 1292/2268/2379 1279/2269/2379 574/2270/2379
f 1283/2271/2380 1291/2272/2380 577/2273/2380
f 1291/2272/2381 1283/2271/2381 1285/2274/2381
f 1285/2274/2382 1283/2271/2382 573/2275/2382
f 1292/2268/2383 1286/2276/2383 1279/2269/2383
f 1279/2269/2384 1286/2276/2384 570/1666/2384
f 407/2277/2385 1287/2250/2385 678/2278/2385
f 678/2278/2386 1287/2250/2386 575/2251/2386
f 1287/2250/2387 407/2277/2387 574/2279/2387
f 574/2279/2388 407/2277/2388 408/2280/2388
f 679/2281/2389 1102/2282/2389 576/2260/2389
f 576/2260/2390 1102/2282/2390 1288/2259/2390
f 678/2283/2391 575/2256/2391 1103/2284/2391
f 1103/2284/2392 575/2256/2392 1289/2254/2392
f 1290/2261/2393 577/2263/2393 405/2285/2393
f 405/2285/2394 577/2263/2394 406/2286/2394
f 405/2285/2395 679/2287/2395 1290/2261/2395
f 1290/2261/2396 679/2287/2396 576/2264/2396
f 408/2288/2397 1105/2289/2397 574/2270/2397
f 574/2270/2398 1105/2289/2398 1546/2290/2398
f 406/2291/2399 577/2273/2399 1106/2292/2399
f 1106/2292/2400 577/2273/2400 1291/2272/2400
f 1292/2268/2401 574/2270/2401 1546/2290/2401
f 603/1786/2402 674/2293/2403 1293/1784/2404
f 1293/1784/2404 674/2293/2403 602/2294/2405
f 462/2295/2406 578/2296/2406 602/2294/2406
f 602/2294/2407 578/2296/2407 1293/1784/2407
f 1396/2297/2408 580/1779/2408 460/2298/2408
f 671/1778/2409 580/1779/2409 672/2299/2409
f 672/2299/2410 580/1779/2410 1396/2297/2410
f 459/2300/2411 601/2301/2411 581/1775/2411
f 581/1775/2412 601/2301/2412 1323/1774/2412
f 600/1776/2413 1323/1774/2414 675/2302/2415
f 675/2302/2415 1323/1774/2414 601/2301/2416
f 1370/2303/2417 1367/2304/2417 462/2305/2417
f 462/2305/2418 1367/2304/2418 578/2306/2418
f 1370/2307/2419 677/2308/2419 1367/2309/2419
f 1367/2309/2420 677/2308/2420 1371/2310/2420
f 1367/2309/2421 1371/2310/2421 635/2311/2421
f 1390/1713/2422 1296/2312/2422 442/1712/2422
f 1390/1713/2423 661/1715/2423 1296/2312/2423
f 661/1715/2424 659/1680/2424 1296/2312/2424
f 1296/2312/2425 659/1680/2425 583/1677/2425
f 598/1720/2426 597/2313/2427 443/1721/2428
f 443/1721/2428 597/2313/2427 1298/2314/2429
f 1298/2314/2430 597/2313/2430 1320/2315/2430
f 1298/2316/2431 1320/1683/2431 584/1685/2431
f 440/1723/2432 1359/1725/2432 1300/2317/2432
f 1300/2317/2433 1359/1725/2433 1547/2318/2433
f 1359/1725/2434 628/1728/2434 1547/2318/2434
f 1547/2318/2435 628/1728/2435 1361/2319/2435
f 1547/2318/2436 1361/2319/2436 1356/2320/2436
f 1356/2320/2437 1361/2319/2437 626/2321/2437
f 1300/2322/2438 1547/2323/2438 585/1675/2438
f 585/1675/2439 1547/2323/2439 1356/1689/2439
f 1147/1707/2440 440/1706/2440 1300/2322/2440
f 1147/1707/2441 1300/2322/2442 1302/1673/2443
f 1302/1673/2443 1300/2322/2442 585/1675/2444
f 605/1709/2445 1147/1707/2445 606/1672/2445
f 606/1672/1756 1147/1707/2446 1302/1673/1757
f 571/2252/2447 1280/1652/2447 1303/2324/2447
f 586/1654/2448 1303/2324/2448 1280/1652/2448
f 1282/2325/2449 1380/2326/2449 572/2327/2449
f 1379/2328/2450 1281/2329/2450 571/2330/2450
f 1377/2331/2451 1281/2332/2451 649/2333/2451
f 649/2333/2452 1281/2332/2452 1379/2334/2452
f 1378/2335/2453 650/532/2453 1282/2336/2453
f 1282/2337/2454 650/2338/2454 1380/2339/2454
f 573/2267/2455 1284/2265/2455 588/1662/2455
f 1304/2340/2456 1284/2265/2456 572/2266/2456
f 587/1664/2457 1307/1639/2457 1304/2340/2457
f 1304/2340/2458 1307/1639/2458 1284/2265/2458
f 1307/1639/2459 588/1662/2459 1284/2265/2459
f 588/1670/2460 1308/1671/2461 573/2275/2462
f 573/2275/2462 1308/1671/2461 1285/2274/2463
f 1309/1668/2464 570/1666/2464 1286/2276/2464
f 398/1980/2465 1224/1978/2465 1310/2341/2465
f 1310/2342/2466 1224/1975/2466 1548/2343/2466
f 1226/2344/2467 1548/2343/2467 497/1554/2467
f 497/1554/2468 1548/2343/2468 1224/1975/2468
f 1548/2343/2469 1226/2344/2469 1311/2345/2469
f 1311/2345/2470 1226/2344/2470 498/2346/2470
f 1310/2342/2471 1548/2343/2471 590/1861/2471
f 590/1861/2472 1548/2343/2472 1311/2345/2472
f 472/1868/2473 1189/1867/2473 591/2347/2473
f 1189/1867/2474 398/1866/2474 1310/2342/2474
f 1189/1867/2475 1310/2342/2476 1312/1860/2477
f 1312/1860/2477 1310/2342/2476 590/1861/2478
f 591/1401/2479 1189/2348/2479 1312/1858/2479
f 1084/1557/2480 472/1558/2480 591/1401/2480
f 1084/1557/2481 591/1401/2481 1313/1398/2481
f 278/1397/2482 1084/1557/2482 1313/1398/2482
f 1311/2345/2483 1083/1863/2483 590/1861/2483
f 1311/2345/2484 498/2346/2484 1083/1863/2484
f 498/2346/2485 403/1445/2485 1083/1863/2485
f 1083/1863/2486 403/1445/2486 1093/1447/2486
f 396/1332/2487 1083/1863/2487 1093/1447/2487
f 254/2349/2488 280/2224/2488 1278/2350/2488
f 1278/2350/2489 280/2224/2489 1314/2221/2489
f 569/2351/2490 1278/2350/2490 592/2220/2490
f 592/2220/2491 1278/2350/2491 1314/2221/2491
f 568/2202/2492 1277/2199/2492 593/2234/2492
f 1276/2212/2493 1277/2199/2493 592/2235/2493
f 592/2235/2494 1277/2199/2494 569/2198/2494
f 1276/2212/2495 593/2234/2495 1277/2199/2495
f 250/897/2496 568/2352/2496 970/1067/2496
f 970/1067/2497 568/2352/2497 593/2233/2497
f 970/1067/2498 593/2233/2498 1315/2232/2498
f 283/938/2499 970/1067/2499 1315/2232/2499
f 1549/2353/2500 1316/2354/2500 1077/2355/2500
f 1077/2355/2501 1316/2354/2501 393/2356/2501
f 972/2357/2502 1549/2353/2502 21/2358/2502
f 21/2358/2503 1549/2353/2503 1077/2355/2503
f 285/1372/2504 1317/1370/2504 972/2357/2504
f 972/2357/2505 1317/1370/2505 1549/2353/2505
f 1317/1370/2506 594/1371/2506 1549/2353/2506
f 1549/2353/2507 594/1371/2507 1316/2354/2507
f 1108/2359/2508 1316/2360/2508 456/2361/2508
f 456/2361/2509 1316/2360/2509 1174/2362/2509
f 1316/2360/2510 1108/2359/2510 393/2363/2510
f 594/1509/2511 595/1510/2511 1316/2360/2511
f 1316/2360/2512 595/1510/2512 1174/2362/2512
f 434/2364/2513 1173/2365/2513 1142/2366/2513
f 1142/2366/2514 1173/2365/2515 1174/2367/2516
f 456/2368/2517 1174/2367/2516 1173/2365/2515
f 1142/2366/2518 1174/2367/2518 596/1687/2518
f 596/1687/1903 1174/2367/2519 595/1770/1904
f 648/1679/2520 434/1762/2520 1550/2369/2520
f 1550/2370/2521 434/2371/2521 1142/1034/2521
f 1142/2366/2522 596/1687/2522 1550/2372/2522
f 1299/2373/2523 1550/2374/2523 597/2313/2523
f 597/2313/2524 1550/2374/2524 596/2375/2524
f 583/2376/2525 648/2377/2525 1299/2373/2525
f 1299/2373/2526 648/2377/2526 1550/2374/2526
f 442/2378/2527 1296/2379/2527 598/1720/2527
f 598/1720/2528 1296/2379/2528 1299/2373/2528
f 1296/2379/2529 583/2376/2529 1299/2373/2529
f 598/1720/2530 1299/2373/2530 597/2313/2530
f 598/1720/2531 599/1719/2531 442/2378/2531
f 442/2378/2532 599/1719/2532 438/2380/2532
f 642/1696/2533 1322/2381/2533 410/1697/2533
f 1294/2382/2534 580/1779/2534 1322/2381/2534
f 1322/2381/2535 580/1779/2535 410/1697/2535
f 600/1776/2536 1322/2383/2536 641/1777/2536
f 1322/2383/2537 600/1776/2537 1294/2384/2537
f 1397/2385/2538 460/2298/2538 1294/2382/2538
f 1294/2382/2539 460/2298/2539 580/1779/2539
f 1294/2384/2540 600/1776/2541 1397/2386/2542
f 1397/2386/2542 600/1776/2541 675/2302/2543
f 461/2387/2544 673/2388/2544 1324/1421/2544
f 673/2388/2545 1177/2389/2545 1324/1421/2545
f 1178/2390/2546 460/2391/2546 1325/1422/2546
f 1325/1422/2547 460/2391/2547 601/1423/2547
f 461/2387/2548 1324/1421/2548 602/1420/2548
f 1394/2392/2549 1326/2393/2549 461/2394/2549
f 461/2395/2550 1326/2396/2550 579/2397/2550
f 1326/2393/2551 1394/2392/2552 603/1786/2553
f 603/1786/2553 1394/2392/2552 674/2293/2554
f 579/2397/2555 1326/2396/2555 411/2398/2555
f 603/1786/2556 638/1787/2556 1326/2393/2556
f 1326/2393/2557 638/1787/2557 1374/2399/2557
f 1374/2400/2558 411/2398/2558 1326/2396/2558
f 411/2401/2559 1374/2399/2559 643/2402/2559
f 604/1708/2560 441/2403/2560 437/2404/2560
f 441/2403/2561 604/1708/2561 605/1709/2561
f 441/2403/2562 605/1709/2562 582/2405/2562
f 582/2405/2563 605/1709/2563 647/2406/2563
f 647/2406/2564 605/1709/2564 1327/2407/2564
f 605/1709/2565 606/1672/2565 1327/2407/2565
f 1327/2407/2566 606/1672/2566 607/1521/2566
f 647/2406/2567 1327/2407/2567 433/2408/2567
f 433/2408/2568 1327/2407/2568 1111/2409/2568
f 1111/2409/2569 1327/2407/2569 1551/2410/2569
f 1327/2407/2570 607/1521/2570 1551/2410/2570
f 1551/2410/2571 607/1521/2571 1329/1520/2571
f 1551/2410/2572 1329/1520/2572 1328/2411/2572
f 1328/2411/2573 1329/1520/2573 608/1526/2573
f 1328/2411/2574 400/2412/2575 1551/2410/2576
f 1551/2410/2576 400/2412/2575 1111/2409/2577
f 400/2412/2578 1328/2411/2578 1168/2413/2578
f 1168/2413/2579 1328/2411/2579 1552/2414/2579
f 1331/1754/2580 1552/2414/2580 608/1526/2580
f 608/1526/2581 1552/2414/2581 1328/2411/2581
f 609/1436/2582 1330/2415/2582 1331/1754/2582
f 1331/1754/2583 1330/2415/2583 1552/2414/2583
f 1330/2415/2584 453/2416/2584 1552/2414/2584
f 1552/2414/2585 453/2416/2585 1168/2413/2585
f 1332/1434/2586 1553/2417/2586 609/2418/2586
f 609/1436/2587 1553/2419/2587 1330/2415/2587
f 1553/2417/2588 1332/1434/2588 610/1364/2588
f 610/1364/2589 391/2420/2589 1553/2417/2589
f 1553/2417/2590 391/2420/2590 453/2421/2590
f 1553/2417/2591 453/2421/2591 1330/2422/2591
f 17/1135/2592 1073/2423/2592 303/1136/2592
f 303/1136/2593 1073/2423/2593 1554/2424/2593
f 563/2425/2594 1269/2426/2594 1073/2423/2594
f 1073/2423/2595 1269/2426/2595 1554/2424/2595
f 391/2420/2596 610/1364/2596 1269/2426/2596
f 1269/2426/2597 610/1364/2597 1554/2424/2597
f 1554/2424/2598 610/1364/2598 1333/1363/2598
f 1333/1363/2599 303/1136/2599 1554/2424/2599
f 1555/2427/2600 1116/1927/2600 1335/1888/2600
f 1335/1888/2601 1116/1927/2601 482/1886/2601
f 1335/1888/2009 611/1395/2008 1555/2427/2602
f 1555/2427/2603 611/1395/2603 1334/2428/2603
f 1334/2428/2604 477/1825/2604 1555/2427/2604
f 1116/1927/2605 1555/2427/2605 412/1890/2605
f 412/1890/2606 1555/2427/2606 477/1825/2606
f 611/1395/2607 1336/1394/2607 1334/2428/2607
f 1334/2428/2608 1336/1394/2608 1556/2429/2608
f 1336/1394/2609 305/1393/2610 1556/2429/2611
f 1556/2429/2611 305/1393/2610 749/2430/2612
f 1556/2429/2613 749/2430/2613 1114/1827/2613
f 1114/1827/2614 749/2430/2614 51/1829/2614
f 1114/1827/2615 477/1825/2615 1556/2429/2615
f 1556/2429/2616 477/1825/2616 1334/2428/2616
f 1557/2431/2617 799/2432/2617 1081/1403/2617
f 1081/1403/2618 799/2432/2618 33/1405/2618
f 1338/2433/2619 1557/2431/2619 471/1404/2619
f 471/1404/2620 1557/2431/2620 1081/1403/2620
f 612/2434/2621 1157/2435/2621 1338/2433/2621
f 1338/2433/2622 1157/2435/2622 1557/2431/2622
f 1157/2435/2623 99/2436/2623 1557/2431/2623
f 1557/2431/2624 99/2436/2624 799/2432/2624
f 711/2437/2625 99/2436/2625 1558/2438/2625
f 1558/2438/2626 99/2436/2626 1157/2435/2626
f 1339/2439/2627 1558/2438/2627 612/2434/2627
f 612/2434/2628 1558/2438/2628 1157/2435/2628
f 1558/2440/2629 1339/2441/2629 1079/2442/2629
f 1079/2442/2630 1339/2441/2630 394/2443/2630
f 28/2444/2631 711/2445/2631 1079/2442/2631
f 1079/2442/2632 711/2445/2632 1558/2440/2632
f 1559/2446/2633 1226/2344/2633 1085/1549/2633
f 1085/1549/2634 1226/2344/2634 497/1554/2634
f 1085/1549/2635 397/2447/2635 1559/2446/2635
f 1559/2448/2636 397/1440/2636 1341/1438/2636
f 613/1444/2637 1340/2449/2637 1341/1438/2637
f 1341/2450/2638 1340/2451/2638 1559/2446/2638
f 1226/2344/2639 1559/2446/2639 498/2346/2639
f 498/2346/2640 1559/2446/2640 1340/2451/2640
f 498/2346/2641 1342/2452/2641 403/1445/2641
f 498/2346/2642 1340/2451/2642 1342/2452/2642
f 1340/2451/2643 613/2453/2643 1342/2452/2643
f 613/2453/2644 614/1384/2644 1342/2452/2644
f 448/1449/2645 1158/1446/2646 1161/2454/2647
f 1161/2454/2648 1158/1446/2648 1560/2455/2648
f 1342/2452/2649 1560/2455/2649 403/1445/2649
f 403/1445/2650 1560/2455/2650 1158/1446/2650
f 614/1384/2651 1343/1383/2652 1342/2452/2653
f 1342/2452/2653 1343/1383/2652 1560/2455/2654
f 1343/1383/2655 615/1386/2656 1560/2455/2657
f 1560/2455/2657 615/1386/2656 1161/2454/2658
f 404/2456/2659 1096/1743/2659 1344/2457/2659
f 1344/2457/2660 1096/1743/2661 1161/2454/2647
f 448/1449/2645 1161/2454/2647 1096/1743/2661
f 1161/2454/2662 615/1386/2662 616/1489/2662
f 1161/2454/2663 616/1489/2663 1344/2457/2663
f 1227/2458/2664 499/2459/2665 1561/2460/2666
f 1561/2460/2666 499/2459/2665 1104/2461/2667
f 1104/2461/2668 404/2456/2668 1561/2460/2668
f 1561/2460/2669 404/2456/2669 1344/2457/2669
f 617/1487/2670 1561/2460/2670 616/1489/2670
f 616/1489/2671 1561/2460/2671 1344/2457/2671
f 617/1487/2672 1227/2458/2672 1561/2460/2672
f 1123/2462/2673 420/2463/2673 1227/2458/2673
f 1227/2458/2674 420/2463/2674 499/2459/2674
f 618/1598/2675 1227/2458/2675 617/1487/2675
f 618/1598/2676 1123/2462/2676 1227/2458/2676
f 1233/2464/2677 503/2465/2677 1123/2462/2677
f 1123/2462/2678 503/2465/2678 420/2463/2678
f 1123/2462/2679 618/1598/2679 619/1597/2679
f 619/1597/2680 1233/2464/2680 1123/2462/2680
f 1071/2466/2681 445/1581/2681 1349/1751/2681
f 1087/2467/2682 1071/1732/2682 620/2468/2682
f 620/1533/2683 1071/2466/2683 1349/1751/2683
f 389/1731/2684 1071/1732/2684 1087/2467/2684
f 457/1505/2685 1107/1504/2685 1175/2469/2685
f 1175/2469/2686 1107/1504/2686 1562/2470/2686
f 1086/2471/2687 1562/2470/2687 390/1376/2687
f 390/1376/2688 1562/2470/2688 1107/1504/2688
f 1562/2470/2689 1086/2471/2689 1352/2472/2689
f 1352/2472/2690 1086/2471/2690 621/2473/2690
f 623/2474/2691 1175/2469/2691 1352/2472/2691
f 1352/2472/2692 1175/2469/2692 1562/2470/2692
f 435/1688/2693 457/1505/2693 1143/2475/2693
f 1143/2475/2694 457/1505/2694 1175/2469/2694
f 1354/2476/2695 1175/2469/2695 623/2474/2695
f 625/2477/2696 1143/2475/2696 1354/2476/2696
f 1354/2476/2697 1143/2475/2697 1175/2469/2697
f 584/1685/2698 435/1688/2698 1301/2478/2698
f 1301/2478/2699 435/1688/2699 1143/2475/2699
f 1301/2478/2700 1143/2475/2700 1357/2479/2700
f 1357/2479/2701 1143/2475/2701 625/2477/2701
f 627/2480/2702 1301/2478/2702 1357/2479/2702
f 1149/2481/2703 443/2482/2703 1563/2483/2703
f 1563/2484/2704 443/2485/2704 1298/2316/2704
f 1298/2316/2705 584/1685/2705 1563/2484/2705
f 1563/2484/2706 584/1685/2706 1301/2478/2706
f 1360/2486/2707 1563/2484/2707 627/2480/2707
f 627/2480/2708 1563/2484/2708 1301/2478/2708
f 629/2487/2709 1149/2481/2709 1360/2488/2709
f 1360/2488/2710 1149/2481/2710 1563/2483/2710
f 1148/2489/2711 1149/2481/2711 439/2490/2711
f 1149/2481/2712 1148/2489/2712 443/2482/2712
f 629/2487/2713 630/2491/2713 1149/2481/2713
f 1149/2481/2714 630/2491/2714 439/2490/2714
f 1295/2492/2715 581/1775/2716 409/1773/2717
f 409/1773/2717 1112/2493/2718 1295/2492/2715
f 1369/2494/2719 1295/2495/2720 632/2496/2721
f 632/2496/2721 1295/2495/2720 1112/2497/2722
f 1295/2498/2723 1369/2499/2723 634/2500/2723
f 1398/2501/2724 459/2502/2724 1295/2495/2724
f 1295/2495/2725 459/2502/2725 581/2503/2725
f 1372/2504/2726 1295/2495/2726 634/2505/2726
f 1398/2501/2727 1295/2495/2727 676/2506/2727
f 676/2506/2728 1295/2495/2728 1372/2504/2728
f 1144/1704/2729 638/1787/2729 1373/1785/2729
f 1144/1704/2730 1373/1785/2731 436/1705/2732
f 436/1705/2732 1373/1785/2731 639/2507/2733
f 604/1708/1785 638/1787/2734 1144/1704/1786
f 436/2508/2735 639/1782/2735 1564/2509/2735
f 1564/2509/2736 639/1782/2736 1364/2510/2736
f 1564/2511/2737 1364/1703/2737 1365/2512/2737
f 1365/2512/2738 1364/1703/2738 640/1702/2738
f 1365/2512/2739 631/1726/2739 1564/2511/2739
f 1564/2511/2740 631/1726/2740 1362/1724/2740
f 1564/2513/2741 1362/2514/2741 436/2515/2741
f 439/2490/2742 630/2491/2742 1146/2516/2742
f 1146/2516/2743 630/2491/2743 1366/2517/2743
f 1146/2516/2744 1366/2517/2744 1112/2497/2744
f 1112/2497/2745 1366/2517/2745 632/2496/2745
f 409/2518/2746 1146/2516/2746 1112/2497/2746
f 1321/1717/2747 1146/2519/2747 1110/1772/2747
f 1110/1772/2748 1146/2519/2748 409/1773/2748
f 599/1719/2749 1321/1717/2749 641/1777/2749
f 641/1777/2750 1321/1717/2750 1110/1772/2750
f 1321/1717/2751 439/1716/2751 1146/2519/2751
f 1322/2383/2752 599/1719/2752 641/1777/2752
f 438/2380/2753 599/1719/2753 642/2520/2753
f 642/2520/2754 599/1719/2754 1322/2383/2754
f 645/2521/2755 646/1699/2755 666/1700/2755
f 666/1700/2756 665/2522/2756 645/2521/2756
f 437/2404/2757 643/2402/2757 1374/2399/2757
f 604/1708/2758 1374/2399/2758 638/1787/2758
f 1374/2399/2759 604/1708/2759 437/2404/2759
f 665/2522/2760 663/1714/2760 645/2521/2760
f 645/2521/2761 663/1714/2761 1392/1711/2761
f 438/1710/2762 645/2521/2762 1392/1711/2762
f 643/2523/2763 437/2524/2763 644/2525/2763
f 438/1710/2764 646/1699/2764 645/2521/2764
f 642/1696/2765 646/1699/2765 438/1710/2765
f 1387/1678/2766 1384/1763/2766 648/1679/2766
f 657/1682/2767 1388/2526/2767 1387/1678/2767
f 1387/1678/2768 1388/2526/2768 1384/1763/2768
f 654/1765/2769 1384/1763/2769 1388/2526/2769
f 648/1679/2770 1384/1763/2770 434/1762/2770
f 1375/2527/2771 647/2406/2771 433/2408/2771
f 650/2338/2772 1378/2528/2772 1565/2529/2772
f 1377/2331/2773 649/2333/2773 1305/2530/2773
f 1305/2531/2774 649/2532/2774 586/2533/2774
f 1565/2529/2775 1306/2534/2775 650/2338/2775
f 650/2535/2776 1306/2536/2776 587/1664/2776
f 1303/2537/2777 649/2333/2777 1379/2334/2777
f 1303/2324/2778 1379/2538/2778 571/2252/2778
f 1303/2324/2779 586/1654/2779 649/2539/2779
f 650/2338/2780 1304/2540/2780 1380/2339/2780
f 587/1664/2781 1304/2340/2781 650/2535/2781
f 1380/2541/2782 1304/2340/2782 572/2266/2782
f 651/1517/2783 400/2542/2784 1171/1429/2785
f 1171/1429/2785 400/2542/2784 1168/2543/2786
f 453/1427/2787 1171/1429/2787 1168/2543/2787
f 1171/1429/2788 454/1432/2788 651/1517/2788
f 1141/2544/2789 433/2545/2789 1383/1516/2789
f 1383/1516/2790 433/2545/2790 1111/2546/2790
f 1383/1516/2791 1111/2546/2791 651/1517/2791
f 651/1517/2792 1111/2546/2792 400/2542/2792
f 653/1515/1628 1141/2544/2793 1383/1516/1629
f 1386/2547/2794 1141/2544/2794 653/1515/2794
f 655/2548/2795 1141/2544/2795 1386/2547/2795
f 647/2549/2796 1375/2550/2796 1376/2551/2796
f 1376/2551/2797 1375/2550/2797 1141/2544/2797
f 1141/2544/2798 1375/2550/2798 433/2545/2798
f 656/2552/2799 1376/2551/2799 655/2548/2799
f 655/2548/2800 1376/2551/2800 1141/2544/2800
f 647/2549/2801 1376/2551/2801 582/2553/2801
f 582/2553/2802 1376/2551/2802 1297/2554/2802
f 1297/2554/2803 1376/2551/2803 658/2555/2803
f 658/2555/2804 1376/2551/2804 656/2552/2804
f 441/2556/2805 582/2553/2805 1297/2554/2805
f 1391/2557/2806 1297/2554/2806 658/2555/2806
f 660/2558/2807 1297/2554/2807 1391/2557/2807
f 437/2559/2808 441/2556/2808 1145/2560/2808
f 1145/2560/2809 441/2556/2809 1297/2554/2809
f 1393/2561/2810 1145/2560/2810 660/2558/2810
f 660/2558/2811 1145/2560/2811 1297/2554/2811
f 662/2562/2812 1145/2560/2812 1393/2561/2812
f 644/2525/2813 437/2559/2813 1145/2560/2813
f 662/2562/2814 644/2525/2814 1145/2560/2814
f 664/2563/2815 644/2525/2815 662/2562/2815
f 664/2563/2816 667/2564/2816 644/2525/2816
f 644/2525/2817 667/2564/2817 643/2523/2817
f 667/2564/2818 668/2565/2818 643/2523/2818
f 643/2523/2819 668/2565/2819 411/2398/2819
f 668/2565/2820 670/2566/2820 411/2398/2820
f 411/2398/2821 670/2566/2821 579/2397/2821
f 579/2397/2822 1395/2567/2822 461/2395/2822
f 670/2566/2823 673/2568/2823 579/2397/2823
f 579/2397/2824 673/2568/2824 1395/2567/2824
f 461/2387/2825 602/1420/2826 1394/2569/2827
f 1394/2569/2827 602/1420/2826 674/2570/2828
f 461/2387/2829 1395/2571/2829 673/2388/2829
f 1396/2572/2830 460/2391/2830 1178/2390/2830
f 1178/2390/2831 672/2573/2831 1396/2572/2831
f 460/2391/2832 1397/2574/2833 601/1423/2834
f 601/1423/2834 1397/2574/2833 675/2575/2835
f 1180/1426/2836 459/1425/2836 1398/2576/2836
f 636/2577/2837 1180/1426/2837 676/2578/2837
f 676/2578/2838 1180/1426/2838 1398/2576/2838
f 637/1417/2839 677/2579/2839 1370/1415/2839
f 1102/1455/2840 679/2580/2840 405/1456/2840
f 678/2581/2841 1103/1454/2841 407/1453/2841
f 376/1381/2842 1399/1379/2842 1078/2582/2842
f 1399/1379/2843 680/1463/2843 1078/2582/2843
f 1066/2583/2844 1078/2584/2844 385/2585/2844
f 376/1381/2845 1078/2582/2845 4/2586/2845
f 4/2586/2846 1078/2582/2846 1066/2587/2846
f 1230/2588/2847 501/2589/2847 1078/2590/2847
f 1078/2590/2848 501/2589/2848 1098/2591/2848
f 1098/2591/2849 385/2592/2849 1078/2590/2849
f 680/1464/2850 681/1466/2850 1078/2590/2850
f 1078/2590/2851 681/1466/2851 1230/2588/2851
f 1126/2593/2852 422/2594/2852 1566/2595/2852
f 1566/2595/2853 422/2594/2853 501/2589/2853
f 1566/2595/2854 501/2589/2854 1230/2588/2854
f 1566/2595/2855 1230/2588/2855 681/1466/2855
f 682/1984/2856 1126/2593/2856 681/1466/2856
f 681/1466/2857 1126/2593/2857 1566/2595/2857
f 1236/2596/2858 505/2597/2858 1126/2598/2858
f 1126/2598/2859 505/2597/2859 422/2599/2859
f 683/1614/2860 1236/2596/2860 682/1613/2860
f 682/1613/2861 1236/2596/2861 1126/2598/2861
f 426/1635/2862 505/1602/2862 1131/2600/2862
f 1131/2600/2863 505/1602/2863 1236/2601/2863
f 684/1643/2864 1131/2602/2864 683/1997/2864
f 683/1997/2865 1131/2602/2865 1236/2603/2865
f 430/1665/2866 1131/2602/2866 685/1642/2866
f 430/1629/2867 426/1635/2867 1131/2600/2867
f 685/1642/1729 1131/2602/2868 684/1643/1730
f 424/2604/2869 503/2465/2869 686/1625/2869
f 686/1625/2870 503/2465/2870 1233/2464/2870
f 619/1597/2871 686/1625/2871 1233/2464/2871
f 686/1625/2872 1134/1653/2872 424/2604/2872
f 424/2604/2873 1134/1653/2873 428/1655/2873
f 1134/1653/2874 686/1625/1718 687/1624/1717
f 519/2239/2875 1253/2238/2875 1247/2605/2875
f 1253/2238/2876 589/2237/2876 1247/2605/2876
f 1247/2605/2877 589/2237/2877 520/2606/2877
